{"ts":"2026-06-03T22:02:24.261Z","message":"worker tick","reason":"once","openclaw":true}
{"ts":"2026-06-03T22:02:25.452Z","message":"aria health checked","bad":0}
{"ts":"2026-06-03T22:02:25.498Z","message":"lead scan complete","count":4,"newCount":4,"openclawUsed":0}
{"ts":"2026-06-03T22:03:05.299Z","message":"worker tick","reason":"once","openclaw":false}
{"ts":"2026-06-03T22:03:05.538Z","message":"aria health checked","bad":0}
{"ts":"2026-06-03T22:04:09.555Z","message":"worker tick","reason":"once","openclaw":false}
{"ts":"2026-06-03T22:04:09.767Z","message":"aria health checked","bad":0}
{"ts":"2026-06-03T22:04:10.055Z","message":"worker tick","reason":"daemon","openclaw":false}
{"ts":"2026-06-03T22:04:10.288Z","message":"aria health checked","bad":0}
{"ts":"2026-06-03T22:06:03.521Z","message":"worker tick","reason":"once","openclaw":true}
{"ts":"2026-06-03T22:06:03.824Z","message":"aria health checked","bad":0}
{"ts":"2026-06-03T22:06:17.644Z","message":"worker tick","reason":"daemon","openclaw":true}
{"ts":"2026-06-03T22:06:17.859Z","message":"aria health checked","bad":0}
{"ts":"2026-06-03T22:12:21.207Z","message":"worker tick","reason":"once","openclaw":true}
{"ts":"2026-06-03T22:12:21.400Z","message":"aria health checked","bad":0}
{"ts":"2026-06-03T22:12:23.690Z","message":"openclaw mission brief attempted","ok":false,"code":1}
{"ts":"2026-06-03T22:14:47.455Z","message":"worker tick","reason":"daemon","openclaw":true}
{"ts":"2026-06-03T22:14:47.735Z","message":"aria health checked","bad":0}
{"ts":"2026-06-03T22:19:36.766Z","message":"worker tick","reason":"daemon","openclaw":true}
{"ts":"2026-06-03T22:19:38.212Z","message":"aria health checked","bad":0}
{"ts":"2026-06-03T22:34:41.468Z","message":"worker tick","reason":"interval","openclaw":true}
{"ts":"2026-06-03T22:34:42.746Z","message":"aria health checked","bad":0}
{"ts":"2026-06-03T22:49:45.913Z","message":"worker tick","reason":"interval","openclaw":true}
{"ts":"2026-06-03T22:49:47.150Z","message":"aria health checked","bad":0}
{"ts":"2026-06-03T23:04:50.459Z","message":"worker tick","reason":"interval","openclaw":true}
{"ts":"2026-06-03T23:04:51.770Z","message":"aria health checked","bad":0}
{"ts":"2026-06-03T23:04:51.858Z","message":"lead scan complete","count":5,"newCount":1,"openclawUsed":0}
{"ts":"2026-06-03T23:19:55.181Z","message":"worker tick","reason":"interval","openclaw":true}
{"ts":"2026-06-03T23:19:56.408Z","message":"aria health checked","bad":0}
{"ts":"2026-06-03T23:34:59.851Z","message":"worker tick","reason":"interval","openclaw":true}
{"ts":"2026-06-03T23:35:01.005Z","message":"aria health checked","bad":0}
{"ts":"2026-06-03T23:50:04.416Z","message":"worker tick","reason":"interval","openclaw":true}
{"ts":"2026-06-03T23:50:05.578Z","message":"aria health checked","bad":0}
{"ts":"2026-06-04T00:05:09.044Z","message":"worker tick","reason":"interval","openclaw":true}
{"ts":"2026-06-04T00:05:10.197Z","message":"aria health checked","bad":0}
{"ts":"2026-06-04T00:05:10.300Z","message":"lead scan complete","count":5,"newCount":0,"openclawUsed":0}
{"ts":"2026-06-04T00:20:13.776Z","message":"worker tick","reason":"interval","openclaw":true}
{"ts":"2026-06-04T00:20:14.888Z","message":"aria health checked","bad":0}
{"ts":"2026-06-04T00:20:17.265Z","message":"openclaw mission brief attempted","ok":false,"code":1}
{"ts":"2026-06-04T00:35:20.768Z","message":"worker tick","reason":"interval","openclaw":true}
{"ts":"2026-06-04T00:35:21.934Z","message":"aria health checked","bad":0}
{"ts":"2026-06-04T00:50:25.528Z","message":"worker tick","reason":"interval","openclaw":true}
{"ts":"2026-06-04T00:50:26.744Z","message":"aria health checked","bad":0}
{"ts":"2026-06-04T01:05:30.215Z","message":"worker tick","reason":"interval","openclaw":true}
{"ts":"2026-06-04T01:05:31.392Z","message":"aria health checked","bad":0}
{"ts":"2026-06-04T01:05:31.480Z","message":"lead scan complete","count":5,"newCount":0,"openclawUsed":0}
{"ts":"2026-06-04T01:20:34.695Z","message":"worker tick","reason":"interval","openclaw":true}
{"ts":"2026-06-04T01:20:35.924Z","message":"aria health checked","bad":0}
{"ts":"2026-06-04T01:35:39.348Z","message":"worker tick","reason":"interval","openclaw":true}
{"ts":"2026-06-04T01:35:40.492Z","message":"aria health checked","bad":0}
{"ts":"2026-06-04T01:50:43.724Z","message":"worker tick","reason":"interval","openclaw":true}
{"ts":"2026-06-04T01:50:44.930Z","message":"aria health checked","bad":0}
{"ts":"2026-06-04T02:05:48.485Z","message":"worker tick","reason":"interval","openclaw":true}
{"ts":"2026-06-04T02:05:49.643Z","message":"aria health checked","bad":0}
{"ts":"2026-06-04T02:05:49.732Z","message":"lead scan complete","count":5,"newCount":0,"openclawUsed":0}
{"ts":"2026-06-04T02:14:38.304Z","message":"another worker is already running","pid":37920}
{"ts":"2026-06-04T02:14:50.933Z","message":"worker tick","reason":"once","openclaw":false}
{"ts":"2026-06-04T02:14:51.236Z","message":"aria health checked","bad":0}
{"ts":"2026-06-04T02:14:51.277Z","message":"operating board updated","file":"C:\\Users\\Ahmad Wasee\\Documents\\GitHub\\ARIA — Real-Time AI Assistant\\iisupp-net-deploy\\senior-director-state\\director-operating-board.md"}
{"ts":"2026-06-04T02:15:04.629Z","message":"worker tick","reason":"daemon","openclaw":false}
{"ts":"2026-06-04T02:15:05.280Z","message":"aria health checked","bad":0}
{"ts":"2026-06-04T02:16:47.852Z","message":"worker tick","reason":"once","openclaw":true}
{"ts":"2026-06-04T02:16:48.042Z","message":"aria health checked","bad":0}
{"ts":"2026-06-04T02:16:51.641Z","message":"worker tick","reason":"daemon","openclaw":true}
{"ts":"2026-06-04T02:16:51.924Z","message":"aria health checked","bad":0}
{"ts":"2026-06-04T02:17:17.817Z","message":"worker tick","reason":"once","openclaw":true}
{"ts":"2026-06-04T02:17:18.044Z","message":"aria health checked","bad":0}
{"ts":"2026-06-04T02:17:18.085Z","message":"operating board updated","file":"C:\\Users\\Ahmad Wasee\\Documents\\GitHub\\ARIA — Real-Time AI Assistant\\iisupp-net-deploy\\senior-director-state\\director-operating-board.md"}
{"ts":"2026-06-04T02:17:21.765Z","message":"worker tick","reason":"daemon","openclaw":true}
{"ts":"2026-06-04T02:17:21.957Z","message":"aria health checked","bad":0}
{"ts":"2026-06-04T02:32:25.356Z","message":"worker tick","reason":"interval","openclaw":true}
{"ts":"2026-06-04T02:32:26.576Z","message":"aria health checked","bad":0}
{"ts":"2026-06-04T02:32:28.833Z","message":"openclaw mission brief attempted","ok":false,"code":1}
{"ts":"2026-06-04T02:47:24.570Z","message":"worker tick","reason":"once","openclaw":true}
{"ts":"2026-06-04T02:47:24.835Z","message":"aria health checked","bad":0}
{"ts":"2026-06-04T02:47:24.875Z","message":"operating board updated","file":"C:\\Users\\Ahmad Wasee\\Documents\\GitHub\\ARIA — Real-Time AI Assistant\\iisupp-net-deploy\\senior-director-state\\director-operating-board.md"}
{"ts":"2026-06-04T02:47:28.390Z","message":"worker tick","reason":"daemon","openclaw":true}
{"ts":"2026-06-04T02:47:29.696Z","message":"aria health checked","bad":0}
{"ts":"2026-06-04T02:48:53.079Z","message":"worker tick","reason":"once","openclaw":true}
{"ts":"2026-06-04T02:48:53.285Z","message":"aria health checked","bad":0}
{"ts":"2026-06-04T02:48:53.347Z","message":"operating board updated","file":"C:\\Users\\Ahmad Wasee\\Documents\\GitHub\\ARIA — Real-Time AI Assistant\\iisupp-net-deploy\\senior-director-state\\director-operating-board.md"}
{"ts":"2026-06-04T02:48:56.862Z","message":"worker tick","reason":"daemon","openclaw":true}
{"ts":"2026-06-04T02:48:57.058Z","message":"aria health checked","bad":0}
{"ts":"2026-06-04T02:49:59.504Z","message":"worker tick","reason":"once","openclaw":true}
{"ts":"2026-06-04T02:49:59.817Z","message":"aria health checked","bad":0}
{"ts":"2026-06-04T02:49:59.858Z","message":"operating board updated","file":"C:\\Users\\Ahmad Wasee\\Documents\\GitHub\\ARIA — Real-Time AI Assistant\\iisupp-net-deploy\\senior-director-state\\director-operating-board.md"}
{"ts":"2026-06-04T02:50:03.409Z","message":"worker tick","reason":"daemon","openclaw":true}
{"ts":"2026-06-04T02:50:03.633Z","message":"aria health checked","bad":0}
{"ts":"2026-06-04T03:05:06.914Z","message":"worker tick","reason":"interval","openclaw":true}
{"ts":"2026-06-04T03:05:08.157Z","message":"aria health checked","bad":0}
{"ts":"2026-06-04T03:20:11.436Z","message":"worker tick","reason":"interval","openclaw":true}
{"ts":"2026-06-04T03:20:12.637Z","message":"aria health checked","bad":0}
{"ts":"2026-06-04T03:20:12.729Z","message":"lead scan complete","count":5,"newCount":0,"openclawUsed":0}
{"ts":"2026-06-04T03:20:12.766Z","message":"operating board updated","file":"C:\\Users\\Ahmad Wasee\\Documents\\GitHub\\ARIA — Real-Time AI Assistant\\iisupp-net-deploy\\senior-director-state\\director-operating-board.md"}
{"ts":"2026-06-04T03:35:16.034Z","message":"worker tick","reason":"interval","openclaw":true}
{"ts":"2026-06-04T03:35:17.307Z","message":"aria health checked","bad":0}
{"ts":"2026-06-04T03:50:20.698Z","message":"worker tick","reason":"interval","openclaw":true}
{"ts":"2026-06-04T03:50:21.967Z","message":"aria health checked","bad":0}
{"ts":"2026-06-04T03:50:22.030Z","message":"operating board updated","file":"C:\\Users\\Ahmad Wasee\\Documents\\GitHub\\ARIA — Real-Time AI Assistant\\iisupp-net-deploy\\senior-director-state\\director-operating-board.md"}
{"ts":"2026-06-04T04:05:25.630Z","message":"worker tick","reason":"interval","openclaw":true}
{"ts":"2026-06-04T04:05:26.774Z","message":"aria health checked","bad":0}
{"ts":"2026-06-04T04:20:30.069Z","message":"worker tick","reason":"interval","openclaw":true}
{"ts":"2026-06-04T04:20:31.237Z","message":"aria health checked","bad":0}
{"ts":"2026-06-04T04:20:31.363Z","message":"lead scan complete","count":5,"newCount":0,"openclawUsed":0}
{"ts":"2026-06-04T04:20:31.401Z","message":"operating board updated","file":"C:\\Users\\Ahmad Wasee\\Documents\\GitHub\\ARIA — Real-Time AI Assistant\\iisupp-net-deploy\\senior-director-state\\director-operating-board.md"}
{"ts":"2026-06-04T04:35:34.641Z","message":"worker tick","reason":"interval","openclaw":true}
{"ts":"2026-06-04T04:35:35.775Z","message":"aria health checked","bad":0}
{"ts":"2026-06-04T04:35:38.051Z","message":"openclaw mission brief attempted","ok":false,"code":1}
{"ts":"2026-06-04T04:50:41.484Z","message":"worker tick","reason":"interval","openclaw":true}
{"ts":"2026-06-04T04:50:42.634Z","message":"aria health checked","bad":0}
{"ts":"2026-06-04T04:50:42.672Z","message":"operating board updated","file":"C:\\Users\\Ahmad Wasee\\Documents\\GitHub\\ARIA — Real-Time AI Assistant\\iisupp-net-deploy\\senior-director-state\\director-operating-board.md"}
{"ts":"2026-06-04T05:05:46.233Z","message":"worker tick","reason":"interval","openclaw":true}
{"ts":"2026-06-04T05:05:47.485Z","message":"aria health checked","bad":0}
{"ts":"2026-06-04T05:20:51.060Z","message":"worker tick","reason":"interval","openclaw":true}
{"ts":"2026-06-04T05:20:52.233Z","message":"aria health checked","bad":0}
{"ts":"2026-06-04T05:20:52.323Z","message":"lead scan complete","count":5,"newCount":0,"openclawUsed":0}
{"ts":"2026-06-04T05:20:52.360Z","message":"operating board updated","file":"C:\\Users\\Ahmad Wasee\\Documents\\GitHub\\ARIA — Real-Time AI Assistant\\iisupp-net-deploy\\senior-director-state\\director-operating-board.md"}
{"ts":"2026-06-04T05:35:55.920Z","message":"worker tick","reason":"interval","openclaw":true}
{"ts":"2026-06-04T05:35:57.220Z","message":"aria health checked","bad":0}
{"ts":"2026-06-04T05:51:00.911Z","message":"worker tick","reason":"interval","openclaw":true}
{"ts":"2026-06-04T05:51:02.069Z","message":"aria health checked","bad":0}
{"ts":"2026-06-04T05:51:02.107Z","message":"operating board updated","file":"C:\\Users\\Ahmad Wasee\\Documents\\GitHub\\ARIA — Real-Time AI Assistant\\iisupp-net-deploy\\senior-director-state\\director-operating-board.md"}
{"ts":"2026-06-04T06:06:05.620Z","message":"worker tick","reason":"interval","openclaw":true}
{"ts":"2026-06-04T06:06:06.749Z","message":"aria health checked","bad":0}
{"ts":"2026-06-04T06:21:10.070Z","message":"worker tick","reason":"interval","openclaw":true}
{"ts":"2026-06-04T06:21:11.328Z","message":"aria health checked","bad":0}
{"ts":"2026-06-04T06:21:11.417Z","message":"lead scan complete","count":5,"newCount":0,"openclawUsed":0}
{"ts":"2026-06-04T06:21:11.454Z","message":"operating board updated","file":"C:\\Users\\Ahmad Wasee\\Documents\\GitHub\\ARIA — Real-Time AI Assistant\\iisupp-net-deploy\\senior-director-state\\director-operating-board.md"}
{"ts":"2026-06-04T06:36:14.830Z","message":"worker tick","reason":"interval","openclaw":true}
{"ts":"2026-06-04T06:36:16.012Z","message":"aria health checked","bad":0}
{"ts":"2026-06-04T06:36:18.423Z","message":"openclaw mission brief attempted","ok":false,"code":1}
{"ts":"2026-06-04T06:51:22.118Z","message":"worker tick","reason":"interval","openclaw":true}
{"ts":"2026-06-04T06:51:23.262Z","message":"aria health checked","bad":0}
{"ts":"2026-06-04T06:51:23.300Z","message":"operating board updated","file":"C:\\Users\\Ahmad Wasee\\Documents\\GitHub\\ARIA — Real-Time AI Assistant\\iisupp-net-deploy\\senior-director-state\\director-operating-board.md"}
{"ts":"2026-06-04T10:29:45.033Z","message":"worker tick","reason":"daemon","openclaw":true}
{"ts":"2026-06-04T10:29:46.408Z","message":"aria health checked","bad":0}
{"ts":"2026-06-04T10:29:46.526Z","message":"lead scan complete","count":2,"newCount":2,"openclawUsed":0}
{"ts":"2026-06-04T10:29:46.575Z","message":"operating board updated","file":"C:\\Users\\Ahmad Wasee\\Documents\\GitHub\\ARIA — Real-Time AI Assistant\\iisupp-net-deploy\\senior-director-state\\director-operating-board.md"}
{"ts":"2026-06-04T10:29:49.446Z","message":"openclaw mission brief attempted","ok":false,"code":1}
{"ts":"2026-06-04T10:44:52.399Z","message":"worker tick","reason":"interval","openclaw":true}
{"ts":"2026-06-04T10:44:53.659Z","message":"aria health checked","bad":0}
{"ts":"2026-06-04T13:45:05.799Z","message":"worker tick","reason":"interval","openclaw":false}
{"ts":"2026-06-04T13:45:07.060Z","message":"aria health checked","bad":0}
{"ts":"2026-06-04T13:45:07.108Z","message":"lead scan complete","count":3,"newCount":1,"openclawUsed":0}
{"ts":"2026-06-04T13:45:07.152Z","message":"operating board updated","file":"C:\\Users\\Ahmad Wasee\\Documents\\GitHub\\ARIA — Real-Time AI Assistant\\iisupp-net-deploy\\senior-director-state\\director-operating-board.md"}
{"ts":"2026-06-04T14:00:10.638Z","message":"worker tick","reason":"interval","openclaw":true}
{"ts":"2026-06-04T14:00:11.898Z","message":"aria health checked","bad":0}
{"ts":"2026-06-04T14:15:15.168Z","message":"worker tick","reason":"interval","openclaw":true}
{"ts":"2026-06-04T14:15:15.921Z","message":"aria health checked","bad":0}
{"ts":"2026-06-04T14:15:15.956Z","message":"operating board updated","file":"C:\\Users\\Ahmad Wasee\\Documents\\GitHub\\ARIA — Real-Time AI Assistant\\iisupp-net-deploy\\senior-director-state\\director-operating-board.md"}
{"ts":"2026-06-04T14:30:19.177Z","message":"worker tick","reason":"interval","openclaw":true}
{"ts":"2026-06-04T14:30:20.331Z","message":"aria health checked","bad":0}
{"ts":"2026-06-04T14:45:23.569Z","message":"worker tick","reason":"interval","openclaw":true}
{"ts":"2026-06-04T14:45:24.767Z","message":"aria health checked","bad":0}
{"ts":"2026-06-04T14:45:24.802Z","message":"lead scan complete","count":6,"newCount":3,"openclawUsed":0}
{"ts":"2026-06-04T14:45:24.860Z","message":"operating board updated","file":"C:\\Users\\Ahmad Wasee\\Documents\\GitHub\\ARIA — Real-Time AI Assistant\\iisupp-net-deploy\\senior-director-state\\director-operating-board.md"}
{"ts":"2026-06-04T15:00:28.079Z","message":"worker tick","reason":"interval","openclaw":true}
{"ts":"2026-06-04T15:00:29.584Z","message":"aria health checked","bad":0}
{"ts":"2026-06-04T15:15:33.023Z","message":"worker tick","reason":"interval","openclaw":true}
{"ts":"2026-06-04T15:15:34.414Z","message":"aria health checked","bad":0}
{"ts":"2026-06-04T15:15:34.451Z","message":"operating board updated","file":"C:\\Users\\Ahmad Wasee\\Documents\\GitHub\\ARIA — Real-Time AI Assistant\\iisupp-net-deploy\\senior-director-state\\director-operating-board.md"}
{"ts":"2026-06-04T15:30:37.710Z","message":"worker tick","reason":"interval","openclaw":true}
{"ts":"2026-06-04T15:30:38.890Z","message":"aria health checked","bad":0}
{"ts":"2026-06-04T15:45:42.070Z","message":"worker tick","reason":"interval","openclaw":true}
{"ts":"2026-06-04T15:45:43.481Z","message":"aria health checked","bad":0}
{"ts":"2026-06-04T15:45:43.519Z","message":"lead scan complete","count":6,"newCount":0,"openclawUsed":0}
{"ts":"2026-06-04T15:45:43.553Z","message":"operating board updated","file":"C:\\Users\\Ahmad Wasee\\Documents\\GitHub\\ARIA — Real-Time AI Assistant\\iisupp-net-deploy\\senior-director-state\\director-operating-board.md"}
{"ts":"2026-06-04T15:45:45.717Z","message":"openclaw mission brief attempted","ok":false,"code":1}
{"ts":"2026-06-04T16:00:49.124Z","message":"worker tick","reason":"interval","openclaw":true}
{"ts":"2026-06-04T16:00:50.483Z","message":"aria health checked","bad":0}
{"ts":"2026-06-04T16:15:54.248Z","message":"worker tick","reason":"interval","openclaw":true}
{"ts":"2026-06-04T16:15:55.486Z","message":"aria health checked","bad":0}
{"ts":"2026-06-04T16:15:55.522Z","message":"operating board updated","file":"C:\\Users\\Ahmad Wasee\\Documents\\GitHub\\ARIA — Real-Time AI Assistant\\iisupp-net-deploy\\senior-director-state\\director-operating-board.md"}
{"ts":"2026-06-04T16:30:58.765Z","message":"worker tick","reason":"interval","openclaw":true}
{"ts":"2026-06-04T16:31:00.069Z","message":"aria health checked","bad":0}
{"ts":"2026-06-04T16:46:03.434Z","message":"worker tick","reason":"interval","openclaw":true}
{"ts":"2026-06-04T16:46:04.682Z","message":"aria health checked","bad":0}
{"ts":"2026-06-04T16:46:10.812Z","message":"openclaw lead brief attempted","ok":false,"lead":"Turning Urban Data into Real-Time Insight through AI","code":1}
{"ts":"2026-06-04T16:46:10.824Z","message":"lead scan complete","count":9,"newCount":4,"openclawUsed":1}
{"ts":"2026-06-04T16:46:10.862Z","message":"operating board updated","file":"C:\\Users\\Ahmad Wasee\\Documents\\GitHub\\ARIA — Real-Time AI Assistant\\iisupp-net-deploy\\senior-director-state\\director-operating-board.md"}
{"ts":"2026-06-04T16:48:36.921Z","message":"mcp registry scan complete","count":100,"recommended":12}
{"ts":"2026-06-04T16:50:07.691Z","message":"worker fatal","error":"ReferenceError: entries is not defined\n    at scanMcpRegistry (file:///C:/Users/Ahmad%20Wasee/Documents/GitHub/ARIA%20%E2%80%94%20Real-Time%20AI%20Assistant/iisupp-net-deploy/scripts/senior-director-worker.mjs:664:52)\n    at async main (file:///C:/Users/Ahmad%20Wasee/Documents/GitHub/ARIA%20%E2%80%94%20Real-Time%20AI%20Assistant/iisupp-net-deploy/scripts/senior-director-worker.mjs:1032:5)"}
{"ts":"2026-06-04T16:50:33.124Z","message":"mcp registry scan complete","count":402,"unique":192,"recommended":12}
{"ts":"2026-06-04T16:51:28.731Z","message":"worker tick","reason":"once","openclaw":true}
{"ts":"2026-06-04T16:51:28.948Z","message":"aria health checked","bad":0}
{"ts":"2026-06-04T16:51:31.721Z","message":"mcp registry scan complete","count":402,"unique":192,"recommended":12}
{"ts":"2026-06-04T16:51:54.052Z","message":"worker tick","reason":"once","openclaw":true}
{"ts":"2026-06-04T16:51:54.268Z","message":"aria health checked","bad":0}
{"ts":"2026-06-04T16:52:21.786Z","message":"worker tick","reason":"daemon","openclaw":true}
{"ts":"2026-06-04T16:52:22.031Z","message":"aria health checked","bad":0}
{"ts":"2026-06-04T16:54:17.708Z","message":"worker tick","reason":"daemon","openclaw":true}
{"ts":"2026-06-04T16:54:17.911Z","message":"aria health checked","bad":0}
{"ts":"2026-06-04T17:09:21.227Z","message":"worker tick","reason":"interval","openclaw":true}
{"ts":"2026-06-04T17:09:22.465Z","message":"aria health checked","bad":0}
{"ts":"2026-06-04T17:24:25.755Z","message":"worker tick","reason":"interval","openclaw":true}
{"ts":"2026-06-04T17:24:26.961Z","message":"aria health checked","bad":0}
{"ts":"2026-06-04T17:24:26.997Z","message":"operating board updated","file":"C:\\Users\\Ahmad Wasee\\Documents\\GitHub\\ARIA — Real-Time AI Assistant\\iisupp-net-deploy\\senior-director-state\\director-operating-board.md"}
{"ts":"2026-06-04T17:39:30.355Z","message":"worker tick","reason":"interval","openclaw":true}
{"ts":"2026-06-04T17:39:31.591Z","message":"aria health checked","bad":0}
{"ts":"2026-06-04T17:54:35.197Z","message":"worker tick","reason":"interval","openclaw":true}
{"ts":"2026-06-04T17:54:36.523Z","message":"aria health checked","bad":0}
{"ts":"2026-06-04T17:54:36.559Z","message":"lead scan complete","count":9,"newCount":0,"openclawUsed":0}
{"ts":"2026-06-04T17:54:36.595Z","message":"operating board updated","file":"C:\\Users\\Ahmad Wasee\\Documents\\GitHub\\ARIA — Real-Time AI Assistant\\iisupp-net-deploy\\senior-director-state\\director-operating-board.md"}
{"ts":"2026-06-04T17:54:38.959Z","message":"openclaw mission brief attempted","ok":false,"code":1}
{"ts":"2026-06-04T18:09:42.304Z","message":"worker tick","reason":"interval","openclaw":true}
{"ts":"2026-06-04T18:09:43.490Z","message":"aria health checked","bad":0}
{"ts":"2026-06-04T18:24:46.703Z","message":"worker tick","reason":"interval","openclaw":true}
{"ts":"2026-06-04T18:24:47.956Z","message":"aria health checked","bad":0}
{"ts":"2026-06-04T18:24:48.021Z","message":"operating board updated","file":"C:\\Users\\Ahmad Wasee\\Documents\\GitHub\\ARIA — Real-Time AI Assistant\\iisupp-net-deploy\\senior-director-state\\director-operating-board.md"}
{"ts":"2026-06-04T18:39:51.198Z","message":"worker tick","reason":"interval","openclaw":true}
{"ts":"2026-06-04T18:39:52.418Z","message":"aria health checked","bad":0}
{"ts":"2026-06-04T18:54:55.609Z","message":"worker tick","reason":"interval","openclaw":true}
{"ts":"2026-06-04T18:54:56.889Z","message":"aria health checked","bad":0}
{"ts":"2026-06-04T18:54:56.987Z","message":"lead scan complete","count":13,"newCount":4,"openclawUsed":0}
{"ts":"2026-06-04T18:54:57.020Z","message":"operating board updated","file":"C:\\Users\\Ahmad Wasee\\Documents\\GitHub\\ARIA — Real-Time AI Assistant\\iisupp-net-deploy\\senior-director-state\\director-operating-board.md"}
{"ts":"2026-06-04T19:10:00.350Z","message":"worker tick","reason":"interval","openclaw":true}
{"ts":"2026-06-04T19:10:01.908Z","message":"aria health checked","bad":0}
{"ts":"2026-06-04T19:25:05.239Z","message":"worker tick","reason":"interval","openclaw":true}
{"ts":"2026-06-04T19:25:06.478Z","message":"aria health checked","bad":0}
{"ts":"2026-06-04T19:25:06.514Z","message":"operating board updated","file":"C:\\Users\\Ahmad Wasee\\Documents\\GitHub\\ARIA — Real-Time AI Assistant\\iisupp-net-deploy\\senior-director-state\\director-operating-board.md"}
{"ts":"2026-06-04T19:40:09.884Z","message":"worker tick","reason":"interval","openclaw":true}
{"ts":"2026-06-04T19:40:11.103Z","message":"aria health checked","bad":0}
{"ts":"2026-06-04T19:55:14.298Z","message":"worker tick","reason":"interval","openclaw":true}
{"ts":"2026-06-04T19:55:15.483Z","message":"aria health checked","bad":0}
{"ts":"2026-06-04T19:55:15.574Z","message":"lead scan complete","count":13,"newCount":0,"openclawUsed":0}
{"ts":"2026-06-04T19:55:15.619Z","message":"operating board updated","file":"C:\\Users\\Ahmad Wasee\\Documents\\GitHub\\ARIA — Real-Time AI Assistant\\iisupp-net-deploy\\senior-director-state\\director-operating-board.md"}
{"ts":"2026-06-04T19:55:17.709Z","message":"openclaw mission brief attempted","ok":false,"code":1}
{"ts":"2026-06-04T20:10:21.035Z","message":"worker tick","reason":"interval","openclaw":true}
{"ts":"2026-06-04T20:10:22.319Z","message":"aria health checked","bad":0}
{"ts":"2026-06-04T20:25:25.560Z","message":"worker tick","reason":"interval","openclaw":true}
{"ts":"2026-06-04T20:25:26.860Z","message":"aria health checked","bad":0}
{"ts":"2026-06-04T20:25:26.931Z","message":"operating board updated","file":"C:\\Users\\Ahmad Wasee\\Documents\\GitHub\\ARIA — Real-Time AI Assistant\\iisupp-net-deploy\\senior-director-state\\director-operating-board.md"}
{"ts":"2026-06-04T20:40:30.149Z","message":"worker tick","reason":"interval","openclaw":true}
{"ts":"2026-06-04T20:40:31.445Z","message":"aria health checked","bad":0}
{"ts":"2026-06-04T20:55:34.723Z","message":"worker tick","reason":"interval","openclaw":true}
{"ts":"2026-06-04T20:55:36.040Z","message":"aria health checked","bad":0}
{"ts":"2026-06-04T20:55:36.133Z","message":"lead scan complete","count":17,"newCount":4,"openclawUsed":0}
{"ts":"2026-06-04T20:55:36.206Z","message":"operating board updated","file":"C:\\Users\\Ahmad Wasee\\Documents\\GitHub\\ARIA — Real-Time AI Assistant\\iisupp-net-deploy\\senior-director-state\\director-operating-board.md"}
{"ts":"2026-06-04T21:10:39.439Z","message":"worker tick","reason":"interval","openclaw":true}
{"ts":"2026-06-04T21:10:40.779Z","message":"aria health checked","bad":0}
{"ts":"2026-06-04T21:25:44.356Z","message":"worker tick","reason":"interval","openclaw":true}
{"ts":"2026-06-04T21:25:45.676Z","message":"aria health checked","bad":0}
{"ts":"2026-06-04T21:25:45.712Z","message":"operating board updated","file":"C:\\Users\\Ahmad Wasee\\Documents\\GitHub\\ARIA — Real-Time AI Assistant\\iisupp-net-deploy\\senior-director-state\\director-operating-board.md"}
{"ts":"2026-06-04T21:40:48.901Z","message":"worker tick","reason":"interval","openclaw":true}
{"ts":"2026-06-04T21:40:50.211Z","message":"aria health checked","bad":0}
{"ts":"2026-06-04T21:55:53.487Z","message":"worker tick","reason":"interval","openclaw":true}
{"ts":"2026-06-04T21:55:54.640Z","message":"aria health checked","bad":0}
{"ts":"2026-06-04T21:55:54.731Z","message":"lead scan complete","count":17,"newCount":0,"openclawUsed":0}
{"ts":"2026-06-04T21:55:54.807Z","message":"operating board updated","file":"C:\\Users\\Ahmad Wasee\\Documents\\GitHub\\ARIA — Real-Time AI Assistant\\iisupp-net-deploy\\senior-director-state\\director-operating-board.md"}
{"ts":"2026-06-04T21:55:56.999Z","message":"openclaw mission brief attempted","ok":false,"code":1}
{"ts":"2026-06-04T22:11:00.445Z","message":"worker tick","reason":"interval","openclaw":true}
{"ts":"2026-06-04T22:11:01.838Z","message":"aria health checked","bad":0}
{"ts":"2026-06-04T22:26:05.182Z","message":"worker tick","reason":"interval","openclaw":true}
{"ts":"2026-06-04T22:26:06.761Z","message":"aria health checked","bad":0}
{"ts":"2026-06-04T22:26:06.800Z","message":"operating board updated","file":"C:\\Users\\Ahmad Wasee\\Documents\\GitHub\\ARIA — Real-Time AI Assistant\\iisupp-net-deploy\\senior-director-state\\director-operating-board.md"}
{"ts":"2026-06-04T22:41:10.037Z","message":"worker tick","reason":"interval","openclaw":true}
{"ts":"2026-06-04T22:41:11.395Z","message":"aria health checked","bad":0}
{"ts":"2026-06-04T22:56:14.691Z","message":"worker tick","reason":"interval","openclaw":true}
{"ts":"2026-06-04T22:56:15.919Z","message":"aria health checked","bad":0}
{"ts":"2026-06-04T22:56:16.004Z","message":"lead scan complete","count":18,"newCount":2,"openclawUsed":0}
{"ts":"2026-06-04T22:56:16.037Z","message":"operating board updated","file":"C:\\Users\\Ahmad Wasee\\Documents\\GitHub\\ARIA — Real-Time AI Assistant\\iisupp-net-deploy\\senior-director-state\\director-operating-board.md"}
{"ts":"2026-06-04T23:11:19.253Z","message":"worker tick","reason":"interval","openclaw":true}
{"ts":"2026-06-04T23:11:20.521Z","message":"aria health checked","bad":0}
{"ts":"2026-06-04T23:26:23.811Z","message":"worker tick","reason":"interval","openclaw":true}
{"ts":"2026-06-04T23:26:25.062Z","message":"aria health checked","bad":0}
{"ts":"2026-06-04T23:26:25.098Z","message":"operating board updated","file":"C:\\Users\\Ahmad Wasee\\Documents\\GitHub\\ARIA — Real-Time AI Assistant\\iisupp-net-deploy\\senior-director-state\\director-operating-board.md"}
{"ts":"2026-06-04T23:41:28.562Z","message":"worker tick","reason":"interval","openclaw":true}
{"ts":"2026-06-04T23:41:30.000Z","message":"aria health checked","bad":0}
{"ts":"2026-06-04T23:56:33.326Z","message":"worker tick","reason":"interval","openclaw":true}
{"ts":"2026-06-04T23:56:34.567Z","message":"aria health checked","bad":0}
{"ts":"2026-06-04T23:56:34.635Z","message":"lead scan complete","count":18,"newCount":0,"openclawUsed":0}
{"ts":"2026-06-04T23:56:34.710Z","message":"operating board updated","file":"C:\\Users\\Ahmad Wasee\\Documents\\GitHub\\ARIA — Real-Time AI Assistant\\iisupp-net-deploy\\senior-director-state\\director-operating-board.md"}
{"ts":"2026-06-04T23:56:37.025Z","message":"openclaw mission brief attempted","ok":false,"code":1}
{"ts":"2026-06-05T00:11:40.325Z","message":"worker tick","reason":"interval","openclaw":true}
{"ts":"2026-06-05T00:11:41.510Z","message":"aria health checked","bad":0}
{"ts":"2026-06-05T00:26:44.837Z","message":"worker tick","reason":"interval","openclaw":true}
{"ts":"2026-06-05T00:26:46.124Z","message":"aria health checked","bad":0}
{"ts":"2026-06-05T00:26:46.161Z","message":"operating board updated","file":"C:\\Users\\Ahmad Wasee\\Documents\\GitHub\\ARIA — Real-Time AI Assistant\\iisupp-net-deploy\\senior-director-state\\director-operating-board.md"}
{"ts":"2026-06-05T00:41:49.546Z","message":"worker tick","reason":"interval","openclaw":true}
{"ts":"2026-06-05T00:41:50.835Z","message":"aria health checked","bad":0}
{"ts":"2026-06-05T00:56:54.281Z","message":"worker tick","reason":"interval","openclaw":true}
{"ts":"2026-06-05T00:56:55.489Z","message":"aria health checked","bad":0}
{"ts":"2026-06-05T00:56:55.590Z","message":"lead scan complete","count":18,"newCount":0,"openclawUsed":0}
{"ts":"2026-06-05T00:56:55.624Z","message":"operating board updated","file":"C:\\Users\\Ahmad Wasee\\Documents\\GitHub\\ARIA — Real-Time AI Assistant\\iisupp-net-deploy\\senior-director-state\\director-operating-board.md"}
{"ts":"2026-06-05T01:11:58.947Z","message":"worker tick","reason":"interval","openclaw":true}
{"ts":"2026-06-05T01:12:00.179Z","message":"aria health checked","bad":0}
{"ts":"2026-06-05T01:27:03.469Z","message":"worker tick","reason":"interval","openclaw":true}
{"ts":"2026-06-05T01:27:04.709Z","message":"aria health checked","bad":0}
{"ts":"2026-06-05T01:27:04.746Z","message":"operating board updated","file":"C:\\Users\\Ahmad Wasee\\Documents\\GitHub\\ARIA — Real-Time AI Assistant\\iisupp-net-deploy\\senior-director-state\\director-operating-board.md"}
{"ts":"2026-06-05T01:42:07.862Z","message":"worker tick","reason":"interval","openclaw":true}
{"ts":"2026-06-05T01:42:09.111Z","message":"aria health checked","bad":0}
{"ts":"2026-06-05T01:57:12.520Z","message":"worker tick","reason":"interval","openclaw":true}
{"ts":"2026-06-05T01:57:13.854Z","message":"aria health checked","bad":0}
{"ts":"2026-06-05T01:57:13.987Z","message":"lead scan complete","count":18,"newCount":0,"openclawUsed":0}
{"ts":"2026-06-05T01:57:14.065Z","message":"operating board updated","file":"C:\\Users\\Ahmad Wasee\\Documents\\GitHub\\ARIA — Real-Time AI Assistant\\iisupp-net-deploy\\senior-director-state\\director-operating-board.md"}
{"ts":"2026-06-05T01:57:16.441Z","message":"openclaw mission brief attempted","ok":false,"code":1}
{"ts":"2026-06-05T02:12:19.649Z","message":"worker tick","reason":"interval","openclaw":true}
{"ts":"2026-06-05T02:12:20.986Z","message":"aria health checked","bad":0}
{"ts":"2026-06-05T02:27:24.240Z","message":"worker tick","reason":"interval","openclaw":true}
{"ts":"2026-06-05T02:27:25.483Z","message":"aria health checked","bad":0}
{"ts":"2026-06-05T02:27:25.553Z","message":"operating board updated","file":"C:\\Users\\Ahmad Wasee\\Documents\\GitHub\\ARIA — Real-Time AI Assistant\\iisupp-net-deploy\\senior-director-state\\director-operating-board.md"}
{"ts":"2026-06-05T02:42:28.794Z","message":"worker tick","reason":"interval","openclaw":true}
{"ts":"2026-06-05T02:42:30.188Z","message":"aria health checked","bad":0}
{"ts":"2026-06-05T02:57:33.473Z","message":"worker tick","reason":"interval","openclaw":true}
{"ts":"2026-06-05T02:57:34.685Z","message":"aria health checked","bad":0}
{"ts":"2026-06-05T02:57:34.770Z","message":"lead scan complete","count":18,"newCount":0,"openclawUsed":0}
{"ts":"2026-06-05T02:57:34.809Z","message":"operating board updated","file":"C:\\Users\\Ahmad Wasee\\Documents\\GitHub\\ARIA — Real-Time AI Assistant\\iisupp-net-deploy\\senior-director-state\\director-operating-board.md"}
{"ts":"2026-06-05T03:12:38.087Z","message":"worker tick","reason":"interval","openclaw":true}
{"ts":"2026-06-05T03:12:39.313Z","message":"aria health checked","bad":0}
{"ts":"2026-06-05T03:27:42.450Z","message":"worker tick","reason":"interval","openclaw":true}
{"ts":"2026-06-05T03:27:43.812Z","message":"aria health checked","bad":0}
{"ts":"2026-06-05T03:27:43.849Z","message":"operating board updated","file":"C:\\Users\\Ahmad Wasee\\Documents\\GitHub\\ARIA — Real-Time AI Assistant\\iisupp-net-deploy\\senior-director-state\\director-operating-board.md"}
{"ts":"2026-06-05T03:42:47.122Z","message":"worker tick","reason":"interval","openclaw":true}
{"ts":"2026-06-05T03:42:48.285Z","message":"aria health checked","bad":0}
{"ts":"2026-06-05T03:57:51.657Z","message":"worker tick","reason":"interval","openclaw":true}
{"ts":"2026-06-05T03:57:52.930Z","message":"aria health checked","bad":0}
{"ts":"2026-06-05T03:57:52.962Z","message":"lead scan complete","count":18,"newCount":0,"openclawUsed":0}
{"ts":"2026-06-05T03:57:52.997Z","message":"operating board updated","file":"C:\\Users\\Ahmad Wasee\\Documents\\GitHub\\ARIA — Real-Time AI Assistant\\iisupp-net-deploy\\senior-director-state\\director-operating-board.md"}
{"ts":"2026-06-05T03:57:55.228Z","message":"openclaw mission brief attempted","ok":false,"code":1}
{"ts":"2026-06-05T04:12:58.927Z","message":"worker tick","reason":"interval","openclaw":true}
{"ts":"2026-06-05T04:13:00.168Z","message":"aria health checked","bad":0}
{"ts":"2026-06-05T04:28:03.461Z","message":"worker tick","reason":"interval","openclaw":true}
{"ts":"2026-06-05T04:28:04.706Z","message":"aria health checked","bad":0}
{"ts":"2026-06-05T04:28:04.744Z","message":"operating board updated","file":"C:\\Users\\Ahmad Wasee\\Documents\\GitHub\\ARIA — Real-Time AI Assistant\\iisupp-net-deploy\\senior-director-state\\director-operating-board.md"}
{"ts":"2026-06-05T04:43:08.175Z","message":"worker tick","reason":"interval","openclaw":true}
{"ts":"2026-06-05T04:43:09.567Z","message":"aria health checked","bad":0}
{"ts":"2026-06-05T04:58:13.130Z","message":"worker tick","reason":"interval","openclaw":true}
{"ts":"2026-06-05T04:58:14.586Z","message":"aria health checked","bad":0}
{"ts":"2026-06-05T04:58:14.617Z","message":"lead scan complete","count":18,"newCount":0,"openclawUsed":0}
{"ts":"2026-06-05T04:58:14.655Z","message":"operating board updated","file":"C:\\Users\\Ahmad Wasee\\Documents\\GitHub\\ARIA — Real-Time AI Assistant\\iisupp-net-deploy\\senior-director-state\\director-operating-board.md"}
{"ts":"2026-06-05T05:13:18.109Z","message":"worker tick","reason":"interval","openclaw":true}
{"ts":"2026-06-05T05:13:19.347Z","message":"aria health checked","bad":0}
{"ts":"2026-06-05T05:28:22.528Z","message":"worker tick","reason":"interval","openclaw":true}
{"ts":"2026-06-05T05:28:23.850Z","message":"aria health checked","bad":0}
{"ts":"2026-06-05T05:28:23.892Z","message":"operating board updated","file":"C:\\Users\\Ahmad Wasee\\Documents\\GitHub\\ARIA — Real-Time AI Assistant\\iisupp-net-deploy\\senior-director-state\\director-operating-board.md"}
{"ts":"2026-06-05T05:43:27.143Z","message":"worker tick","reason":"interval","openclaw":true}
{"ts":"2026-06-05T05:43:28.358Z","message":"aria health checked","bad":0}
{"ts":"2026-06-05T05:58:31.684Z","message":"worker tick","reason":"interval","openclaw":true}
{"ts":"2026-06-05T05:58:32.856Z","message":"aria health checked","bad":0}
{"ts":"2026-06-05T05:58:32.944Z","message":"lead scan complete","count":18,"newCount":0,"openclawUsed":0}
{"ts":"2026-06-05T05:58:32.980Z","message":"operating board updated","file":"C:\\Users\\Ahmad Wasee\\Documents\\GitHub\\ARIA — Real-Time AI Assistant\\iisupp-net-deploy\\senior-director-state\\director-operating-board.md"}
{"ts":"2026-06-05T05:58:35.256Z","message":"openclaw mission brief attempted","ok":false,"code":1}
{"ts":"2026-06-05T06:13:38.644Z","message":"worker tick","reason":"interval","openclaw":true}
{"ts":"2026-06-05T06:13:39.287Z","message":"aria health checked","bad":0}
{"ts":"2026-06-05T06:28:42.527Z","message":"worker tick","reason":"interval","openclaw":true}
{"ts":"2026-06-05T06:28:43.779Z","message":"aria health checked","bad":0}
{"ts":"2026-06-05T06:28:43.844Z","message":"operating board updated","file":"C:\\Users\\Ahmad Wasee\\Documents\\GitHub\\ARIA — Real-Time AI Assistant\\iisupp-net-deploy\\senior-director-state\\director-operating-board.md"}
{"ts":"2026-06-05T12:43:40.971Z","message":"worker tick","reason":"daemon","openclaw":true}
{"ts":"2026-06-05T12:43:42.206Z","message":"aria health checked","bad":0}
{"ts":"2026-06-05T12:43:48.198Z","message":"openclaw lead brief attempted","ok":false,"lead":"RFQ -  HPE Synergy ISS Hardware Maintenance and Support Renewal for DND","code":1}
{"ts":"2026-06-05T12:43:48.200Z","message":"lead scan complete","count":3,"newCount":3,"openclawUsed":1}
{"ts":"2026-06-05T12:43:48.255Z","message":"operating board updated","file":"C:\\Users\\Ahmad Wasee\\Documents\\GitHub\\ARIA — Real-Time AI Assistant\\iisupp-net-deploy\\senior-director-state\\director-operating-board.md"}
{"ts":"2026-06-05T12:43:50.458Z","message":"openclaw mission brief attempted","ok":false,"code":1}
{"ts":"2026-06-05T12:58:53.422Z","message":"worker tick","reason":"interval","openclaw":true}
{"ts":"2026-06-05T12:58:54.708Z","message":"aria health checked","bad":0}
{"ts":"2026-06-05T13:22:36.103Z","message":"worker tick","reason":"interval","openclaw":true}
{"ts":"2026-06-05T13:22:37.267Z","message":"aria health checked","bad":0}
{"ts":"2026-06-05T13:22:37.310Z","message":"operating board updated","file":"C:\\Users\\Ahmad Wasee\\Documents\\GitHub\\ARIA — Real-Time AI Assistant\\iisupp-net-deploy\\senior-director-state\\director-operating-board.md"}
{"ts":"2026-06-05T13:37:40.742Z","message":"worker tick","reason":"interval","openclaw":true}
{"ts":"2026-06-05T13:37:42.071Z","message":"aria health checked","bad":0}
{"ts":"2026-06-05T13:52:45.436Z","message":"worker tick","reason":"interval","openclaw":true}
{"ts":"2026-06-05T13:52:46.527Z","message":"aria health checked","bad":0}
{"ts":"2026-06-05T13:52:46.644Z","message":"lead scan complete","count":3,"newCount":0,"openclawUsed":0}
{"ts":"2026-06-05T13:52:46.680Z","message":"operating board updated","file":"C:\\Users\\Ahmad Wasee\\Documents\\GitHub\\ARIA — Real-Time AI Assistant\\iisupp-net-deploy\\senior-director-state\\director-operating-board.md"}
{"ts":"2026-06-05T14:07:50.173Z","message":"worker tick","reason":"interval","openclaw":true}
{"ts":"2026-06-05T14:07:51.377Z","message":"aria health checked","bad":0}
{"ts":"2026-06-05T14:22:54.793Z","message":"worker tick","reason":"interval","openclaw":true}
{"ts":"2026-06-05T14:22:55.973Z","message":"aria health checked","bad":0}
{"ts":"2026-06-05T14:22:56.011Z","message":"operating board updated","file":"C:\\Users\\Ahmad Wasee\\Documents\\GitHub\\ARIA — Real-Time AI Assistant\\iisupp-net-deploy\\senior-director-state\\director-operating-board.md"}
{"ts":"2026-06-05T14:37:59.201Z","message":"worker tick","reason":"interval","openclaw":true}
{"ts":"2026-06-05T14:38:00.370Z","message":"aria health checked","bad":0}
{"ts":"2026-06-05T14:53:03.809Z","message":"worker tick","reason":"interval","openclaw":true}
{"ts":"2026-06-05T14:53:04.978Z","message":"aria health checked","bad":0}
{"ts":"2026-06-05T14:53:05.059Z","message":"lead scan complete","count":3,"newCount":0,"openclawUsed":0}
{"ts":"2026-06-05T14:53:05.095Z","message":"operating board updated","file":"C:\\Users\\Ahmad Wasee\\Documents\\GitHub\\ARIA — Real-Time AI Assistant\\iisupp-net-deploy\\senior-director-state\\director-operating-board.md"}
{"ts":"2026-06-05T14:53:07.375Z","message":"openclaw mission brief attempted","ok":false,"code":1}
{"ts":"2026-06-05T15:08:10.739Z","message":"worker tick","reason":"interval","openclaw":true}
{"ts":"2026-06-05T15:08:11.924Z","message":"aria health checked","bad":0}
{"ts":"2026-06-05T15:23:15.176Z","message":"worker tick","reason":"interval","openclaw":true}
{"ts":"2026-06-05T15:23:16.278Z","message":"aria health checked","bad":0}
{"ts":"2026-06-05T15:23:16.315Z","message":"operating board updated","file":"C:\\Users\\Ahmad Wasee\\Documents\\GitHub\\ARIA — Real-Time AI Assistant\\iisupp-net-deploy\\senior-director-state\\director-operating-board.md"}
{"ts":"2026-06-05T15:38:19.517Z","message":"worker tick","reason":"interval","openclaw":true}
{"ts":"2026-06-05T15:38:20.629Z","message":"aria health checked","bad":0}
{"ts":"2026-06-05T15:53:23.957Z","message":"worker tick","reason":"interval","openclaw":true}
{"ts":"2026-06-05T15:53:25.454Z","message":"aria health checked","bad":0}
{"ts":"2026-06-05T15:53:25.535Z","message":"lead scan complete","count":3,"newCount":0,"openclawUsed":0}
{"ts":"2026-06-05T15:53:25.572Z","message":"operating board updated","file":"C:\\Users\\Ahmad Wasee\\Documents\\GitHub\\ARIA — Real-Time AI Assistant\\iisupp-net-deploy\\senior-director-state\\director-operating-board.md"}
{"ts":"2026-06-05T16:08:28.912Z","message":"worker tick","reason":"interval","openclaw":true}
{"ts":"2026-06-05T16:08:30.002Z","message":"aria health checked","bad":0}
{"ts":"2026-06-05T16:23:33.242Z","message":"worker tick","reason":"interval","openclaw":true}
{"ts":"2026-06-05T16:23:34.552Z","message":"aria health checked","bad":0}
{"ts":"2026-06-05T16:23:34.588Z","message":"operating board updated","file":"C:\\Users\\Ahmad Wasee\\Documents\\GitHub\\ARIA — Real-Time AI Assistant\\iisupp-net-deploy\\senior-director-state\\director-operating-board.md"}
{"ts":"2026-06-05T16:38:38.172Z","message":"worker tick","reason":"interval","openclaw":true}
{"ts":"2026-06-05T16:38:39.484Z","message":"aria health checked","bad":0}
{"ts":"2026-06-05T16:53:42.836Z","message":"worker tick","reason":"interval","openclaw":true}
{"ts":"2026-06-05T16:53:43.873Z","message":"aria health checked","bad":0}
{"ts":"2026-06-05T16:53:43.955Z","message":"lead scan complete","count":3,"newCount":0,"openclawUsed":0}
{"ts":"2026-06-05T16:53:45.957Z","message":"mcp registry scan complete","count":403,"unique":191,"recommended":12}
{"ts":"2026-06-05T16:53:45.991Z","message":"operating board updated","file":"C:\\Users\\Ahmad Wasee\\Documents\\GitHub\\ARIA — Real-Time AI Assistant\\iisupp-net-deploy\\senior-director-state\\director-operating-board.md"}
{"ts":"2026-06-05T16:53:48.217Z","message":"openclaw mission brief attempted","ok":false,"code":1}
{"ts":"2026-06-05T17:08:51.758Z","message":"worker tick","reason":"interval","openclaw":true}
{"ts":"2026-06-05T17:08:52.882Z","message":"aria health checked","bad":0}
{"ts":"2026-06-05T17:23:56.354Z","message":"worker tick","reason":"interval","openclaw":true}
{"ts":"2026-06-05T17:23:57.757Z","message":"aria health checked","bad":0}
{"ts":"2026-06-05T17:23:57.800Z","message":"operating board updated","file":"C:\\Users\\Ahmad Wasee\\Documents\\GitHub\\ARIA — Real-Time AI Assistant\\iisupp-net-deploy\\senior-director-state\\director-operating-board.md"}
{"ts":"2026-06-05T17:39:02.973Z","message":"worker tick","reason":"interval","openclaw":true}
{"ts":"2026-06-05T17:39:04.070Z","message":"aria health checked","bad":0}
{"ts":"2026-06-05T17:54:07.589Z","message":"worker tick","reason":"interval","openclaw":true}
{"ts":"2026-06-05T17:54:08.765Z","message":"aria health checked","bad":0}
{"ts":"2026-06-05T17:54:08.862Z","message":"lead scan complete","count":3,"newCount":0,"openclawUsed":0}
{"ts":"2026-06-05T17:54:08.903Z","message":"operating board updated","file":"C:\\Users\\Ahmad Wasee\\Documents\\GitHub\\ARIA — Real-Time AI Assistant\\iisupp-net-deploy\\senior-director-state\\director-operating-board.md"}
{"ts":"2026-06-05T18:09:12.212Z","message":"worker tick","reason":"interval","openclaw":true}
{"ts":"2026-06-05T18:09:13.430Z","message":"aria health checked","bad":0}
{"ts":"2026-06-05T18:24:16.749Z","message":"worker tick","reason":"interval","openclaw":true}
{"ts":"2026-06-05T18:24:18.082Z","message":"aria health checked","bad":0}
{"ts":"2026-06-05T18:24:18.123Z","message":"operating board updated","file":"C:\\Users\\Ahmad Wasee\\Documents\\GitHub\\ARIA — Real-Time AI Assistant\\iisupp-net-deploy\\senior-director-state\\director-operating-board.md"}
{"ts":"2026-06-05T18:39:21.561Z","message":"worker tick","reason":"interval","openclaw":true}
{"ts":"2026-06-05T18:39:23.178Z","message":"aria health checked","bad":0}
{"ts":"2026-06-05T18:54:26.683Z","message":"worker tick","reason":"interval","openclaw":true}
{"ts":"2026-06-05T18:54:28.083Z","message":"aria health checked","bad":0}
{"ts":"2026-06-05T18:54:28.124Z","message":"lead scan complete","count":6,"newCount":3,"openclawUsed":0}
{"ts":"2026-06-05T18:54:28.163Z","message":"operating board updated","file":"C:\\Users\\Ahmad Wasee\\Documents\\GitHub\\ARIA — Real-Time AI Assistant\\iisupp-net-deploy\\senior-director-state\\director-operating-board.md"}
{"ts":"2026-06-05T18:54:30.460Z","message":"openclaw mission brief attempted","ok":false,"code":1}
{"ts":"2026-06-05T19:09:33.821Z","message":"worker tick","reason":"interval","openclaw":true}
{"ts":"2026-06-05T19:09:35.057Z","message":"aria health checked","bad":0}
{"ts":"2026-06-05T19:24:38.413Z","message":"worker tick","reason":"interval","openclaw":true}
{"ts":"2026-06-05T19:24:39.639Z","message":"aria health checked","bad":0}
{"ts":"2026-06-05T19:24:39.683Z","message":"operating board updated","file":"C:\\Users\\Ahmad Wasee\\Documents\\GitHub\\ARIA — Real-Time AI Assistant\\iisupp-net-deploy\\senior-director-state\\director-operating-board.md"}
{"ts":"2026-06-05T19:39:43.055Z","message":"worker tick","reason":"interval","openclaw":true}
{"ts":"2026-06-05T19:39:44.257Z","message":"aria health checked","bad":0}
{"ts":"2026-06-05T19:54:47.788Z","message":"worker tick","reason":"interval","openclaw":true}
{"ts":"2026-06-05T19:54:49.120Z","message":"aria health checked","bad":0}
{"ts":"2026-06-05T19:54:49.200Z","message":"lead scan complete","count":6,"newCount":0,"openclawUsed":0}
{"ts":"2026-06-05T19:54:49.239Z","message":"operating board updated","file":"C:\\Users\\Ahmad Wasee\\Documents\\GitHub\\ARIA — Real-Time AI Assistant\\iisupp-net-deploy\\senior-director-state\\director-operating-board.md"}
{"ts":"2026-06-05T20:09:52.596Z","message":"worker tick","reason":"interval","openclaw":true}
{"ts":"2026-06-05T20:09:53.742Z","message":"aria health checked","bad":0}
{"ts":"2026-06-05T20:24:57.387Z","message":"worker tick","reason":"interval","openclaw":true}
{"ts":"2026-06-05T20:24:58.619Z","message":"aria health checked","bad":0}
{"ts":"2026-06-05T20:24:58.665Z","message":"operating board updated","file":"C:\\Users\\Ahmad Wasee\\Documents\\GitHub\\ARIA — Real-Time AI Assistant\\iisupp-net-deploy\\senior-director-state\\director-operating-board.md"}
{"ts":"2026-06-05T20:40:02.146Z","message":"worker tick","reason":"interval","openclaw":true}
{"ts":"2026-06-05T20:40:03.306Z","message":"aria health checked","bad":0}
{"ts":"2026-06-05T20:55:06.665Z","message":"worker tick","reason":"interval","openclaw":true}
{"ts":"2026-06-05T20:55:08.014Z","message":"aria health checked","bad":0}
{"ts":"2026-06-05T20:55:13.612Z","message":"openclaw lead brief attempted","ok":false,"lead":"SMALL ARMS CLEANING KITS AND ACCESSORIES","code":1}
{"ts":"2026-06-05T20:55:13.613Z","message":"lead scan complete","count":8,"newCount":4,"openclawUsed":1}
{"ts":"2026-06-05T20:55:13.650Z","message":"operating board updated","file":"C:\\Users\\Ahmad Wasee\\Documents\\GitHub\\ARIA — Real-Time AI Assistant\\iisupp-net-deploy\\senior-director-state\\director-operating-board.md"}
{"ts":"2026-06-05T20:55:15.798Z","message":"openclaw mission brief attempted","ok":false,"code":1}
{"ts":"2026-06-05T21:10:19.288Z","message":"worker tick","reason":"interval","openclaw":true}
{"ts":"2026-06-05T21:10:20.412Z","message":"aria health checked","bad":0}
{"ts":"2026-06-05T21:25:23.919Z","message":"worker tick","reason":"interval","openclaw":true}
{"ts":"2026-06-05T21:25:25.089Z","message":"aria health checked","bad":0}
{"ts":"2026-06-05T21:25:25.131Z","message":"operating board updated","file":"C:\\Users\\Ahmad Wasee\\Documents\\GitHub\\ARIA — Real-Time AI Assistant\\iisupp-net-deploy\\senior-director-state\\director-operating-board.md"}
{"ts":"2026-06-05T21:40:28.396Z","message":"worker tick","reason":"interval","openclaw":true}
{"ts":"2026-06-05T21:40:29.636Z","message":"aria health checked","bad":0}
{"ts":"2026-06-05T21:55:33.216Z","message":"worker tick","reason":"interval","openclaw":true}
{"ts":"2026-06-05T21:55:34.356Z","message":"aria health checked","bad":0}
{"ts":"2026-06-05T21:55:34.392Z","message":"lead scan complete","count":8,"newCount":0,"openclawUsed":0}
{"ts":"2026-06-05T21:55:34.433Z","message":"operating board updated","file":"C:\\Users\\Ahmad Wasee\\Documents\\GitHub\\ARIA — Real-Time AI Assistant\\iisupp-net-deploy\\senior-director-state\\director-operating-board.md"}
{"ts":"2026-06-05T22:10:37.874Z","message":"worker tick","reason":"interval","openclaw":true}
{"ts":"2026-06-05T22:10:39.167Z","message":"aria health checked","bad":0}
{"ts":"2026-06-05T22:25:42.527Z","message":"worker tick","reason":"interval","openclaw":true}
{"ts":"2026-06-05T22:25:43.695Z","message":"aria health checked","bad":0}
{"ts":"2026-06-05T22:25:43.798Z","message":"operating board updated","file":"C:\\Users\\Ahmad Wasee\\Documents\\GitHub\\ARIA — Real-Time AI Assistant\\iisupp-net-deploy\\senior-director-state\\director-operating-board.md"}
{"ts":"2026-06-05T22:30:11.152Z","message":"worker tick","reason":"daemon","openclaw":true}
{"ts":"2026-06-05T22:30:11.476Z","message":"aria health checked","bad":0}
{"ts":"2026-06-05T22:45:14.433Z","message":"worker tick","reason":"interval","openclaw":true}
{"ts":"2026-06-05T22:45:15.670Z","message":"aria health checked","bad":0}
{"ts":"2026-06-05T23:00:18.557Z","message":"worker tick","reason":"interval","openclaw":true}
{"ts":"2026-06-05T23:00:19.787Z","message":"aria health checked","bad":0}
{"ts":"2026-06-05T23:00:19.863Z","message":"lead scan complete","count":8,"newCount":0,"openclawUsed":0}
{"ts":"2026-06-05T23:00:19.909Z","message":"operating board updated","file":"C:\\Users\\Ahmad Wasee\\Documents\\GitHub\\ARIA — Real-Time AI Assistant\\iisupp-net-deploy\\senior-director-state\\director-operating-board.md"}
{"ts":"2026-06-05T23:00:22.369Z","message":"openclaw mission brief attempted","ok":false,"code":1}
{"ts":"2026-06-05T23:15:25.411Z","message":"worker tick","reason":"interval","openclaw":true}
{"ts":"2026-06-05T23:15:26.600Z","message":"aria health checked","bad":0}
{"ts":"2026-06-05T23:30:29.881Z","message":"worker tick","reason":"interval","openclaw":true}
{"ts":"2026-06-05T23:30:31.137Z","message":"aria health checked","bad":0}
{"ts":"2026-06-05T23:30:31.187Z","message":"operating board updated","file":"C:\\Users\\Ahmad Wasee\\Documents\\GitHub\\ARIA — Real-Time AI Assistant\\iisupp-net-deploy\\senior-director-state\\director-operating-board.md"}
{"ts":"2026-06-05T23:45:34.381Z","message":"worker tick","reason":"interval","openclaw":true}
{"ts":"2026-06-05T23:45:35.490Z","message":"aria health checked","bad":0}
{"ts":"2026-06-06T00:00:38.808Z","message":"worker tick","reason":"interval","openclaw":true}
{"ts":"2026-06-06T00:00:39.882Z","message":"aria health checked","bad":0}
{"ts":"2026-06-06T00:00:39.971Z","message":"lead scan complete","count":8,"newCount":0,"openclawUsed":0}
{"ts":"2026-06-06T00:00:40.019Z","message":"operating board updated","file":"C:\\Users\\Ahmad Wasee\\Documents\\GitHub\\ARIA — Real-Time AI Assistant\\iisupp-net-deploy\\senior-director-state\\director-operating-board.md"}
{"ts":"2026-06-06T00:15:43.225Z","message":"worker tick","reason":"interval","openclaw":true}
{"ts":"2026-06-06T00:15:44.630Z","message":"aria health checked","bad":0}
{"ts":"2026-06-06T00:30:47.867Z","message":"worker tick","reason":"interval","openclaw":true}
{"ts":"2026-06-06T00:30:49.039Z","message":"aria health checked","bad":0}
{"ts":"2026-06-06T00:30:49.091Z","message":"operating board updated","file":"C:\\Users\\Ahmad Wasee\\Documents\\GitHub\\ARIA — Real-Time AI Assistant\\iisupp-net-deploy\\senior-director-state\\director-operating-board.md"}
{"ts":"2026-06-06T00:45:52.315Z","message":"worker tick","reason":"interval","openclaw":true}
{"ts":"2026-06-06T00:45:53.486Z","message":"aria health checked","bad":0}
{"ts":"2026-06-06T01:04:17.906Z","message":"worker tick","reason":"interval","openclaw":true}
{"ts":"2026-06-06T01:04:19.723Z","message":"aria health checked","bad":0}
{"ts":"2026-06-06T01:04:19.760Z","message":"lead scan complete","count":8,"newCount":0,"openclawUsed":0}
{"ts":"2026-06-06T01:04:19.830Z","message":"operating board updated","file":"C:\\Users\\Ahmad Wasee\\Documents\\GitHub\\ARIA — Real-Time AI Assistant\\iisupp-net-deploy\\senior-director-state\\director-operating-board.md"}
{"ts":"2026-06-06T01:04:22.485Z","message":"openclaw mission brief attempted","ok":false,"code":1}
{"ts":"2026-06-06T01:19:25.447Z","message":"worker tick","reason":"interval","openclaw":true}
{"ts":"2026-06-06T01:19:26.714Z","message":"aria health checked","bad":0}
{"ts":"2026-06-06T01:34:29.566Z","message":"worker tick","reason":"interval","openclaw":true}
{"ts":"2026-06-06T01:34:30.844Z","message":"aria health checked","bad":0}
{"ts":"2026-06-06T01:34:30.882Z","message":"operating board updated","file":"C:\\Users\\Ahmad Wasee\\Documents\\GitHub\\ARIA — Real-Time AI Assistant\\iisupp-net-deploy\\senior-director-state\\director-operating-board.md"}
{"ts":"2026-06-06T01:49:33.849Z","message":"worker tick","reason":"interval","openclaw":true}
{"ts":"2026-06-06T01:49:34.976Z","message":"aria health checked","bad":0}
{"ts":"2026-06-06T02:04:37.943Z","message":"worker tick","reason":"interval","openclaw":true}
{"ts":"2026-06-06T02:04:39.151Z","message":"aria health checked","bad":0}
{"ts":"2026-06-06T02:04:39.233Z","message":"lead scan complete","count":8,"newCount":0,"openclawUsed":0}
{"ts":"2026-06-06T02:04:39.270Z","message":"operating board updated","file":"C:\\Users\\Ahmad Wasee\\Documents\\GitHub\\ARIA — Real-Time AI Assistant\\iisupp-net-deploy\\senior-director-state\\director-operating-board.md"}
{"ts":"2026-06-06T02:39:50.279Z","message":"worker tick","reason":"interval","openclaw":true}
{"ts":"2026-06-06T02:39:51.839Z","message":"aria health checked","bad":0}
{"ts":"2026-06-06T02:39:51.877Z","message":"operating board updated","file":"C:\\Users\\Ahmad Wasee\\Documents\\GitHub\\ARIA — Real-Time AI Assistant\\iisupp-net-deploy\\senior-director-state\\director-operating-board.md"}
{"ts":"2026-06-06T02:54:54.783Z","message":"worker tick","reason":"interval","openclaw":true}
{"ts":"2026-06-06T02:54:55.933Z","message":"aria health checked","bad":0}
{"ts":"2026-06-06T03:09:58.971Z","message":"worker tick","reason":"interval","openclaw":true}
{"ts":"2026-06-06T03:10:00.123Z","message":"aria health checked","bad":0}
{"ts":"2026-06-06T03:10:00.157Z","message":"lead scan complete","count":8,"newCount":0,"openclawUsed":0}
{"ts":"2026-06-06T03:10:00.197Z","message":"operating board updated","file":"C:\\Users\\Ahmad Wasee\\Documents\\GitHub\\ARIA — Real-Time AI Assistant\\iisupp-net-deploy\\senior-director-state\\director-operating-board.md"}
{"ts":"2026-06-06T03:10:02.405Z","message":"openclaw mission brief attempted","ok":false,"code":1}
{"ts":"2026-06-06T03:25:05.713Z","message":"worker tick","reason":"interval","openclaw":true}
{"ts":"2026-06-06T03:25:06.781Z","message":"aria health checked","bad":0}
{"ts":"2026-06-06T03:40:09.893Z","message":"worker tick","reason":"interval","openclaw":true}
{"ts":"2026-06-06T03:40:11.086Z","message":"aria health checked","bad":0}
{"ts":"2026-06-06T03:40:11.125Z","message":"operating board updated","file":"C:\\Users\\Ahmad Wasee\\Documents\\GitHub\\ARIA — Real-Time AI Assistant\\iisupp-net-deploy\\senior-director-state\\director-operating-board.md"}
{"ts":"2026-06-06T23:12:21.846Z","message":"worker tick","reason":"daemon","openclaw":true}
{"ts":"2026-06-06T23:12:23.277Z","message":"aria health checked","bad":0}
{"ts":"2026-06-06T23:12:23.363Z","message":"lead scan complete","count":1,"newCount":1,"openclawUsed":0}
{"ts":"2026-06-06T23:12:25.050Z","message":"mcp registry scan complete","count":407,"unique":188,"recommended":12}
{"ts":"2026-06-06T23:12:25.106Z","message":"operating board updated","file":"C:\\Users\\Ahmad Wasee\\Documents\\GitHub\\ARIA — Real-Time AI Assistant\\iisupp-net-deploy\\senior-director-state\\director-operating-board.md"}
{"ts":"2026-06-06T23:12:28.079Z","message":"openclaw mission brief attempted","ok":false,"code":1}
{"ts":"2026-06-06T23:27:31.290Z","message":"worker tick","reason":"interval","openclaw":true}
{"ts":"2026-06-06T23:27:32.466Z","message":"aria health checked","bad":0}
{"ts":"2026-06-07T00:01:24.452Z","message":"worker tick","reason":"interval","openclaw":false}
{"ts":"2026-06-07T00:01:25.716Z","message":"aria health checked","bad":0}
{"ts":"2026-06-07T00:01:25.908Z","message":"operating board updated","file":"C:\\Users\\Ahmad Wasee\\Documents\\GitHub\\ARIA — Real-Time AI Assistant\\iisupp-net-deploy\\senior-director-state\\director-operating-board.md"}
{"ts":"2026-06-07T00:16:29.090Z","message":"worker tick","reason":"interval","openclaw":true}
{"ts":"2026-06-07T00:16:30.159Z","message":"aria health checked","bad":0}
{"ts":"2026-06-07T00:16:30.242Z","message":"lead scan complete","count":1,"newCount":0,"openclawUsed":0}
{"ts":"2026-06-07T00:32:52.641Z","message":"worker tick","reason":"interval","openclaw":true}
{"ts":"2026-06-07T00:32:53.675Z","message":"aria health checked","bad":0}
{"ts":"2026-06-07T00:32:53.712Z","message":"operating board updated","file":"C:\\Users\\Ahmad Wasee\\Documents\\GitHub\\ARIA — Real-Time AI Assistant\\iisupp-net-deploy\\senior-director-state\\director-operating-board.md"}
{"ts":"2026-06-07T00:47:56.841Z","message":"worker tick","reason":"interval","openclaw":true}
{"ts":"2026-06-07T00:47:57.974Z","message":"aria health checked","bad":0}
{"ts":"2026-06-07T01:03:01.074Z","message":"worker tick","reason":"interval","openclaw":true}
{"ts":"2026-06-07T01:03:02.154Z","message":"aria health checked","bad":0}
{"ts":"2026-06-07T01:03:02.193Z","message":"operating board updated","file":"C:\\Users\\Ahmad Wasee\\Documents\\GitHub\\ARIA — Real-Time AI Assistant\\iisupp-net-deploy\\senior-director-state\\director-operating-board.md"}
{"ts":"2026-06-07T01:18:05.365Z","message":"worker tick","reason":"interval","openclaw":true}
{"ts":"2026-06-07T01:18:06.449Z","message":"aria health checked","bad":0}
{"ts":"2026-06-07T01:18:06.535Z","message":"lead scan complete","count":1,"newCount":0,"openclawUsed":0}
{"ts":"2026-06-07T01:18:09.232Z","message":"openclaw mission brief attempted","ok":false,"code":1}
{"ts":"2026-06-07T01:33:12.344Z","message":"worker tick","reason":"interval","openclaw":true}
{"ts":"2026-06-07T01:33:13.454Z","message":"aria health checked","bad":0}
{"ts":"2026-06-07T01:33:13.489Z","message":"operating board updated","file":"C:\\Users\\Ahmad Wasee\\Documents\\GitHub\\ARIA — Real-Time AI Assistant\\iisupp-net-deploy\\senior-director-state\\director-operating-board.md"}
{"ts":"2026-06-07T01:48:16.534Z","message":"worker tick","reason":"interval","openclaw":true}
{"ts":"2026-06-07T01:48:17.766Z","message":"aria health checked","bad":0}
{"ts":"2026-06-07T02:03:20.908Z","message":"worker tick","reason":"interval","openclaw":true}
{"ts":"2026-06-07T02:03:22.020Z","message":"aria health checked","bad":0}
{"ts":"2026-06-07T02:03:22.059Z","message":"operating board updated","file":"C:\\Users\\Ahmad Wasee\\Documents\\GitHub\\ARIA — Real-Time AI Assistant\\iisupp-net-deploy\\senior-director-state\\director-operating-board.md"}
{"ts":"2026-06-07T02:18:25.109Z","message":"worker tick","reason":"interval","openclaw":true}
{"ts":"2026-06-07T02:18:26.272Z","message":"aria health checked","bad":0}
{"ts":"2026-06-07T02:18:26.361Z","message":"lead scan complete","count":1,"newCount":0,"openclawUsed":0}
{"ts":"2026-06-07T02:33:29.483Z","message":"worker tick","reason":"interval","openclaw":true}
{"ts":"2026-06-07T02:33:30.608Z","message":"aria health checked","bad":0}
{"ts":"2026-06-07T02:33:30.646Z","message":"operating board updated","file":"C:\\Users\\Ahmad Wasee\\Documents\\GitHub\\ARIA — Real-Time AI Assistant\\iisupp-net-deploy\\senior-director-state\\director-operating-board.md"}
{"ts":"2026-06-07T02:48:33.738Z","message":"worker tick","reason":"interval","openclaw":true}
{"ts":"2026-06-07T02:48:35.145Z","message":"aria health checked","bad":0}
{"ts":"2026-06-07T03:03:38.195Z","message":"worker tick","reason":"interval","openclaw":true}
{"ts":"2026-06-07T03:03:39.281Z","message":"aria health checked","bad":0}
{"ts":"2026-06-07T03:03:39.319Z","message":"operating board updated","file":"C:\\Users\\Ahmad Wasee\\Documents\\GitHub\\ARIA — Real-Time AI Assistant\\iisupp-net-deploy\\senior-director-state\\director-operating-board.md"}
{"ts":"2026-06-07T03:18:42.360Z","message":"worker tick","reason":"interval","openclaw":true}
{"ts":"2026-06-07T03:18:43.516Z","message":"aria health checked","bad":0}
{"ts":"2026-06-07T03:18:43.611Z","message":"lead scan complete","count":1,"newCount":0,"openclawUsed":0}
{"ts":"2026-06-07T03:18:45.767Z","message":"openclaw mission brief attempted","ok":false,"code":1}
{"ts":"2026-06-07T03:33:48.827Z","message":"worker tick","reason":"interval","openclaw":true}
{"ts":"2026-06-07T03:33:50.011Z","message":"aria health checked","bad":0}
{"ts":"2026-06-07T03:33:50.050Z","message":"operating board updated","file":"C:\\Users\\Ahmad Wasee\\Documents\\GitHub\\ARIA — Real-Time AI Assistant\\iisupp-net-deploy\\senior-director-state\\director-operating-board.md"}
{"ts":"2026-06-07T03:48:53.111Z","message":"worker tick","reason":"interval","openclaw":true}
{"ts":"2026-06-07T03:48:54.164Z","message":"aria health checked","bad":0}
{"ts":"2026-06-07T04:03:56.004Z","message":"worker tick","reason":"interval","openclaw":true}
{"ts":"2026-06-07T04:03:56.955Z","message":"aria health checked","bad":0}
{"ts":"2026-06-07T04:03:56.992Z","message":"operating board updated","file":"C:\\Users\\Ahmad Wasee\\Documents\\GitHub\\ARIA — Real-Time AI Assistant\\iisupp-net-deploy\\senior-director-state\\director-operating-board.md"}
{"ts":"2026-06-07T04:19:00.162Z","message":"worker tick","reason":"interval","openclaw":true}
{"ts":"2026-06-07T04:19:01.236Z","message":"aria health checked","bad":0}
{"ts":"2026-06-07T04:19:01.347Z","message":"lead scan complete","count":1,"newCount":0,"openclawUsed":0}
{"ts":"2026-06-07T04:34:04.414Z","message":"worker tick","reason":"interval","openclaw":true}
{"ts":"2026-06-07T04:34:05.490Z","message":"aria health checked","bad":0}
{"ts":"2026-06-07T04:34:05.530Z","message":"operating board updated","file":"C:\\Users\\Ahmad Wasee\\Documents\\GitHub\\ARIA — Real-Time AI Assistant\\iisupp-net-deploy\\senior-director-state\\director-operating-board.md"}
{"ts":"2026-06-07T04:49:08.682Z","message":"worker tick","reason":"interval","openclaw":true}
{"ts":"2026-06-07T04:49:09.925Z","message":"aria health checked","bad":0}
{"ts":"2026-06-07T05:04:12.948Z","message":"worker tick","reason":"interval","openclaw":true}
{"ts":"2026-06-07T05:04:14.046Z","message":"aria health checked","bad":0}
{"ts":"2026-06-07T05:04:14.082Z","message":"operating board updated","file":"C:\\Users\\Ahmad Wasee\\Documents\\GitHub\\ARIA — Real-Time AI Assistant\\iisupp-net-deploy\\senior-director-state\\director-operating-board.md"}
{"ts":"2026-06-07T05:19:17.183Z","message":"worker tick","reason":"interval","openclaw":true}
{"ts":"2026-06-07T05:19:18.289Z","message":"aria health checked","bad":0}
{"ts":"2026-06-07T05:19:18.320Z","message":"lead scan complete","count":1,"newCount":0,"openclawUsed":0}
{"ts":"2026-06-07T05:19:20.473Z","message":"openclaw mission brief attempted","ok":false,"code":1}
{"ts":"2026-06-07T05:34:23.538Z","message":"worker tick","reason":"interval","openclaw":true}
{"ts":"2026-06-07T05:34:24.674Z","message":"aria health checked","bad":0}
{"ts":"2026-06-07T05:34:24.712Z","message":"operating board updated","file":"C:\\Users\\Ahmad Wasee\\Documents\\GitHub\\ARIA — Real-Time AI Assistant\\iisupp-net-deploy\\senior-director-state\\director-operating-board.md"}
{"ts":"2026-06-07T05:49:27.765Z","message":"worker tick","reason":"interval","openclaw":true}
{"ts":"2026-06-07T05:49:28.833Z","message":"aria health checked","bad":0}
{"ts":"2026-06-07T06:04:31.902Z","message":"worker tick","reason":"interval","openclaw":true}
{"ts":"2026-06-07T06:04:33.017Z","message":"aria health checked","bad":0}
{"ts":"2026-06-07T06:04:33.055Z","message":"operating board updated","file":"C:\\Users\\Ahmad Wasee\\Documents\\GitHub\\ARIA — Real-Time AI Assistant\\iisupp-net-deploy\\senior-director-state\\director-operating-board.md"}
{"ts":"2026-06-07T06:19:36.109Z","message":"worker tick","reason":"interval","openclaw":true}
{"ts":"2026-06-07T06:19:37.133Z","message":"aria health checked","bad":0}
{"ts":"2026-06-07T06:19:37.172Z","message":"lead scan complete","count":1,"newCount":0,"openclawUsed":0}
{"ts":"2026-06-07T06:34:40.245Z","message":"worker tick","reason":"interval","openclaw":true}
{"ts":"2026-06-07T06:34:41.291Z","message":"aria health checked","bad":0}
{"ts":"2026-06-07T06:34:41.326Z","message":"operating board updated","file":"C:\\Users\\Ahmad Wasee\\Documents\\GitHub\\ARIA — Real-Time AI Assistant\\iisupp-net-deploy\\senior-director-state\\director-operating-board.md"}
{"ts":"2026-06-07T06:49:44.370Z","message":"worker tick","reason":"interval","openclaw":true}
{"ts":"2026-06-07T06:49:45.911Z","message":"aria health checked","bad":0}
{"ts":"2026-06-08T02:29:22.877Z","message":"worker tick","reason":"daemon","openclaw":true}
{"ts":"2026-06-08T02:29:24.168Z","message":"aria health checked","bad":0}
{"ts":"2026-06-08T02:29:24.200Z","message":"lead scan complete","count":0,"newCount":0,"openclawUsed":0}
{"ts":"2026-06-08T02:29:25.907Z","message":"mcp registry scan complete","count":408,"unique":189,"recommended":12}
{"ts":"2026-06-08T02:29:25.967Z","message":"operating board updated","file":"C:\\Users\\Ahmad Wasee\\Documents\\GitHub\\ARIA — Real-Time AI Assistant\\iisupp-net-deploy\\senior-director-state\\director-operating-board.md"}
{"ts":"2026-06-08T02:29:29.275Z","message":"openclaw mission brief attempted","ok":false,"code":1}
{"ts":"2026-06-08T02:44:32.242Z","message":"worker tick","reason":"interval","openclaw":true}
{"ts":"2026-06-08T02:44:33.195Z","message":"aria health checked","bad":0}
{"ts":"2026-06-08T02:59:36.212Z","message":"worker tick","reason":"interval","openclaw":true}
{"ts":"2026-06-08T02:59:37.263Z","message":"aria health checked","bad":0}
{"ts":"2026-06-08T02:59:37.302Z","message":"operating board updated","file":"C:\\Users\\Ahmad Wasee\\Documents\\GitHub\\ARIA — Real-Time AI Assistant\\iisupp-net-deploy\\senior-director-state\\director-operating-board.md"}
{"ts":"2026-06-08T22:08:16.282Z","message":"worker tick","reason":"daemon","openclaw":true}
{"ts":"2026-06-08T22:08:17.803Z","message":"aria health checked","bad":0}
{"ts":"2026-06-08T22:08:25.287Z","message":"openclaw lead brief attempted","ok":false,"lead":"Business System Analyst stream 4 B.6 - Level 3","code":1}
{"ts":"2026-06-08T22:08:25.292Z","message":"lead scan complete","count":11,"newCount":11,"openclawUsed":1}
{"ts":"2026-06-08T22:08:25.347Z","message":"operating board updated","file":"C:\\Users\\Ahmad Wasee\\Documents\\GitHub\\ARIA — Real-Time AI Assistant\\iisupp-net-deploy\\senior-director-state\\director-operating-board.md"}
{"ts":"2026-06-08T22:08:27.516Z","message":"openclaw mission brief attempted","ok":false,"code":1}
{"ts":"2026-06-08T22:23:30.650Z","message":"worker tick","reason":"interval","openclaw":true}
{"ts":"2026-06-08T22:23:32.157Z","message":"aria health checked","bad":0}
{"ts":"2026-06-08T22:50:33.898Z","message":"worker tick","reason":"interval","openclaw":true}
{"ts":"2026-06-08T22:50:35.491Z","message":"aria health checked","bad":0}
{"ts":"2026-06-08T22:50:35.541Z","message":"operating board updated","file":"C:\\Users\\Ahmad Wasee\\Documents\\GitHub\\ARIA — Real-Time AI Assistant\\iisupp-net-deploy\\senior-director-state\\director-operating-board.md"}
{"ts":"2026-06-08T23:05:38.489Z","message":"worker tick","reason":"interval","openclaw":true}
{"ts":"2026-06-08T23:05:39.957Z","message":"aria health checked","bad":0}
{"ts":"2026-06-08T23:20:43.286Z","message":"worker tick","reason":"interval","openclaw":true}
{"ts":"2026-06-08T23:20:44.475Z","message":"aria health checked","bad":0}
{"ts":"2026-06-08T23:20:44.578Z","message":"lead scan complete","count":12,"newCount":1,"openclawUsed":0}
{"ts":"2026-06-08T23:20:44.614Z","message":"operating board updated","file":"C:\\Users\\Ahmad Wasee\\Documents\\GitHub\\ARIA — Real-Time AI Assistant\\iisupp-net-deploy\\senior-director-state\\director-operating-board.md"}
{"ts":"2026-06-08T23:35:47.841Z","message":"worker tick","reason":"interval","openclaw":true}
{"ts":"2026-06-08T23:35:49.054Z","message":"aria health checked","bad":0}
{"ts":"2026-06-08T23:50:52.068Z","message":"worker tick","reason":"interval","openclaw":true}
{"ts":"2026-06-08T23:50:53.338Z","message":"aria health checked","bad":0}
{"ts":"2026-06-08T23:50:53.375Z","message":"operating board updated","file":"C:\\Users\\Ahmad Wasee\\Documents\\GitHub\\ARIA — Real-Time AI Assistant\\iisupp-net-deploy\\senior-director-state\\director-operating-board.md"}
{"ts":"2026-06-09T00:05:56.459Z","message":"worker tick","reason":"interval","openclaw":true}
{"ts":"2026-06-09T00:05:57.970Z","message":"aria health checked","bad":0}
{"ts":"2026-06-09T00:21:01.056Z","message":"worker tick","reason":"interval","openclaw":true}
{"ts":"2026-06-09T00:21:02.267Z","message":"aria health checked","bad":0}
{"ts":"2026-06-09T00:21:02.355Z","message":"lead scan complete","count":12,"newCount":0,"openclawUsed":0}
{"ts":"2026-06-09T00:21:02.393Z","message":"operating board updated","file":"C:\\Users\\Ahmad Wasee\\Documents\\GitHub\\ARIA — Real-Time AI Assistant\\iisupp-net-deploy\\senior-director-state\\director-operating-board.md"}
{"ts":"2026-06-09T00:21:04.590Z","message":"openclaw mission brief attempted","ok":false,"code":1}
{"ts":"2026-06-09T00:36:07.637Z","message":"worker tick","reason":"interval","openclaw":true}
{"ts":"2026-06-09T00:36:08.888Z","message":"aria health checked","bad":0}
{"ts":"2026-06-09T00:51:11.830Z","message":"worker tick","reason":"interval","openclaw":true}
{"ts":"2026-06-09T00:51:13.066Z","message":"aria health checked","bad":0}
{"ts":"2026-06-09T00:51:13.104Z","message":"operating board updated","file":"C:\\Users\\Ahmad Wasee\\Documents\\GitHub\\ARIA — Real-Time AI Assistant\\iisupp-net-deploy\\senior-director-state\\director-operating-board.md"}
{"ts":"2026-06-09T01:06:16.044Z","message":"worker tick","reason":"interval","openclaw":true}
{"ts":"2026-06-09T01:06:17.562Z","message":"aria health checked","bad":0}
{"ts":"2026-06-09T01:21:20.623Z","message":"worker tick","reason":"interval","openclaw":true}
{"ts":"2026-06-09T01:21:21.881Z","message":"aria health checked","bad":0}
{"ts":"2026-06-09T01:21:22.023Z","message":"lead scan complete","count":12,"newCount":0,"openclawUsed":0}
{"ts":"2026-06-09T01:21:22.059Z","message":"operating board updated","file":"C:\\Users\\Ahmad Wasee\\Documents\\GitHub\\ARIA — Real-Time AI Assistant\\iisupp-net-deploy\\senior-director-state\\director-operating-board.md"}
{"ts":"2026-06-09T01:36:25.047Z","message":"worker tick","reason":"interval","openclaw":true}
{"ts":"2026-06-09T01:36:26.329Z","message":"aria health checked","bad":0}
{"ts":"2026-06-09T01:51:29.226Z","message":"worker tick","reason":"interval","openclaw":true}
{"ts":"2026-06-09T01:51:30.466Z","message":"aria health checked","bad":0}
{"ts":"2026-06-09T01:51:30.504Z","message":"operating board updated","file":"C:\\Users\\Ahmad Wasee\\Documents\\GitHub\\ARIA — Real-Time AI Assistant\\iisupp-net-deploy\\senior-director-state\\director-operating-board.md"}
{"ts":"2026-06-09T02:06:33.425Z","message":"worker tick","reason":"interval","openclaw":true}
{"ts":"2026-06-09T02:06:34.968Z","message":"aria health checked","bad":0}
{"ts":"2026-06-09T02:21:37.925Z","message":"worker tick","reason":"interval","openclaw":true}
{"ts":"2026-06-09T02:21:39.152Z","message":"aria health checked","bad":0}
{"ts":"2026-06-09T02:21:39.187Z","message":"lead scan complete","count":12,"newCount":0,"openclawUsed":0}
{"ts":"2026-06-09T02:21:39.221Z","message":"operating board updated","file":"C:\\Users\\Ahmad Wasee\\Documents\\GitHub\\ARIA — Real-Time AI Assistant\\iisupp-net-deploy\\senior-director-state\\director-operating-board.md"}
{"ts":"2026-06-09T02:21:41.418Z","message":"openclaw mission brief attempted","ok":false,"code":1}
{"ts":"2026-06-09T02:36:44.402Z","message":"worker tick","reason":"interval","openclaw":true}
{"ts":"2026-06-09T02:36:45.836Z","message":"aria health checked","bad":0}
{"ts":"2026-06-09T02:36:47.743Z","message":"mcp registry scan complete","count":409,"unique":190,"recommended":12}
{"ts":"2026-06-09T02:51:50.670Z","message":"worker tick","reason":"interval","openclaw":true}
{"ts":"2026-06-09T02:51:51.983Z","message":"aria health checked","bad":0}
{"ts":"2026-06-09T02:51:52.019Z","message":"operating board updated","file":"C:\\Users\\Ahmad Wasee\\Documents\\GitHub\\ARIA — Real-Time AI Assistant\\iisupp-net-deploy\\senior-director-state\\director-operating-board.md"}
{"ts":"2026-06-09T03:06:54.946Z","message":"worker tick","reason":"interval","openclaw":true}
{"ts":"2026-06-09T03:06:56.562Z","message":"aria health checked","bad":0}
{"ts":"2026-06-09T03:21:59.539Z","message":"worker tick","reason":"interval","openclaw":true}
{"ts":"2026-06-09T03:22:00.857Z","message":"aria health checked","bad":0}
{"ts":"2026-06-09T03:22:00.942Z","message":"lead scan complete","count":12,"newCount":0,"openclawUsed":0}
{"ts":"2026-06-09T03:22:00.979Z","message":"operating board updated","file":"C:\\Users\\Ahmad Wasee\\Documents\\GitHub\\ARIA — Real-Time AI Assistant\\iisupp-net-deploy\\senior-director-state\\director-operating-board.md"}
{"ts":"2026-06-09T03:37:03.910Z","message":"worker tick","reason":"interval","openclaw":true}
{"ts":"2026-06-09T03:37:05.468Z","message":"aria health checked","bad":0}
{"ts":"2026-06-09T03:52:08.576Z","message":"worker tick","reason":"interval","openclaw":true}
{"ts":"2026-06-09T03:52:09.824Z","message":"aria health checked","bad":0}
{"ts":"2026-06-09T03:52:09.860Z","message":"operating board updated","file":"C:\\Users\\Ahmad Wasee\\Documents\\GitHub\\ARIA — Real-Time AI Assistant\\iisupp-net-deploy\\senior-director-state\\director-operating-board.md"}
{"ts":"2026-06-09T04:07:12.732Z","message":"worker tick","reason":"interval","openclaw":true}
{"ts":"2026-06-09T04:07:14.210Z","message":"aria health checked","bad":0}
{"ts":"2026-06-09T04:22:17.198Z","message":"worker tick","reason":"interval","openclaw":true}
{"ts":"2026-06-09T04:22:18.381Z","message":"aria health checked","bad":0}
{"ts":"2026-06-09T04:22:18.469Z","message":"lead scan complete","count":12,"newCount":0,"openclawUsed":0}
{"ts":"2026-06-09T04:22:18.505Z","message":"operating board updated","file":"C:\\Users\\Ahmad Wasee\\Documents\\GitHub\\ARIA — Real-Time AI Assistant\\iisupp-net-deploy\\senior-director-state\\director-operating-board.md"}
{"ts":"2026-06-09T04:22:20.662Z","message":"openclaw mission brief attempted","ok":false,"code":1}
{"ts":"2026-06-09T04:37:23.682Z","message":"worker tick","reason":"interval","openclaw":true}
{"ts":"2026-06-09T04:37:24.876Z","message":"aria health checked","bad":0}
{"ts":"2026-06-09T04:52:27.773Z","message":"worker tick","reason":"interval","openclaw":true}
{"ts":"2026-06-09T04:52:29.000Z","message":"aria health checked","bad":0}
{"ts":"2026-06-09T04:52:29.039Z","message":"operating board updated","file":"C:\\Users\\Ahmad Wasee\\Documents\\GitHub\\ARIA — Real-Time AI Assistant\\iisupp-net-deploy\\senior-director-state\\director-operating-board.md"}
{"ts":"2026-06-09T05:07:31.914Z","message":"worker tick","reason":"interval","openclaw":true}
{"ts":"2026-06-09T05:07:33.637Z","message":"aria health checked","bad":0}
{"ts":"2026-06-09T05:22:36.607Z","message":"worker tick","reason":"interval","openclaw":true}
{"ts":"2026-06-09T05:22:36.789Z","message":"aria health checked","bad":1}
{"ts":"2026-06-09T05:22:37.858Z","message":"lead scan complete","count":12,"newCount":0,"openclawUsed":0}
{"ts":"2026-06-09T05:22:37.898Z","message":"operating board updated","file":"C:\\Users\\Ahmad Wasee\\Documents\\GitHub\\ARIA — Real-Time AI Assistant\\iisupp-net-deploy\\senior-director-state\\director-operating-board.md"}
{"ts":"2026-06-09T05:37:40.820Z","message":"worker tick","reason":"interval","openclaw":true}
{"ts":"2026-06-09T05:37:42.015Z","message":"aria health checked","bad":0}
{"ts":"2026-06-09T05:52:44.873Z","message":"worker tick","reason":"interval","openclaw":true}
{"ts":"2026-06-09T05:52:46.147Z","message":"aria health checked","bad":0}
{"ts":"2026-06-09T05:52:46.188Z","message":"operating board updated","file":"C:\\Users\\Ahmad Wasee\\Documents\\GitHub\\ARIA — Real-Time AI Assistant\\iisupp-net-deploy\\senior-director-state\\director-operating-board.md"}
{"ts":"2026-06-09T06:07:49.046Z","message":"worker tick","reason":"interval","openclaw":true}
{"ts":"2026-06-09T06:07:50.405Z","message":"aria health checked","bad":0}
{"ts":"2026-06-09T06:22:53.361Z","message":"worker tick","reason":"interval","openclaw":true}
{"ts":"2026-06-09T06:22:54.612Z","message":"aria health checked","bad":0}
{"ts":"2026-06-09T06:22:54.711Z","message":"lead scan complete","count":12,"newCount":0,"openclawUsed":0}
{"ts":"2026-06-09T06:22:54.750Z","message":"operating board updated","file":"C:\\Users\\Ahmad Wasee\\Documents\\GitHub\\ARIA — Real-Time AI Assistant\\iisupp-net-deploy\\senior-director-state\\director-operating-board.md"}
{"ts":"2026-06-09T06:22:56.900Z","message":"openclaw mission brief attempted","ok":false,"code":1}
{"ts":"2026-06-09T06:37:59.851Z","message":"worker tick","reason":"interval","openclaw":true}
{"ts":"2026-06-09T06:38:00.321Z","message":"aria health checked","bad":1}
{"ts":"2026-06-09T06:53:03.247Z","message":"worker tick","reason":"interval","openclaw":true}
{"ts":"2026-06-09T06:53:04.491Z","message":"aria health checked","bad":0}
{"ts":"2026-06-09T06:53:04.526Z","message":"operating board updated","file":"C:\\Users\\Ahmad Wasee\\Documents\\GitHub\\ARIA — Real-Time AI Assistant\\iisupp-net-deploy\\senior-director-state\\director-operating-board.md"}
{"ts":"2026-06-09T10:33:46.723Z","message":"worker tick","reason":"daemon","openclaw":true}
{"ts":"2026-06-09T10:33:48.217Z","message":"aria health checked","bad":0}
{"ts":"2026-06-09T10:33:54.245Z","message":"openclaw lead brief attempted","ok":false,"lead":"Samsung ProCare Technical Support 26-27","code":1}
{"ts":"2026-06-09T10:33:54.247Z","message":"lead scan complete","count":5,"newCount":5,"openclawUsed":1}
{"ts":"2026-06-09T10:33:54.300Z","message":"operating board updated","file":"C:\\Users\\Ahmad Wasee\\Documents\\GitHub\\ARIA — Real-Time AI Assistant\\iisupp-net-deploy\\senior-director-state\\director-operating-board.md"}
{"ts":"2026-06-09T10:33:56.472Z","message":"openclaw mission brief attempted","ok":false,"code":1}
{"ts":"2026-06-09T10:48:59.538Z","message":"worker tick","reason":"interval","openclaw":true}
{"ts":"2026-06-09T10:49:11.073Z","message":"aria health checked","bad":0}
{"ts":"2026-06-09T11:04:14.403Z","message":"worker tick","reason":"interval","openclaw":true}
{"ts":"2026-06-09T11:04:54.912Z","message":"aria health checked","bad":1}
{"ts":"2026-06-09T11:04:54.959Z","message":"operating board updated","file":"C:\\Users\\Ahmad Wasee\\Documents\\GitHub\\ARIA — Real-Time AI Assistant\\iisupp-net-deploy\\senior-director-state\\director-operating-board.md"}
{"ts":"2026-06-09T11:19:58.180Z","message":"worker tick","reason":"interval","openclaw":true}
{"ts":"2026-06-09T11:20:09.590Z","message":"aria health checked","bad":0}
{"ts":"2026-06-09T11:35:12.861Z","message":"worker tick","reason":"interval","openclaw":true}
{"ts":"2026-06-09T11:35:39.620Z","message":"aria health checked","bad":0}
{"ts":"2026-06-09T11:35:39.667Z","message":"lead scan complete","count":5,"newCount":0,"openclawUsed":0}
{"ts":"2026-06-09T11:35:39.712Z","message":"operating board updated","file":"C:\\Users\\Ahmad Wasee\\Documents\\GitHub\\ARIA — Real-Time AI Assistant\\iisupp-net-deploy\\senior-director-state\\director-operating-board.md"}
{"ts":"2026-06-09T11:50:42.924Z","message":"worker tick","reason":"interval","openclaw":true}
{"ts":"2026-06-09T11:50:54.412Z","message":"aria health checked","bad":0}
{"ts":"2026-06-09T12:05:57.471Z","message":"worker tick","reason":"interval","openclaw":true}
{"ts":"2026-06-09T12:05:59.087Z","message":"aria health checked","bad":0}
{"ts":"2026-06-09T12:05:59.122Z","message":"operating board updated","file":"C:\\Users\\Ahmad Wasee\\Documents\\GitHub\\ARIA — Real-Time AI Assistant\\iisupp-net-deploy\\senior-director-state\\director-operating-board.md"}
{"ts":"2026-06-09T12:21:02.153Z","message":"worker tick","reason":"interval","openclaw":true}
{"ts":"2026-06-09T12:21:03.869Z","message":"aria health checked","bad":0}
{"ts":"2026-06-09T12:36:07.270Z","message":"worker tick","reason":"interval","openclaw":true}
{"ts":"2026-06-09T12:36:08.402Z","message":"aria health checked","bad":0}
{"ts":"2026-06-09T12:36:08.429Z","message":"lead scan complete","count":5,"newCount":0,"openclawUsed":0}
{"ts":"2026-06-09T12:36:08.478Z","message":"operating board updated","file":"C:\\Users\\Ahmad Wasee\\Documents\\GitHub\\ARIA — Real-Time AI Assistant\\iisupp-net-deploy\\senior-director-state\\director-operating-board.md"}
{"ts":"2026-06-09T12:36:10.822Z","message":"openclaw mission brief attempted","ok":false,"code":1}
{"ts":"2026-06-09T12:51:14.276Z","message":"worker tick","reason":"interval","openclaw":true}
{"ts":"2026-06-09T12:51:15.430Z","message":"aria health checked","bad":0}
{"ts":"2026-06-09T13:06:18.768Z","message":"worker tick","reason":"interval","openclaw":true}
{"ts":"2026-06-09T13:06:19.879Z","message":"aria health checked","bad":0}
{"ts":"2026-06-09T13:06:19.920Z","message":"operating board updated","file":"C:\\Users\\Ahmad Wasee\\Documents\\GitHub\\ARIA — Real-Time AI Assistant\\iisupp-net-deploy\\senior-director-state\\director-operating-board.md"}
{"ts":"2026-06-09T13:21:23.134Z","message":"worker tick","reason":"interval","openclaw":true}
{"ts":"2026-06-09T13:21:24.333Z","message":"aria health checked","bad":0}
{"ts":"2026-06-09T14:05:20.108Z","message":"worker tick","reason":"interval","openclaw":true}
{"ts":"2026-06-09T14:05:21.471Z","message":"aria health checked","bad":0}
{"ts":"2026-06-09T14:05:21.594Z","message":"lead scan complete","count":5,"newCount":0,"openclawUsed":0}
{"ts":"2026-06-09T14:05:21.631Z","message":"operating board updated","file":"C:\\Users\\Ahmad Wasee\\Documents\\GitHub\\ARIA — Real-Time AI Assistant\\iisupp-net-deploy\\senior-director-state\\director-operating-board.md"}
{"ts":"2026-06-09T14:20:24.961Z","message":"worker tick","reason":"interval","openclaw":true}
{"ts":"2026-06-09T14:20:26.197Z","message":"aria health checked","bad":0}
{"ts":"2026-06-09T14:22:36.171Z","message":"another worker is already running","pid":16088}
{"ts":"2026-06-09T14:35:29.380Z","message":"worker tick","reason":"interval","openclaw":true}
{"ts":"2026-06-09T14:35:30.870Z","message":"aria health checked","bad":0}
{"ts":"2026-06-09T14:35:30.908Z","message":"operating board updated","file":"C:\\Users\\Ahmad Wasee\\Documents\\GitHub\\ARIA — Real-Time AI Assistant\\iisupp-net-deploy\\senior-director-state\\director-operating-board.md"}
{"ts":"2026-06-09T14:50:34.047Z","message":"worker tick","reason":"interval","openclaw":true}
{"ts":"2026-06-09T14:50:35.254Z","message":"aria health checked","bad":1}
{"ts":"2026-06-09T14:50:37.406Z","message":"openclaw mission brief attempted","ok":false,"code":1}
{"ts":"2026-06-09T15:05:40.591Z","message":"worker tick","reason":"interval","openclaw":true}
{"ts":"2026-06-09T15:05:41.937Z","message":"aria health checked","bad":0}
{"ts":"2026-06-09T15:05:42.001Z","message":"lead scan complete","count":8,"newCount":3,"openclawUsed":0}
{"ts":"2026-06-09T15:05:42.036Z","message":"operating board updated","file":"C:\\Users\\Ahmad Wasee\\Documents\\GitHub\\ARIA — Real-Time AI Assistant\\iisupp-net-deploy\\senior-director-state\\director-operating-board.md"}
{"ts":"2026-06-09T15:20:46.400Z","message":"worker tick","reason":"interval","openclaw":true}
{"ts":"2026-06-09T15:20:47.924Z","message":"aria health checked","bad":0}
{"ts":"2026-06-09T15:35:51.394Z","message":"worker tick","reason":"interval","openclaw":true}
{"ts":"2026-06-09T15:35:52.616Z","message":"aria health checked","bad":0}
{"ts":"2026-06-09T15:35:52.660Z","message":"operating board updated","file":"C:\\Users\\Ahmad Wasee\\Documents\\GitHub\\ARIA — Real-Time AI Assistant\\iisupp-net-deploy\\senior-director-state\\director-operating-board.md"}
{"ts":"2026-06-09T15:50:56.125Z","message":"worker tick","reason":"interval","openclaw":true}
{"ts":"2026-06-09T15:50:57.325Z","message":"aria health checked","bad":0}
{"ts":"2026-06-09T16:06:00.527Z","message":"worker tick","reason":"interval","openclaw":true}
{"ts":"2026-06-09T16:06:01.790Z","message":"aria health checked","bad":0}
{"ts":"2026-06-09T16:06:01.822Z","message":"lead scan complete","count":8,"newCount":0,"openclawUsed":0}
{"ts":"2026-06-09T16:06:01.858Z","message":"operating board updated","file":"C:\\Users\\Ahmad Wasee\\Documents\\GitHub\\ARIA — Real-Time AI Assistant\\iisupp-net-deploy\\senior-director-state\\director-operating-board.md"}
{"ts":"2026-06-09T16:21:05.063Z","message":"worker tick","reason":"interval","openclaw":true}
{"ts":"2026-06-09T16:21:06.528Z","message":"aria health checked","bad":0}
{"ts":"2026-06-09T16:36:09.873Z","message":"worker tick","reason":"interval","openclaw":true}
{"ts":"2026-06-09T16:36:11.259Z","message":"aria health checked","bad":0}
{"ts":"2026-06-09T16:36:11.297Z","message":"operating board updated","file":"C:\\Users\\Ahmad Wasee\\Documents\\GitHub\\ARIA — Real-Time AI Assistant\\iisupp-net-deploy\\senior-director-state\\director-operating-board.md"}
{"ts":"2026-06-09T16:51:14.616Z","message":"worker tick","reason":"interval","openclaw":true}
{"ts":"2026-06-09T16:51:15.859Z","message":"aria health checked","bad":0}
{"ts":"2026-06-09T16:51:18.149Z","message":"openclaw mission brief attempted","ok":false,"code":1}
{"ts":"2026-06-09T17:06:21.385Z","message":"worker tick","reason":"interval","openclaw":true}
{"ts":"2026-06-09T17:06:22.843Z","message":"aria health checked","bad":0}
{"ts":"2026-06-09T17:06:22.872Z","message":"lead scan complete","count":10,"newCount":2,"openclawUsed":0}
{"ts":"2026-06-09T17:06:22.908Z","message":"operating board updated","file":"C:\\Users\\Ahmad Wasee\\Documents\\GitHub\\ARIA — Real-Time AI Assistant\\iisupp-net-deploy\\senior-director-state\\director-operating-board.md"}
{"ts":"2026-06-09T17:21:26.100Z","message":"worker tick","reason":"interval","openclaw":true}
{"ts":"2026-06-09T17:21:27.272Z","message":"aria health checked","bad":0}
{"ts":"2026-06-09T17:36:30.522Z","message":"worker tick","reason":"interval","openclaw":true}
{"ts":"2026-06-09T17:36:31.916Z","message":"aria health checked","bad":0}
{"ts":"2026-06-09T17:36:31.959Z","message":"operating board updated","file":"C:\\Users\\Ahmad Wasee\\Documents\\GitHub\\ARIA — Real-Time AI Assistant\\iisupp-net-deploy\\senior-director-state\\director-operating-board.md"}
{"ts":"2026-06-09T17:51:35.052Z","message":"worker tick","reason":"interval","openclaw":true}
{"ts":"2026-06-09T17:51:36.332Z","message":"aria health checked","bad":0}
{"ts":"2026-06-09T18:06:39.536Z","message":"worker tick","reason":"interval","openclaw":true}
{"ts":"2026-06-09T18:06:40.834Z","message":"aria health checked","bad":0}
{"ts":"2026-06-09T18:06:40.870Z","message":"lead scan complete","count":10,"newCount":0,"openclawUsed":0}
{"ts":"2026-06-09T18:06:40.906Z","message":"operating board updated","file":"C:\\Users\\Ahmad Wasee\\Documents\\GitHub\\ARIA — Real-Time AI Assistant\\iisupp-net-deploy\\senior-director-state\\director-operating-board.md"}
{"ts":"2026-06-09T18:21:44.040Z","message":"worker tick","reason":"interval","openclaw":true}
{"ts":"2026-06-09T18:21:45.273Z","message":"aria health checked","bad":0}
{"ts":"2026-06-09T18:36:48.388Z","message":"worker tick","reason":"interval","openclaw":true}
{"ts":"2026-06-09T18:36:49.618Z","message":"aria health checked","bad":0}
{"ts":"2026-06-09T18:36:49.654Z","message":"operating board updated","file":"C:\\Users\\Ahmad Wasee\\Documents\\GitHub\\ARIA — Real-Time AI Assistant\\iisupp-net-deploy\\senior-director-state\\director-operating-board.md"}
{"ts":"2026-06-09T18:51:53.105Z","message":"worker tick","reason":"interval","openclaw":true}
{"ts":"2026-06-09T18:51:54.704Z","message":"aria health checked","bad":0}
{"ts":"2026-06-09T18:51:57.064Z","message":"openclaw mission brief attempted","ok":false,"code":1}
{"ts":"2026-06-09T19:07:00.498Z","message":"worker tick","reason":"interval","openclaw":true}
{"ts":"2026-06-09T19:07:01.798Z","message":"aria health checked","bad":0}
{"ts":"2026-06-09T19:07:01.878Z","message":"lead scan complete","count":14,"newCount":4,"openclawUsed":0}
{"ts":"2026-06-09T19:07:01.916Z","message":"operating board updated","file":"C:\\Users\\Ahmad Wasee\\Documents\\GitHub\\ARIA — Real-Time AI Assistant\\iisupp-net-deploy\\senior-director-state\\director-operating-board.md"}
{"ts":"2026-06-09T19:22:05.450Z","message":"worker tick","reason":"interval","openclaw":true}
{"ts":"2026-06-09T19:22:07.372Z","message":"aria health checked","bad":0}
{"ts":"2026-06-09T19:37:10.503Z","message":"worker tick","reason":"interval","openclaw":true}
{"ts":"2026-06-09T19:37:11.815Z","message":"aria health checked","bad":0}
{"ts":"2026-06-09T19:37:11.852Z","message":"operating board updated","file":"C:\\Users\\Ahmad Wasee\\Documents\\GitHub\\ARIA — Real-Time AI Assistant\\iisupp-net-deploy\\senior-director-state\\director-operating-board.md"}
{"ts":"2026-06-09T19:52:14.952Z","message":"worker tick","reason":"interval","openclaw":true}
{"ts":"2026-06-09T19:52:16.418Z","message":"aria health checked","bad":0}
{"ts":"2026-06-09T20:07:19.552Z","message":"worker tick","reason":"interval","openclaw":true}
{"ts":"2026-06-09T20:07:20.978Z","message":"aria health checked","bad":0}
{"ts":"2026-06-09T20:07:21.064Z","message":"lead scan complete","count":14,"newCount":0,"openclawUsed":0}
{"ts":"2026-06-09T20:07:21.107Z","message":"operating board updated","file":"C:\\Users\\Ahmad Wasee\\Documents\\GitHub\\ARIA — Real-Time AI Assistant\\iisupp-net-deploy\\senior-director-state\\director-operating-board.md"}
{"ts":"2026-06-09T20:22:24.313Z","message":"worker tick","reason":"interval","openclaw":true}
{"ts":"2026-06-09T20:22:25.594Z","message":"aria health checked","bad":0}
{"ts":"2026-06-09T20:37:28.772Z","message":"worker tick","reason":"interval","openclaw":true}
{"ts":"2026-06-09T20:37:30.212Z","message":"aria health checked","bad":0}
{"ts":"2026-06-09T20:37:30.248Z","message":"operating board updated","file":"C:\\Users\\Ahmad Wasee\\Documents\\GitHub\\ARIA — Real-Time AI Assistant\\iisupp-net-deploy\\senior-director-state\\director-operating-board.md"}
{"ts":"2026-06-09T20:52:33.366Z","message":"worker tick","reason":"interval","openclaw":true}
{"ts":"2026-06-09T20:52:34.665Z","message":"aria health checked","bad":0}
{"ts":"2026-06-09T20:52:36.811Z","message":"openclaw mission brief attempted","ok":false,"code":1}
{"ts":"2026-06-09T21:07:39.998Z","message":"worker tick","reason":"interval","openclaw":true}
{"ts":"2026-06-09T21:07:41.377Z","message":"aria health checked","bad":0}
{"ts":"2026-06-09T21:07:41.407Z","message":"lead scan complete","count":15,"newCount":1,"openclawUsed":0}
{"ts":"2026-06-09T21:07:41.442Z","message":"operating board updated","file":"C:\\Users\\Ahmad Wasee\\Documents\\GitHub\\ARIA — Real-Time AI Assistant\\iisupp-net-deploy\\senior-director-state\\director-operating-board.md"}
{"ts":"2026-06-09T21:22:44.660Z","message":"worker tick","reason":"interval","openclaw":true}
{"ts":"2026-06-09T21:22:46.472Z","message":"aria health checked","bad":0}
{"ts":"2026-06-09T21:37:49.590Z","message":"worker tick","reason":"interval","openclaw":true}
{"ts":"2026-06-09T21:37:51.045Z","message":"aria health checked","bad":0}
{"ts":"2026-06-09T21:37:51.083Z","message":"operating board updated","file":"C:\\Users\\Ahmad Wasee\\Documents\\GitHub\\ARIA — Real-Time AI Assistant\\iisupp-net-deploy\\senior-director-state\\director-operating-board.md"}
{"ts":"2026-06-09T21:52:54.367Z","message":"worker tick","reason":"interval","openclaw":true}
{"ts":"2026-06-09T21:52:55.635Z","message":"aria health checked","bad":0}
{"ts":"2026-06-09T22:07:59.101Z","message":"worker tick","reason":"interval","openclaw":true}
{"ts":"2026-06-09T22:08:00.702Z","message":"aria health checked","bad":0}
{"ts":"2026-06-09T22:08:00.740Z","message":"lead scan complete","count":15,"newCount":0,"openclawUsed":0}
{"ts":"2026-06-09T22:08:00.778Z","message":"operating board updated","file":"C:\\Users\\Ahmad Wasee\\Documents\\GitHub\\ARIA — Real-Time AI Assistant\\iisupp-net-deploy\\senior-director-state\\director-operating-board.md"}
{"ts":"2026-06-09T22:23:04.107Z","message":"worker tick","reason":"interval","openclaw":true}
{"ts":"2026-06-09T22:23:05.447Z","message":"aria health checked","bad":0}
{"ts":"2026-06-09T22:38:08.595Z","message":"worker tick","reason":"interval","openclaw":true}
{"ts":"2026-06-09T22:38:10.175Z","message":"aria health checked","bad":0}
{"ts":"2026-06-09T22:38:10.209Z","message":"operating board updated","file":"C:\\Users\\Ahmad Wasee\\Documents\\GitHub\\ARIA — Real-Time AI Assistant\\iisupp-net-deploy\\senior-director-state\\director-operating-board.md"}
{"ts":"2026-06-09T22:53:13.407Z","message":"worker tick","reason":"interval","openclaw":true}
{"ts":"2026-06-09T22:53:14.768Z","message":"aria health checked","bad":0}
{"ts":"2026-06-09T22:53:16.915Z","message":"openclaw mission brief attempted","ok":false,"code":1}
{"ts":"2026-06-09T23:08:20.446Z","message":"worker tick","reason":"interval","openclaw":true}
{"ts":"2026-06-09T23:08:21.784Z","message":"aria health checked","bad":0}
{"ts":"2026-06-09T23:08:21.881Z","message":"lead scan complete","count":14,"newCount":1,"openclawUsed":0}
{"ts":"2026-06-09T23:08:21.919Z","message":"operating board updated","file":"C:\\Users\\Ahmad Wasee\\Documents\\GitHub\\ARIA — Real-Time AI Assistant\\iisupp-net-deploy\\senior-director-state\\director-operating-board.md"}
{"ts":"2026-06-09T23:23:26.704Z","message":"worker tick","reason":"interval","openclaw":true}
{"ts":"2026-06-09T23:23:27.953Z","message":"aria health checked","bad":0}
{"ts":"2026-06-09T23:38:32.873Z","message":"worker tick","reason":"interval","openclaw":true}
{"ts":"2026-06-09T23:38:34.298Z","message":"aria health checked","bad":0}
{"ts":"2026-06-09T23:38:34.354Z","message":"operating board updated","file":"C:\\Users\\Ahmad Wasee\\Documents\\GitHub\\ARIA — Real-Time AI Assistant\\iisupp-net-deploy\\senior-director-state\\director-operating-board.md"}
{"ts":"2026-06-09T23:53:39.215Z","message":"worker tick","reason":"interval","openclaw":true}
{"ts":"2026-06-09T23:53:40.793Z","message":"aria health checked","bad":0}
{"ts":"2026-06-10T00:08:45.691Z","message":"worker tick","reason":"interval","openclaw":true}
{"ts":"2026-06-10T00:08:47.082Z","message":"aria health checked","bad":0}
{"ts":"2026-06-10T00:08:47.166Z","message":"lead scan complete","count":16,"newCount":3,"openclawUsed":0}
{"ts":"2026-06-10T00:08:47.219Z","message":"operating board updated","file":"C:\\Users\\Ahmad Wasee\\Documents\\GitHub\\ARIA — Real-Time AI Assistant\\iisupp-net-deploy\\senior-director-state\\director-operating-board.md"}
{"ts":"2026-06-10T00:23:52.148Z","message":"worker tick","reason":"interval","openclaw":true}
{"ts":"2026-06-10T00:23:53.622Z","message":"aria health checked","bad":0}
{"ts":"2026-06-10T00:38:58.147Z","message":"worker tick","reason":"interval","openclaw":true}
{"ts":"2026-06-10T00:38:59.628Z","message":"aria health checked","bad":0}
{"ts":"2026-06-10T00:38:59.667Z","message":"operating board updated","file":"C:\\Users\\Ahmad Wasee\\Documents\\GitHub\\ARIA — Real-Time AI Assistant\\iisupp-net-deploy\\senior-director-state\\director-operating-board.md"}
{"ts":"2026-06-10T00:54:07.760Z","message":"worker tick","reason":"interval","openclaw":true}
{"ts":"2026-06-10T00:54:09.269Z","message":"aria health checked","bad":0}
{"ts":"2026-06-10T00:54:12.676Z","message":"openclaw mission brief attempted","ok":false,"code":1}
{"ts":"2026-06-10T01:09:18.330Z","message":"worker tick","reason":"interval","openclaw":true}
{"ts":"2026-06-10T01:09:19.896Z","message":"aria health checked","bad":0}
{"ts":"2026-06-10T01:09:20.140Z","message":"lead scan complete","count":16,"newCount":0,"openclawUsed":0}
{"ts":"2026-06-10T01:09:20.183Z","message":"operating board updated","file":"C:\\Users\\Ahmad Wasee\\Documents\\GitHub\\ARIA — Real-Time AI Assistant\\iisupp-net-deploy\\senior-director-state\\director-operating-board.md"}
{"ts":"2026-06-10T01:24:25.598Z","message":"worker tick","reason":"interval","openclaw":true}
{"ts":"2026-06-10T01:24:27.335Z","message":"aria health checked","bad":0}
{"ts":"2026-06-10T01:39:32.466Z","message":"worker tick","reason":"interval","openclaw":true}
{"ts":"2026-06-10T01:39:33.864Z","message":"aria health checked","bad":0}
{"ts":"2026-06-10T01:39:33.905Z","message":"operating board updated","file":"C:\\Users\\Ahmad Wasee\\Documents\\GitHub\\ARIA — Real-Time AI Assistant\\iisupp-net-deploy\\senior-director-state\\director-operating-board.md"}
{"ts":"2026-06-10T01:54:39.160Z","message":"worker tick","reason":"interval","openclaw":true}
{"ts":"2026-06-10T01:54:40.477Z","message":"aria health checked","bad":0}
{"ts":"2026-06-10T02:09:45.980Z","message":"worker tick","reason":"interval","openclaw":true}
{"ts":"2026-06-10T02:09:47.242Z","message":"aria health checked","bad":0}
{"ts":"2026-06-10T02:09:47.273Z","message":"lead scan complete","count":16,"newCount":0,"openclawUsed":0}
{"ts":"2026-06-10T02:09:47.313Z","message":"operating board updated","file":"C:\\Users\\Ahmad Wasee\\Documents\\GitHub\\ARIA — Real-Time AI Assistant\\iisupp-net-deploy\\senior-director-state\\director-operating-board.md"}
{"ts":"2026-06-10T02:13:01.717Z","message":"another worker is already running","pid":16088}
{"ts":"2026-06-10T02:24:52.517Z","message":"worker tick","reason":"interval","openclaw":true}
{"ts":"2026-06-10T02:24:53.886Z","message":"aria health checked","bad":0}
{"ts":"2026-06-10T02:39:59.039Z","message":"worker tick","reason":"interval","openclaw":true}
{"ts":"2026-06-10T02:40:00.540Z","message":"aria health checked","bad":0}
{"ts":"2026-06-10T02:40:02.318Z","message":"mcp registry scan complete","count":410,"unique":189,"recommended":12}
{"ts":"2026-06-10T02:40:02.365Z","message":"operating board updated","file":"C:\\Users\\Ahmad Wasee\\Documents\\GitHub\\ARIA — Real-Time AI Assistant\\iisupp-net-deploy\\senior-director-state\\director-operating-board.md"}
{"ts":"2026-06-10T02:55:07.010Z","message":"worker tick","reason":"interval","openclaw":true}
{"ts":"2026-06-10T02:55:08.396Z","message":"aria health checked","bad":0}
{"ts":"2026-06-10T02:55:11.419Z","message":"openclaw mission brief attempted","ok":false,"code":1}
{"ts":"2026-06-10T03:10:16.145Z","message":"worker tick","reason":"interval","openclaw":true}
{"ts":"2026-06-10T03:10:17.574Z","message":"aria health checked","bad":0}
{"ts":"2026-06-10T03:10:17.660Z","message":"lead scan complete","count":16,"newCount":0,"openclawUsed":0}
{"ts":"2026-06-10T03:10:17.695Z","message":"operating board updated","file":"C:\\Users\\Ahmad Wasee\\Documents\\GitHub\\ARIA — Real-Time AI Assistant\\iisupp-net-deploy\\senior-director-state\\director-operating-board.md"}
{"ts":"2026-06-10T03:25:22.907Z","message":"worker tick","reason":"interval","openclaw":true}
{"ts":"2026-06-10T03:25:24.437Z","message":"aria health checked","bad":0}
{"ts":"2026-06-10T03:40:29.279Z","message":"worker tick","reason":"interval","openclaw":true}
{"ts":"2026-06-10T03:40:30.694Z","message":"aria health checked","bad":0}
{"ts":"2026-06-10T03:40:30.731Z","message":"operating board updated","file":"C:\\Users\\Ahmad Wasee\\Documents\\GitHub\\ARIA — Real-Time AI Assistant\\iisupp-net-deploy\\senior-director-state\\director-operating-board.md"}
{"ts":"2026-06-10T04:08:21.460Z","message":"worker tick","reason":"daemon","openclaw":true}
{"ts":"2026-06-10T04:08:23.372Z","message":"aria health checked","bad":0}
{"ts":"2026-06-10T11:54:58.461Z","message":"worker tick","reason":"daemon","openclaw":true}
{"ts":"2026-06-10T11:54:59.778Z","message":"aria health checked","bad":0}
{"ts":"2026-06-10T11:54:59.869Z","message":"lead scan complete","count":0,"newCount":0,"openclawUsed":0}
{"ts":"2026-06-10T11:54:59.923Z","message":"operating board updated","file":"C:\\Users\\Ahmad Wasee\\Documents\\GitHub\\ARIA — Real-Time AI Assistant\\iisupp-net-deploy\\senior-director-state\\director-operating-board.md"}
{"ts":"2026-06-10T11:55:03.400Z","message":"openclaw mission brief attempted","ok":false,"code":1}
{"ts":"2026-06-10T12:10:07.338Z","message":"worker tick","reason":"interval","openclaw":true}
{"ts":"2026-06-10T12:10:08.581Z","message":"aria health checked","bad":0}
{"ts":"2026-06-10T12:25:12.942Z","message":"worker tick","reason":"interval","openclaw":true}
{"ts":"2026-06-10T12:25:14.228Z","message":"aria health checked","bad":0}
{"ts":"2026-06-10T12:25:14.264Z","message":"operating board updated","file":"C:\\Users\\Ahmad Wasee\\Documents\\GitHub\\ARIA — Real-Time AI Assistant\\iisupp-net-deploy\\senior-director-state\\director-operating-board.md"}
{"ts":"2026-06-10T12:40:18.695Z","message":"worker tick","reason":"interval","openclaw":true}
{"ts":"2026-06-10T12:40:20.112Z","message":"aria health checked","bad":0}
{"ts":"2026-06-10T12:45:03.585Z","message":"another worker is already running","pid":12876}
{"ts":"2026-06-10T12:55:24.619Z","message":"worker tick","reason":"interval","openclaw":true}
{"ts":"2026-06-10T12:55:25.904Z","message":"aria health checked","bad":0}
{"ts":"2026-06-10T12:55:26.202Z","message":"lead scan complete","count":0,"newCount":0,"openclawUsed":0}
{"ts":"2026-06-10T12:55:26.236Z","message":"operating board updated","file":"C:\\Users\\Ahmad Wasee\\Documents\\GitHub\\ARIA — Real-Time AI Assistant\\iisupp-net-deploy\\senior-director-state\\director-operating-board.md"}
{"ts":"2026-06-10T13:10:30.859Z","message":"worker tick","reason":"interval","openclaw":true}
{"ts":"2026-06-10T13:10:32.066Z","message":"aria health checked","bad":0}
{"ts":"2026-06-10T13:23:49.285Z","message":"another worker is already running","pid":12876}
{"ts":"2026-06-10T13:25:35.578Z","message":"worker tick","reason":"interval","openclaw":true}
{"ts":"2026-06-10T13:25:36.835Z","message":"aria health checked","bad":0}
{"ts":"2026-06-10T13:25:36.873Z","message":"operating board updated","file":"C:\\Users\\Ahmad Wasee\\Documents\\GitHub\\ARIA — Real-Time AI Assistant\\iisupp-net-deploy\\senior-director-state\\director-operating-board.md"}
{"ts":"2026-06-10T13:40:40.189Z","message":"worker tick","reason":"interval","openclaw":true}
{"ts":"2026-06-10T13:40:41.528Z","message":"aria health checked","bad":0}
{"ts":"2026-06-10T13:55:44.835Z","message":"worker tick","reason":"interval","openclaw":true}
{"ts":"2026-06-10T13:55:46.055Z","message":"aria health checked","bad":0}
{"ts":"2026-06-10T13:55:46.143Z","message":"lead scan complete","count":0,"newCount":0,"openclawUsed":0}
{"ts":"2026-06-10T13:55:46.174Z","message":"operating board updated","file":"C:\\Users\\Ahmad Wasee\\Documents\\GitHub\\ARIA — Real-Time AI Assistant\\iisupp-net-deploy\\senior-director-state\\director-operating-board.md"}
{"ts":"2026-06-10T13:55:48.399Z","message":"openclaw mission brief attempted","ok":false,"code":1}
{"ts":"2026-06-10T14:10:51.651Z","message":"worker tick","reason":"interval","openclaw":true}
{"ts":"2026-06-10T14:10:52.977Z","message":"aria health checked","bad":0}
{"ts":"2026-06-10T14:25:56.313Z","message":"worker tick","reason":"interval","openclaw":true}
{"ts":"2026-06-10T14:25:57.538Z","message":"aria health checked","bad":0}
{"ts":"2026-06-10T14:25:57.571Z","message":"operating board updated","file":"C:\\Users\\Ahmad Wasee\\Documents\\GitHub\\ARIA — Real-Time AI Assistant\\iisupp-net-deploy\\senior-director-state\\director-operating-board.md"}
{"ts":"2026-06-10T14:41:00.834Z","message":"worker tick","reason":"interval","openclaw":true}
{"ts":"2026-06-10T14:41:02.055Z","message":"aria health checked","bad":0}
{"ts":"2026-06-10T14:56:05.256Z","message":"worker tick","reason":"interval","openclaw":true}
{"ts":"2026-06-10T14:56:06.569Z","message":"aria health checked","bad":0}
{"ts":"2026-06-10T14:56:11.997Z","message":"openclaw lead brief attempted","ok":false,"lead":"Flexible Metal Conduit Spares for Halifax Class Electrical Hardware","code":1}
{"ts":"2026-06-10T14:56:11.999Z","message":"lead scan complete","count":3,"newCount":3,"openclawUsed":1}
{"ts":"2026-06-10T14:56:12.032Z","message":"operating board updated","file":"C:\\Users\\Ahmad Wasee\\Documents\\GitHub\\ARIA — Real-Time AI Assistant\\iisupp-net-deploy\\senior-director-state\\director-operating-board.md"}
{"ts":"2026-06-10T15:11:15.336Z","message":"worker tick","reason":"interval","openclaw":true}
{"ts":"2026-06-10T15:11:16.830Z","message":"aria health checked","bad":0}
{"ts":"2026-06-10T15:26:20.186Z","message":"worker tick","reason":"interval","openclaw":true}
{"ts":"2026-06-10T15:26:22.058Z","message":"aria health checked","bad":0}
{"ts":"2026-06-10T15:26:22.093Z","message":"operating board updated","file":"C:\\Users\\Ahmad Wasee\\Documents\\GitHub\\ARIA — Real-Time AI Assistant\\iisupp-net-deploy\\senior-director-state\\director-operating-board.md"}
{"ts":"2026-06-10T15:41:25.392Z","message":"worker tick","reason":"interval","openclaw":true}
{"ts":"2026-06-10T15:41:26.871Z","message":"aria health checked","bad":0}
{"ts":"2026-06-10T15:56:30.442Z","message":"worker tick","reason":"interval","openclaw":true}
{"ts":"2026-06-10T15:56:31.717Z","message":"aria health checked","bad":0}
{"ts":"2026-06-10T15:56:31.808Z","message":"lead scan complete","count":3,"newCount":0,"openclawUsed":0}
{"ts":"2026-06-10T15:56:31.844Z","message":"operating board updated","file":"C:\\Users\\Ahmad Wasee\\Documents\\GitHub\\ARIA — Real-Time AI Assistant\\iisupp-net-deploy\\senior-director-state\\director-operating-board.md"}
{"ts":"2026-06-10T15:56:34.284Z","message":"openclaw mission brief attempted","ok":false,"code":1}
{"ts":"2026-06-10T16:11:37.757Z","message":"worker tick","reason":"interval","openclaw":true}
{"ts":"2026-06-10T16:11:39.197Z","message":"aria health checked","bad":0}
{"ts":"2026-06-10T16:26:42.600Z","message":"worker tick","reason":"interval","openclaw":true}
{"ts":"2026-06-10T16:26:44.153Z","message":"aria health checked","bad":0}
{"ts":"2026-06-10T16:26:44.188Z","message":"operating board updated","file":"C:\\Users\\Ahmad Wasee\\Documents\\GitHub\\ARIA — Real-Time AI Assistant\\iisupp-net-deploy\\senior-director-state\\director-operating-board.md"}
{"ts":"2026-06-10T16:41:47.409Z","message":"worker tick","reason":"interval","openclaw":true}
{"ts":"2026-06-10T16:41:48.921Z","message":"aria health checked","bad":0}
{"ts":"2026-06-10T16:56:52.193Z","message":"worker tick","reason":"interval","openclaw":true}
{"ts":"2026-06-10T16:56:53.808Z","message":"aria health checked","bad":0}
{"ts":"2026-06-10T16:56:53.899Z","message":"lead scan complete","count":5,"newCount":2,"openclawUsed":0}
{"ts":"2026-06-10T16:56:53.932Z","message":"operating board updated","file":"C:\\Users\\Ahmad Wasee\\Documents\\GitHub\\ARIA — Real-Time AI Assistant\\iisupp-net-deploy\\senior-director-state\\director-operating-board.md"}
{"ts":"2026-06-10T17:11:57.190Z","message":"worker tick","reason":"interval","openclaw":true}
{"ts":"2026-06-10T17:11:58.718Z","message":"aria health checked","bad":0}
{"ts":"2026-06-10T17:27:02.075Z","message":"worker tick","reason":"interval","openclaw":true}
{"ts":"2026-06-10T17:27:03.458Z","message":"aria health checked","bad":0}
{"ts":"2026-06-10T17:27:03.494Z","message":"operating board updated","file":"C:\\Users\\Ahmad Wasee\\Documents\\GitHub\\ARIA — Real-Time AI Assistant\\iisupp-net-deploy\\senior-director-state\\director-operating-board.md"}
{"ts":"2026-06-10T17:42:06.703Z","message":"worker tick","reason":"interval","openclaw":true}
{"ts":"2026-06-10T17:42:08.188Z","message":"aria health checked","bad":0}
{"ts":"2026-06-10T17:57:11.412Z","message":"worker tick","reason":"interval","openclaw":true}
{"ts":"2026-06-10T17:57:13.342Z","message":"aria health checked","bad":0}
{"ts":"2026-06-10T17:57:13.431Z","message":"lead scan complete","count":5,"newCount":0,"openclawUsed":0}
{"ts":"2026-06-10T17:57:13.463Z","message":"operating board updated","file":"C:\\Users\\Ahmad Wasee\\Documents\\GitHub\\ARIA — Real-Time AI Assistant\\iisupp-net-deploy\\senior-director-state\\director-operating-board.md"}
{"ts":"2026-06-10T17:57:15.638Z","message":"openclaw mission brief attempted","ok":false,"code":1}
{"ts":"2026-06-10T18:12:18.894Z","message":"worker tick","reason":"interval","openclaw":true}
{"ts":"2026-06-10T18:12:20.744Z","message":"aria health checked","bad":0}
{"ts":"2026-06-10T18:27:24.268Z","message":"worker tick","reason":"interval","openclaw":true}
{"ts":"2026-06-10T18:27:25.725Z","message":"aria health checked","bad":0}
{"ts":"2026-06-10T18:27:25.760Z","message":"operating board updated","file":"C:\\Users\\Ahmad Wasee\\Documents\\GitHub\\ARIA — Real-Time AI Assistant\\iisupp-net-deploy\\senior-director-state\\director-operating-board.md"}
{"ts":"2026-06-10T18:42:28.989Z","message":"worker tick","reason":"interval","openclaw":true}
{"ts":"2026-06-10T18:42:30.277Z","message":"aria health checked","bad":0}
{"ts":"2026-06-10T18:57:33.551Z","message":"worker tick","reason":"interval","openclaw":true}
{"ts":"2026-06-10T18:57:35.079Z","message":"aria health checked","bad":0}
{"ts":"2026-06-10T18:57:40.331Z","message":"openclaw lead brief attempted","ok":false,"lead":"TBIPS Project Manager – Level 3","code":1}
{"ts":"2026-06-10T18:57:40.333Z","message":"lead scan complete","count":7,"newCount":2,"openclawUsed":1}
{"ts":"2026-06-10T18:57:40.369Z","message":"operating board updated","file":"C:\\Users\\Ahmad Wasee\\Documents\\GitHub\\ARIA — Real-Time AI Assistant\\iisupp-net-deploy\\senior-director-state\\director-operating-board.md"}
{"ts":"2026-06-10T19:12:43.626Z","message":"worker tick","reason":"interval","openclaw":true}
{"ts":"2026-06-10T19:12:45.165Z","message":"aria health checked","bad":0}
{"ts":"2026-06-10T19:27:48.534Z","message":"worker tick","reason":"interval","openclaw":true}
{"ts":"2026-06-10T19:27:49.954Z","message":"aria health checked","bad":0}
{"ts":"2026-06-10T19:27:49.986Z","message":"operating board updated","file":"C:\\Users\\Ahmad Wasee\\Documents\\GitHub\\ARIA — Real-Time AI Assistant\\iisupp-net-deploy\\senior-director-state\\director-operating-board.md"}
{"ts":"2026-06-10T19:42:53.256Z","message":"worker tick","reason":"interval","openclaw":true}
{"ts":"2026-06-10T19:42:54.629Z","message":"aria health checked","bad":0}
{"ts":"2026-06-10T19:57:57.848Z","message":"worker tick","reason":"interval","openclaw":true}
{"ts":"2026-06-10T19:57:59.238Z","message":"aria health checked","bad":0}
{"ts":"2026-06-10T19:57:59.323Z","message":"lead scan complete","count":7,"newCount":0,"openclawUsed":0}
{"ts":"2026-06-10T19:57:59.356Z","message":"operating board updated","file":"C:\\Users\\Ahmad Wasee\\Documents\\GitHub\\ARIA — Real-Time AI Assistant\\iisupp-net-deploy\\senior-director-state\\director-operating-board.md"}
{"ts":"2026-06-10T19:58:01.497Z","message":"openclaw mission brief attempted","ok":false,"code":1}
{"ts":"2026-06-10T20:13:04.815Z","message":"worker tick","reason":"interval","openclaw":true}
{"ts":"2026-06-10T20:13:06.434Z","message":"aria health checked","bad":0}
{"ts":"2026-06-10T20:28:09.792Z","message":"worker tick","reason":"interval","openclaw":true}
{"ts":"2026-06-10T20:28:11.185Z","message":"aria health checked","bad":0}
{"ts":"2026-06-10T20:28:11.220Z","message":"operating board updated","file":"C:\\Users\\Ahmad Wasee\\Documents\\GitHub\\ARIA — Real-Time AI Assistant\\iisupp-net-deploy\\senior-director-state\\director-operating-board.md"}
{"ts":"2026-06-10T20:43:14.362Z","message":"worker tick","reason":"interval","openclaw":true}
{"ts":"2026-06-10T20:43:15.885Z","message":"aria health checked","bad":0}
{"ts":"2026-06-10T20:58:19.080Z","message":"worker tick","reason":"interval","openclaw":true}
{"ts":"2026-06-10T20:58:21.228Z","message":"aria health checked","bad":0}
{"ts":"2026-06-10T20:58:21.273Z","message":"lead scan complete","count":9,"newCount":2,"openclawUsed":0}
{"ts":"2026-06-10T20:58:21.305Z","message":"operating board updated","file":"C:\\Users\\Ahmad Wasee\\Documents\\GitHub\\ARIA — Real-Time AI Assistant\\iisupp-net-deploy\\senior-director-state\\director-operating-board.md"}
{"ts":"2026-06-10T21:13:24.549Z","message":"worker tick","reason":"interval","openclaw":true}
{"ts":"2026-06-10T21:13:26.023Z","message":"aria health checked","bad":0}
{"ts":"2026-06-10T21:28:29.338Z","message":"worker tick","reason":"interval","openclaw":true}
{"ts":"2026-06-10T21:28:30.864Z","message":"aria health checked","bad":0}
{"ts":"2026-06-10T21:28:30.898Z","message":"operating board updated","file":"C:\\Users\\Ahmad Wasee\\Documents\\GitHub\\ARIA — Real-Time AI Assistant\\iisupp-net-deploy\\senior-director-state\\director-operating-board.md"}
{"ts":"2026-06-10T21:43:34.080Z","message":"worker tick","reason":"interval","openclaw":true}
{"ts":"2026-06-10T21:43:35.537Z","message":"aria health checked","bad":0}
{"ts":"2026-06-10T21:58:38.814Z","message":"worker tick","reason":"interval","openclaw":true}
{"ts":"2026-06-10T21:58:41.251Z","message":"aria health checked","bad":0}
{"ts":"2026-06-10T21:58:41.357Z","message":"lead scan complete","count":9,"newCount":0,"openclawUsed":0}
{"ts":"2026-06-10T21:58:41.391Z","message":"operating board updated","file":"C:\\Users\\Ahmad Wasee\\Documents\\GitHub\\ARIA — Real-Time AI Assistant\\iisupp-net-deploy\\senior-director-state\\director-operating-board.md"}
{"ts":"2026-06-10T21:58:43.614Z","message":"openclaw mission brief attempted","ok":false,"code":1}
{"ts":"2026-06-10T22:13:46.768Z","message":"worker tick","reason":"interval","openclaw":true}
{"ts":"2026-06-10T22:13:48.230Z","message":"aria health checked","bad":0}
{"ts":"2026-06-10T22:28:51.623Z","message":"worker tick","reason":"interval","openclaw":true}
{"ts":"2026-06-10T22:28:53.162Z","message":"aria health checked","bad":0}
{"ts":"2026-06-10T22:28:53.197Z","message":"operating board updated","file":"C:\\Users\\Ahmad Wasee\\Documents\\GitHub\\ARIA — Real-Time AI Assistant\\iisupp-net-deploy\\senior-director-state\\director-operating-board.md"}
{"ts":"2026-06-10T22:43:56.474Z","message":"worker tick","reason":"interval","openclaw":true}
{"ts":"2026-06-10T22:43:58.156Z","message":"aria health checked","bad":0}
{"ts":"2026-06-10T22:59:01.442Z","message":"worker tick","reason":"interval","openclaw":true}
{"ts":"2026-06-10T22:59:03.269Z","message":"aria health checked","bad":0}
{"ts":"2026-06-10T22:59:03.359Z","message":"lead scan complete","count":9,"newCount":0,"openclawUsed":0}
{"ts":"2026-06-10T22:59:03.391Z","message":"operating board updated","file":"C:\\Users\\Ahmad Wasee\\Documents\\GitHub\\ARIA — Real-Time AI Assistant\\iisupp-net-deploy\\senior-director-state\\director-operating-board.md"}
{"ts":"2026-06-10T23:14:06.653Z","message":"worker tick","reason":"interval","openclaw":true}
{"ts":"2026-06-10T23:14:08.134Z","message":"aria health checked","bad":0}
{"ts":"2026-06-10T23:29:11.498Z","message":"worker tick","reason":"interval","openclaw":true}
{"ts":"2026-06-10T23:29:12.984Z","message":"aria health checked","bad":0}
{"ts":"2026-06-10T23:29:13.019Z","message":"operating board updated","file":"C:\\Users\\Ahmad Wasee\\Documents\\GitHub\\ARIA — Real-Time AI Assistant\\iisupp-net-deploy\\senior-director-state\\director-operating-board.md"}
{"ts":"2026-06-10T23:44:16.321Z","message":"worker tick","reason":"interval","openclaw":true}
{"ts":"2026-06-10T23:44:18.398Z","message":"aria health checked","bad":0}
{"ts":"2026-06-10T23:59:21.663Z","message":"worker tick","reason":"interval","openclaw":true}
{"ts":"2026-06-10T23:59:23.287Z","message":"aria health checked","bad":0}
{"ts":"2026-06-10T23:59:23.379Z","message":"lead scan complete","count":9,"newCount":0,"openclawUsed":0}
{"ts":"2026-06-10T23:59:23.412Z","message":"operating board updated","file":"C:\\Users\\Ahmad Wasee\\Documents\\GitHub\\ARIA — Real-Time AI Assistant\\iisupp-net-deploy\\senior-director-state\\director-operating-board.md"}
{"ts":"2026-06-10T23:59:25.602Z","message":"openclaw mission brief attempted","ok":false,"code":1}
{"ts":"2026-06-11T00:14:28.927Z","message":"worker tick","reason":"interval","openclaw":true}
{"ts":"2026-06-11T00:14:30.218Z","message":"aria health checked","bad":0}
{"ts":"2026-06-11T00:29:33.401Z","message":"worker tick","reason":"interval","openclaw":true}
{"ts":"2026-06-11T00:29:34.907Z","message":"aria health checked","bad":0}
{"ts":"2026-06-11T00:29:34.940Z","message":"operating board updated","file":"C:\\Users\\Ahmad Wasee\\Documents\\GitHub\\ARIA — Real-Time AI Assistant\\iisupp-net-deploy\\senior-director-state\\director-operating-board.md"}
{"ts":"2026-06-11T00:44:38.222Z","message":"worker tick","reason":"interval","openclaw":true}
{"ts":"2026-06-11T00:44:39.554Z","message":"aria health checked","bad":0}
{"ts":"2026-06-11T00:59:42.789Z","message":"worker tick","reason":"interval","openclaw":true}
{"ts":"2026-06-11T00:59:44.072Z","message":"aria health checked","bad":0}
{"ts":"2026-06-11T00:59:44.100Z","message":"lead scan complete","count":10,"newCount":1,"openclawUsed":0}
{"ts":"2026-06-11T00:59:44.132Z","message":"operating board updated","file":"C:\\Users\\Ahmad Wasee\\Documents\\GitHub\\ARIA — Real-Time AI Assistant\\iisupp-net-deploy\\senior-director-state\\director-operating-board.md"}
{"ts":"2026-06-11T01:14:47.484Z","message":"worker tick","reason":"interval","openclaw":true}
{"ts":"2026-06-11T01:14:48.876Z","message":"aria health checked","bad":0}
{"ts":"2026-06-11T01:29:52.190Z","message":"worker tick","reason":"interval","openclaw":true}
{"ts":"2026-06-11T01:29:53.772Z","message":"aria health checked","bad":0}
{"ts":"2026-06-11T01:29:53.803Z","message":"operating board updated","file":"C:\\Users\\Ahmad Wasee\\Documents\\GitHub\\ARIA — Real-Time AI Assistant\\iisupp-net-deploy\\senior-director-state\\director-operating-board.md"}
{"ts":"2026-06-11T01:44:57.098Z","message":"worker tick","reason":"interval","openclaw":true}
{"ts":"2026-06-11T01:44:58.499Z","message":"aria health checked","bad":0}
{"ts":"2026-06-11T02:00:01.832Z","message":"worker tick","reason":"interval","openclaw":true}
{"ts":"2026-06-11T02:00:03.313Z","message":"aria health checked","bad":0}
{"ts":"2026-06-11T02:00:03.387Z","message":"lead scan complete","count":10,"newCount":0,"openclawUsed":0}
{"ts":"2026-06-11T02:00:03.418Z","message":"operating board updated","file":"C:\\Users\\Ahmad Wasee\\Documents\\GitHub\\ARIA — Real-Time AI Assistant\\iisupp-net-deploy\\senior-director-state\\director-operating-board.md"}
{"ts":"2026-06-11T02:00:05.654Z","message":"openclaw mission brief attempted","ok":false,"code":1}
{"ts":"2026-06-11T02:15:09.092Z","message":"worker tick","reason":"interval","openclaw":true}
{"ts":"2026-06-11T02:15:10.487Z","message":"aria health checked","bad":0}
{"ts":"2026-06-11T02:30:13.834Z","message":"worker tick","reason":"interval","openclaw":true}
{"ts":"2026-06-11T02:30:15.326Z","message":"aria health checked","bad":0}
{"ts":"2026-06-11T02:30:15.360Z","message":"operating board updated","file":"C:\\Users\\Ahmad Wasee\\Documents\\GitHub\\ARIA — Real-Time AI Assistant\\iisupp-net-deploy\\senior-director-state\\director-operating-board.md"}
{"ts":"2026-06-11T02:45:18.757Z","message":"worker tick","reason":"interval","openclaw":true}
{"ts":"2026-06-11T02:45:20.168Z","message":"aria health checked","bad":0}
{"ts":"2026-06-11T02:45:23.804Z","message":"mcp registry scan complete","count":411,"unique":191,"recommended":12}
{"ts":"2026-06-11T03:00:27.262Z","message":"worker tick","reason":"interval","openclaw":true}
{"ts":"2026-06-11T03:00:29.483Z","message":"aria health checked","bad":0}
{"ts":"2026-06-11T03:00:29.564Z","message":"lead scan complete","count":10,"newCount":0,"openclawUsed":0}
{"ts":"2026-06-11T03:00:29.598Z","message":"operating board updated","file":"C:\\Users\\Ahmad Wasee\\Documents\\GitHub\\ARIA — Real-Time AI Assistant\\iisupp-net-deploy\\senior-director-state\\director-operating-board.md"}
{"ts":"2026-06-11T03:15:32.975Z","message":"worker tick","reason":"interval","openclaw":true}
{"ts":"2026-06-11T03:15:34.609Z","message":"aria health checked","bad":0}
{"ts":"2026-06-11T03:30:37.895Z","message":"worker tick","reason":"interval","openclaw":true}
{"ts":"2026-06-11T03:30:39.309Z","message":"aria health checked","bad":0}
{"ts":"2026-06-11T03:30:39.344Z","message":"operating board updated","file":"C:\\Users\\Ahmad Wasee\\Documents\\GitHub\\ARIA — Real-Time AI Assistant\\iisupp-net-deploy\\senior-director-state\\director-operating-board.md"}
{"ts":"2026-06-11T03:45:42.685Z","message":"worker tick","reason":"interval","openclaw":true}
{"ts":"2026-06-11T03:45:44.070Z","message":"aria health checked","bad":0}
{"ts":"2026-06-11T04:00:47.449Z","message":"worker tick","reason":"interval","openclaw":true}
{"ts":"2026-06-11T04:00:49.853Z","message":"aria health checked","bad":0}
{"ts":"2026-06-11T04:00:49.940Z","message":"lead scan complete","count":10,"newCount":0,"openclawUsed":0}
{"ts":"2026-06-11T04:00:49.974Z","message":"operating board updated","file":"C:\\Users\\Ahmad Wasee\\Documents\\GitHub\\ARIA — Real-Time AI Assistant\\iisupp-net-deploy\\senior-director-state\\director-operating-board.md"}
{"ts":"2026-06-11T04:00:52.252Z","message":"openclaw mission brief attempted","ok":false,"code":1}
{"ts":"2026-06-11T04:15:55.586Z","message":"worker tick","reason":"interval","openclaw":true}
{"ts":"2026-06-11T04:15:56.961Z","message":"aria health checked","bad":0}
{"ts":"2026-06-11T10:40:38.259Z","message":"worker tick","reason":"daemon","openclaw":true}
{"ts":"2026-06-11T10:40:39.542Z","message":"aria health checked","bad":0}
{"ts":"2026-06-11T10:40:39.636Z","message":"lead scan complete","count":2,"newCount":2,"openclawUsed":0}
{"ts":"2026-06-11T10:40:39.702Z","message":"operating board updated","file":"C:\\Users\\Ahmad Wasee\\Documents\\GitHub\\ARIA — Real-Time AI Assistant\\iisupp-net-deploy\\senior-director-state\\director-operating-board.md"}
{"ts":"2026-06-11T10:40:42.666Z","message":"openclaw mission brief attempted","ok":false,"code":1}
{"ts":"2026-06-11T10:55:45.882Z","message":"worker tick","reason":"interval","openclaw":true}
{"ts":"2026-06-11T10:55:47.146Z","message":"aria health checked","bad":0}
{"ts":"2026-06-11T11:10:50.321Z","message":"worker tick","reason":"interval","openclaw":true}
{"ts":"2026-06-11T11:10:51.807Z","message":"aria health checked","bad":0}
{"ts":"2026-06-11T11:10:51.854Z","message":"operating board updated","file":"C:\\Users\\Ahmad Wasee\\Documents\\GitHub\\ARIA — Real-Time AI Assistant\\iisupp-net-deploy\\senior-director-state\\director-operating-board.md"}
{"ts":"2026-06-11T11:25:55.076Z","message":"worker tick","reason":"interval","openclaw":true}
{"ts":"2026-06-11T11:25:56.308Z","message":"aria health checked","bad":0}
{"ts":"2026-06-11T11:40:59.585Z","message":"worker tick","reason":"interval","openclaw":true}
{"ts":"2026-06-11T11:41:00.831Z","message":"aria health checked","bad":0}
{"ts":"2026-06-11T11:41:00.921Z","message":"lead scan complete","count":2,"newCount":0,"openclawUsed":0}
{"ts":"2026-06-11T11:41:00.964Z","message":"operating board updated","file":"C:\\Users\\Ahmad Wasee\\Documents\\GitHub\\ARIA — Real-Time AI Assistant\\iisupp-net-deploy\\senior-director-state\\director-operating-board.md"}
{"ts":"2026-06-11T11:56:04.100Z","message":"worker tick","reason":"interval","openclaw":true}
{"ts":"2026-06-11T11:56:05.347Z","message":"aria health checked","bad":0}
{"ts":"2026-06-11T12:11:08.591Z","message":"worker tick","reason":"interval","openclaw":true}
{"ts":"2026-06-11T12:11:09.879Z","message":"aria health checked","bad":0}
{"ts":"2026-06-11T12:11:09.925Z","message":"operating board updated","file":"C:\\Users\\Ahmad Wasee\\Documents\\GitHub\\ARIA — Real-Time AI Assistant\\iisupp-net-deploy\\senior-director-state\\director-operating-board.md"}
{"ts":"2026-06-11T12:26:13.098Z","message":"worker tick","reason":"interval","openclaw":true}
{"ts":"2026-06-11T12:26:14.349Z","message":"aria health checked","bad":0}
{"ts":"2026-06-11T12:41:17.629Z","message":"worker tick","reason":"interval","openclaw":true}
{"ts":"2026-06-11T12:41:19.005Z","message":"aria health checked","bad":0}
{"ts":"2026-06-11T12:41:19.096Z","message":"lead scan complete","count":2,"newCount":0,"openclawUsed":0}
{"ts":"2026-06-11T12:41:19.140Z","message":"operating board updated","file":"C:\\Users\\Ahmad Wasee\\Documents\\GitHub\\ARIA — Real-Time AI Assistant\\iisupp-net-deploy\\senior-director-state\\director-operating-board.md"}
{"ts":"2026-06-11T12:41:21.347Z","message":"openclaw mission brief attempted","ok":false,"code":1}
{"ts":"2026-06-11T12:56:24.743Z","message":"worker tick","reason":"interval","openclaw":true}
{"ts":"2026-06-11T12:56:25.990Z","message":"aria health checked","bad":0}
{"ts":"2026-06-11T13:11:29.186Z","message":"worker tick","reason":"interval","openclaw":true}
{"ts":"2026-06-11T13:11:30.477Z","message":"aria health checked","bad":0}
{"ts":"2026-06-11T13:11:30.522Z","message":"operating board updated","file":"C:\\Users\\Ahmad Wasee\\Documents\\GitHub\\ARIA — Real-Time AI Assistant\\iisupp-net-deploy\\senior-director-state\\director-operating-board.md"}
{"ts":"2026-06-11T13:26:33.843Z","message":"worker tick","reason":"interval","openclaw":true}
{"ts":"2026-06-11T13:26:35.020Z","message":"aria health checked","bad":0}
{"ts":"2026-06-11T13:41:38.322Z","message":"worker tick","reason":"interval","openclaw":true}
{"ts":"2026-06-11T13:41:39.451Z","message":"aria health checked","bad":0}
{"ts":"2026-06-11T13:41:39.541Z","message":"lead scan complete","count":2,"newCount":0,"openclawUsed":0}
{"ts":"2026-06-11T13:41:39.583Z","message":"operating board updated","file":"C:\\Users\\Ahmad Wasee\\Documents\\GitHub\\ARIA — Real-Time AI Assistant\\iisupp-net-deploy\\senior-director-state\\director-operating-board.md"}
{"ts":"2026-06-11T13:56:42.826Z","message":"worker tick","reason":"interval","openclaw":true}
{"ts":"2026-06-11T13:56:44.046Z","message":"aria health checked","bad":0}
{"ts":"2026-06-11T14:11:47.178Z","message":"worker tick","reason":"interval","openclaw":true}
{"ts":"2026-06-11T14:11:48.339Z","message":"aria health checked","bad":0}
{"ts":"2026-06-11T14:11:48.382Z","message":"operating board updated","file":"C:\\Users\\Ahmad Wasee\\Documents\\GitHub\\ARIA — Real-Time AI Assistant\\iisupp-net-deploy\\senior-director-state\\director-operating-board.md"}
{"ts":"2026-06-11T14:26:51.633Z","message":"worker tick","reason":"interval","openclaw":true}
{"ts":"2026-06-11T14:26:52.944Z","message":"aria health checked","bad":0}
{"ts":"2026-06-11T14:41:56.219Z","message":"worker tick","reason":"interval","openclaw":true}
{"ts":"2026-06-11T14:41:57.652Z","message":"aria health checked","bad":0}
{"ts":"2026-06-11T14:41:57.704Z","message":"lead scan complete","count":1,"newCount":0,"openclawUsed":0}
{"ts":"2026-06-11T14:41:57.753Z","message":"operating board updated","file":"C:\\Users\\Ahmad Wasee\\Documents\\GitHub\\ARIA — Real-Time AI Assistant\\iisupp-net-deploy\\senior-director-state\\director-operating-board.md"}
{"ts":"2026-06-11T14:42:00.043Z","message":"openclaw mission brief attempted","ok":false,"code":1}
{"ts":"2026-06-11T14:57:03.286Z","message":"worker tick","reason":"interval","openclaw":true}
{"ts":"2026-06-11T14:57:04.475Z","message":"aria health checked","bad":0}
{"ts":"2026-06-11T15:12:07.798Z","message":"worker tick","reason":"interval","openclaw":true}
{"ts":"2026-06-11T15:12:09.186Z","message":"aria health checked","bad":0}
{"ts":"2026-06-11T15:12:09.229Z","message":"operating board updated","file":"C:\\Users\\Ahmad Wasee\\Documents\\GitHub\\ARIA — Real-Time AI Assistant\\iisupp-net-deploy\\senior-director-state\\director-operating-board.md"}
{"ts":"2026-06-11T15:27:12.463Z","message":"worker tick","reason":"interval","openclaw":true}
{"ts":"2026-06-11T15:27:13.845Z","message":"aria health checked","bad":0}
{"ts":"2026-06-11T15:30:20.979Z","message":"another worker is already running","pid":10960}
{"ts":"2026-06-11T15:42:17.090Z","message":"worker tick","reason":"interval","openclaw":true}
{"ts":"2026-06-11T15:42:18.301Z","message":"aria health checked","bad":0}
{"ts":"2026-06-11T15:42:18.350Z","message":"lead scan complete","count":1,"newCount":0,"openclawUsed":0}
{"ts":"2026-06-11T15:42:18.400Z","message":"operating board updated","file":"C:\\Users\\Ahmad Wasee\\Documents\\GitHub\\ARIA — Real-Time AI Assistant\\iisupp-net-deploy\\senior-director-state\\director-operating-board.md"}
{"ts":"2026-06-11T15:57:21.710Z","message":"worker tick","reason":"interval","openclaw":true}
{"ts":"2026-06-11T15:57:22.954Z","message":"aria health checked","bad":0}
{"ts":"2026-06-11T16:12:26.220Z","message":"worker tick","reason":"interval","openclaw":true}
{"ts":"2026-06-11T16:12:27.572Z","message":"aria health checked","bad":0}
{"ts":"2026-06-11T16:12:27.616Z","message":"operating board updated","file":"C:\\Users\\Ahmad Wasee\\Documents\\GitHub\\ARIA — Real-Time AI Assistant\\iisupp-net-deploy\\senior-director-state\\director-operating-board.md"}
{"ts":"2026-06-11T16:27:30.785Z","message":"worker tick","reason":"interval","openclaw":true}
{"ts":"2026-06-11T16:27:31.908Z","message":"aria health checked","bad":0}
{"ts":"2026-06-11T16:42:35.128Z","message":"worker tick","reason":"interval","openclaw":true}
{"ts":"2026-06-11T16:42:36.890Z","message":"aria health checked","bad":0}
{"ts":"2026-06-11T16:42:36.918Z","message":"lead scan complete","count":1,"newCount":0,"openclawUsed":0}
{"ts":"2026-06-11T16:42:36.977Z","message":"operating board updated","file":"C:\\Users\\Ahmad Wasee\\Documents\\GitHub\\ARIA — Real-Time AI Assistant\\iisupp-net-deploy\\senior-director-state\\director-operating-board.md"}
{"ts":"2026-06-11T16:42:39.204Z","message":"openclaw mission brief attempted","ok":false,"code":1}
{"ts":"2026-06-11T16:57:42.504Z","message":"worker tick","reason":"interval","openclaw":true}
{"ts":"2026-06-11T16:57:43.985Z","message":"aria health checked","bad":0}
{"ts":"2026-06-11T17:12:47.267Z","message":"worker tick","reason":"interval","openclaw":true}
{"ts":"2026-06-11T17:12:48.484Z","message":"aria health checked","bad":0}
{"ts":"2026-06-11T17:12:48.528Z","message":"operating board updated","file":"C:\\Users\\Ahmad Wasee\\Documents\\GitHub\\ARIA — Real-Time AI Assistant\\iisupp-net-deploy\\senior-director-state\\director-operating-board.md"}
{"ts":"2026-06-11T17:27:51.710Z","message":"worker tick","reason":"interval","openclaw":true}
{"ts":"2026-06-11T17:27:53.540Z","message":"aria health checked","bad":0}
{"ts":"2026-06-11T17:42:56.956Z","message":"worker tick","reason":"interval","openclaw":true}
{"ts":"2026-06-11T17:42:58.196Z","message":"aria health checked","bad":0}
{"ts":"2026-06-11T17:42:58.317Z","message":"lead scan complete","count":1,"newCount":0,"openclawUsed":0}
{"ts":"2026-06-11T17:42:58.372Z","message":"operating board updated","file":"C:\\Users\\Ahmad Wasee\\Documents\\GitHub\\ARIA — Real-Time AI Assistant\\iisupp-net-deploy\\senior-director-state\\director-operating-board.md"}
{"ts":"2026-06-11T17:58:01.834Z","message":"worker tick","reason":"interval","openclaw":true}
{"ts":"2026-06-11T17:58:03.352Z","message":"aria health checked","bad":0}
{"ts":"2026-06-11T18:10:56.945Z","message":"another worker is already running","pid":10960}
{"ts":"2026-06-11T18:13:06.727Z","message":"worker tick","reason":"interval","openclaw":true}
{"ts":"2026-06-11T18:13:08.024Z","message":"aria health checked","bad":0}
{"ts":"2026-06-11T18:13:08.068Z","message":"operating board updated","file":"C:\\Users\\Ahmad Wasee\\Documents\\GitHub\\ARIA — Real-Time AI Assistant\\iisupp-net-deploy\\senior-director-state\\director-operating-board.md"}
{"ts":"2026-06-11T18:28:11.253Z","message":"worker tick","reason":"interval","openclaw":true}
{"ts":"2026-06-11T18:28:12.644Z","message":"aria health checked","bad":0}
{"ts":"2026-06-11T18:43:15.897Z","message":"worker tick","reason":"interval","openclaw":true}
{"ts":"2026-06-11T18:43:17.418Z","message":"aria health checked","bad":0}
{"ts":"2026-06-11T18:43:17.510Z","message":"lead scan complete","count":2,"newCount":1,"openclawUsed":0}
{"ts":"2026-06-11T18:43:17.550Z","message":"operating board updated","file":"C:\\Users\\Ahmad Wasee\\Documents\\GitHub\\ARIA — Real-Time AI Assistant\\iisupp-net-deploy\\senior-director-state\\director-operating-board.md"}
{"ts":"2026-06-11T18:43:19.766Z","message":"openclaw mission brief attempted","ok":false,"code":1}
{"ts":"2026-06-11T18:53:31.557Z","message":"another worker is already running","pid":10960}
{"ts":"2026-06-11T18:53:34.659Z","message":"another worker is already running","pid":10960}
{"ts":"2026-06-11T18:53:49.051Z","message":"worker tick","reason":"daemon","openclaw":false}
{"ts":"2026-06-11T18:53:49.116Z","message":"aria health checked","bad":2}
{"ts":"2026-06-11T18:54:15.524Z","message":"worker tick","reason":"once","openclaw":false}
{"ts":"2026-06-11T18:54:15.557Z","message":"aria health checked","bad":2}
{"ts":"2026-06-11T18:54:17.032Z","message":"worker tick","reason":"daemon","openclaw":false}
{"ts":"2026-06-11T18:54:17.062Z","message":"aria health checked","bad":2}
{"ts":"2026-06-11T18:54:37.678Z","message":"worker tick","reason":"once","openclaw":false}
{"ts":"2026-06-11T18:54:37.708Z","message":"aria health checked","bad":2}
{"ts":"2026-06-11T18:54:37.780Z","message":"operating board updated","file":"C:\\Users\\Ahmad Wasee\\Documents\\GitHub\\ARIA — Real-Time AI Assistant\\iisupp-net-deploy\\senior-director-state\\director-operating-board.md"}
{"ts":"2026-06-12T10:46:36.053Z","message":"worker tick","reason":"daemon","openclaw":true}
{"ts":"2026-06-12T10:46:37.442Z","message":"aria health checked","bad":0}
{"ts":"2026-06-12T10:46:37.539Z","message":"lead scan complete","count":3,"newCount":3,"openclawUsed":0}
{"ts":"2026-06-12T10:46:39.305Z","message":"mcp registry scan complete","count":413,"unique":194,"recommended":12}
{"ts":"2026-06-12T10:46:39.367Z","message":"operating board updated","file":"C:\\Users\\Ahmad Wasee\\Documents\\GitHub\\ARIA — Real-Time AI Assistant\\iisupp-net-deploy\\senior-director-state\\director-operating-board.md"}
{"ts":"2026-06-12T10:46:41.979Z","message":"openclaw mission brief attempted","ok":false,"code":1}
{"ts":"2026-06-12T11:01:45.343Z","message":"worker tick","reason":"interval","openclaw":true}
{"ts":"2026-06-12T11:01:46.735Z","message":"aria health checked","bad":0}
{"ts":"2026-06-12T11:16:49.975Z","message":"worker tick","reason":"interval","openclaw":true}
{"ts":"2026-06-12T11:16:51.129Z","message":"aria health checked","bad":0}
{"ts":"2026-06-12T11:16:51.181Z","message":"operating board updated","file":"C:\\Users\\Ahmad Wasee\\Documents\\GitHub\\ARIA — Real-Time AI Assistant\\iisupp-net-deploy\\senior-director-state\\director-operating-board.md"}
{"ts":"2026-06-12T11:31:54.399Z","message":"worker tick","reason":"interval","openclaw":true}
{"ts":"2026-06-12T11:31:55.685Z","message":"aria health checked","bad":0}
{"ts":"2026-06-12T11:46:58.814Z","message":"worker tick","reason":"interval","openclaw":true}
{"ts":"2026-06-12T11:47:00.141Z","message":"aria health checked","bad":0}
{"ts":"2026-06-12T11:47:00.187Z","message":"lead scan complete","count":3,"newCount":0,"openclawUsed":0}
{"ts":"2026-06-12T11:47:00.234Z","message":"operating board updated","file":"C:\\Users\\Ahmad Wasee\\Documents\\GitHub\\ARIA — Real-Time AI Assistant\\iisupp-net-deploy\\senior-director-state\\director-operating-board.md"}
{"ts":"2026-06-12T12:02:03.473Z","message":"worker tick","reason":"interval","openclaw":true}
{"ts":"2026-06-12T12:02:05.100Z","message":"aria health checked","bad":0}
{"ts":"2026-06-12T12:06:29.489Z","message":"another worker is already running","pid":15444}
{"ts":"2026-06-12T12:17:08.241Z","message":"worker tick","reason":"interval","openclaw":true}
{"ts":"2026-06-12T12:17:09.758Z","message":"aria health checked","bad":0}
{"ts":"2026-06-12T12:17:09.805Z","message":"operating board updated","file":"C:\\Users\\Ahmad Wasee\\Documents\\GitHub\\ARIA — Real-Time AI Assistant\\iisupp-net-deploy\\senior-director-state\\director-operating-board.md"}
{"ts":"2026-06-12T12:32:12.920Z","message":"worker tick","reason":"interval","openclaw":true}
{"ts":"2026-06-12T12:32:14.132Z","message":"aria health checked","bad":0}
{"ts":"2026-06-12T12:47:17.379Z","message":"worker tick","reason":"interval","openclaw":true}
{"ts":"2026-06-12T12:47:18.461Z","message":"aria health checked","bad":0}
{"ts":"2026-06-12T12:47:18.580Z","message":"lead scan complete","count":3,"newCount":0,"openclawUsed":0}
{"ts":"2026-06-12T12:47:18.626Z","message":"operating board updated","file":"C:\\Users\\Ahmad Wasee\\Documents\\GitHub\\ARIA — Real-Time AI Assistant\\iisupp-net-deploy\\senior-director-state\\director-operating-board.md"}
{"ts":"2026-06-12T12:47:20.795Z","message":"openclaw mission brief attempted","ok":false,"code":1}
{"ts":"2026-06-12T13:02:24.018Z","message":"worker tick","reason":"interval","openclaw":true}
{"ts":"2026-06-12T13:02:25.208Z","message":"aria health checked","bad":0}
{"ts":"2026-06-12T13:17:28.594Z","message":"worker tick","reason":"interval","openclaw":true}
{"ts":"2026-06-12T13:17:29.774Z","message":"aria health checked","bad":0}
{"ts":"2026-06-12T13:17:29.821Z","message":"operating board updated","file":"C:\\Users\\Ahmad Wasee\\Documents\\GitHub\\ARIA — Real-Time AI Assistant\\iisupp-net-deploy\\senior-director-state\\director-operating-board.md"}
{"ts":"2026-06-12T13:32:33.449Z","message":"worker tick","reason":"interval","openclaw":true}
{"ts":"2026-06-12T13:32:34.550Z","message":"aria health checked","bad":0}
{"ts":"2026-06-12T13:32:46.698Z","message":"another worker is already running","pid":15444}
{"ts":"2026-06-12T13:47:37.913Z","message":"worker tick","reason":"interval","openclaw":true}
{"ts":"2026-06-12T13:47:39.770Z","message":"aria health checked","bad":0}
{"ts":"2026-06-12T13:47:39.801Z","message":"lead scan complete","count":3,"newCount":0,"openclawUsed":0}
{"ts":"2026-06-12T13:47:39.910Z","message":"operating board updated","file":"C:\\Users\\Ahmad Wasee\\Documents\\GitHub\\ARIA — Real-Time AI Assistant\\iisupp-net-deploy\\senior-director-state\\director-operating-board.md"}
{"ts":"2026-06-12T14:02:43.421Z","message":"worker tick","reason":"interval","openclaw":true}
{"ts":"2026-06-12T14:02:44.634Z","message":"aria health checked","bad":0}
{"ts":"2026-06-12T14:17:47.977Z","message":"worker tick","reason":"interval","openclaw":true}
{"ts":"2026-06-12T14:17:49.383Z","message":"aria health checked","bad":0}
{"ts":"2026-06-12T14:17:49.431Z","message":"operating board updated","file":"C:\\Users\\Ahmad Wasee\\Documents\\GitHub\\ARIA — Real-Time AI Assistant\\iisupp-net-deploy\\senior-director-state\\director-operating-board.md"}
{"ts":"2026-06-12T14:32:52.823Z","message":"worker tick","reason":"interval","openclaw":true}
{"ts":"2026-06-12T14:32:54.015Z","message":"aria health checked","bad":0}
{"ts":"2026-06-12T14:47:57.340Z","message":"worker tick","reason":"interval","openclaw":true}
{"ts":"2026-06-12T14:47:58.531Z","message":"aria health checked","bad":0}
{"ts":"2026-06-12T14:47:58.614Z","message":"lead scan complete","count":3,"newCount":0,"openclawUsed":0}
{"ts":"2026-06-12T14:47:58.661Z","message":"operating board updated","file":"C:\\Users\\Ahmad Wasee\\Documents\\GitHub\\ARIA — Real-Time AI Assistant\\iisupp-net-deploy\\senior-director-state\\director-operating-board.md"}
{"ts":"2026-06-12T14:48:00.889Z","message":"openclaw mission brief attempted","ok":false,"code":1}
{"ts":"2026-06-12T15:03:04.005Z","message":"worker tick","reason":"interval","openclaw":true}
{"ts":"2026-06-12T15:03:05.746Z","message":"aria health checked","bad":0}
{"ts":"2026-06-12T15:18:09.115Z","message":"worker tick","reason":"interval","openclaw":true}
{"ts":"2026-06-12T15:18:10.198Z","message":"aria health checked","bad":0}
{"ts":"2026-06-12T15:18:10.247Z","message":"operating board updated","file":"C:\\Users\\Ahmad Wasee\\Documents\\GitHub\\ARIA — Real-Time AI Assistant\\iisupp-net-deploy\\senior-director-state\\director-operating-board.md"}
{"ts":"2026-06-12T15:33:13.519Z","message":"worker tick","reason":"interval","openclaw":true}
{"ts":"2026-06-12T15:33:14.821Z","message":"aria health checked","bad":0}
{"ts":"2026-06-12T15:48:18.095Z","message":"worker tick","reason":"interval","openclaw":true}
{"ts":"2026-06-12T15:48:19.594Z","message":"aria health checked","bad":0}
{"ts":"2026-06-12T15:48:19.677Z","message":"lead scan complete","count":3,"newCount":0,"openclawUsed":0}
{"ts":"2026-06-12T15:48:19.723Z","message":"operating board updated","file":"C:\\Users\\Ahmad Wasee\\Documents\\GitHub\\ARIA — Real-Time AI Assistant\\iisupp-net-deploy\\senior-director-state\\director-operating-board.md"}
{"ts":"2026-06-12T16:03:23.054Z","message":"worker tick","reason":"interval","openclaw":true}
{"ts":"2026-06-12T16:03:24.828Z","message":"aria health checked","bad":0}
{"ts":"2026-06-12T16:03:28.648Z","message":"another worker is already running","pid":15444}
{"ts":"2026-06-12T16:03:51.987Z","message":"worker tick","reason":"daemon","openclaw":true}
{"ts":"2026-06-12T16:03:52.254Z","message":"aria health checked","bad":0}
{"ts":"2026-06-12T16:04:24.598Z","message":"worker tick","reason":"once","openclaw":true}
{"ts":"2026-06-12T16:04:24.820Z","message":"aria health checked","bad":0}
{"ts":"2026-06-12T16:04:28.147Z","message":"worker tick","reason":"daemon","openclaw":true}
{"ts":"2026-06-12T16:04:28.350Z","message":"aria health checked","bad":0}
{"ts":"2026-06-12T16:19:31.524Z","message":"worker tick","reason":"interval","openclaw":true}
{"ts":"2026-06-12T16:19:32.744Z","message":"aria health checked","bad":0}
{"ts":"2026-06-12T16:19:32.799Z","message":"operating board updated","file":"C:\\Users\\Ahmad Wasee\\Documents\\GitHub\\ARIA — Real-Time AI Assistant\\iisupp-net-deploy\\senior-director-state\\director-operating-board.md"}
{"ts":"2026-06-12T16:34:36.032Z","message":"worker tick","reason":"interval","openclaw":true}
{"ts":"2026-06-12T16:34:37.271Z","message":"aria health checked","bad":0}
{"ts":"2026-06-12T16:49:40.515Z","message":"worker tick","reason":"interval","openclaw":true}
{"ts":"2026-06-12T16:49:41.673Z","message":"aria health checked","bad":0}
{"ts":"2026-06-12T16:49:41.708Z","message":"lead scan complete","count":5,"newCount":2,"openclawUsed":0}
{"ts":"2026-06-12T16:49:41.754Z","message":"operating board updated","file":"C:\\Users\\Ahmad Wasee\\Documents\\GitHub\\ARIA — Real-Time AI Assistant\\iisupp-net-deploy\\senior-director-state\\director-operating-board.md"}
{"ts":"2026-06-12T16:49:43.896Z","message":"openclaw mission brief attempted","ok":false,"code":1}
{"ts":"2026-06-12T17:04:47.306Z","message":"worker tick","reason":"interval","openclaw":true}
{"ts":"2026-06-12T17:04:48.566Z","message":"aria health checked","bad":0}
{"ts":"2026-06-12T17:19:53.044Z","message":"worker tick","reason":"interval","openclaw":true}
{"ts":"2026-06-12T17:19:54.565Z","message":"aria health checked","bad":0}
{"ts":"2026-06-12T17:19:54.610Z","message":"operating board updated","file":"C:\\Users\\Ahmad Wasee\\Documents\\GitHub\\ARIA — Real-Time AI Assistant\\iisupp-net-deploy\\senior-director-state\\director-operating-board.md"}
{"ts":"2026-06-12T17:34:57.786Z","message":"worker tick","reason":"interval","openclaw":true}
{"ts":"2026-06-12T17:34:59.364Z","message":"aria health checked","bad":0}
{"ts":"2026-06-12T17:50:02.618Z","message":"worker tick","reason":"interval","openclaw":true}
{"ts":"2026-06-12T17:50:03.931Z","message":"aria health checked","bad":0}
{"ts":"2026-06-12T17:50:03.977Z","message":"lead scan complete","count":5,"newCount":0,"openclawUsed":0}
{"ts":"2026-06-12T17:50:04.024Z","message":"operating board updated","file":"C:\\Users\\Ahmad Wasee\\Documents\\GitHub\\ARIA — Real-Time AI Assistant\\iisupp-net-deploy\\senior-director-state\\director-operating-board.md"}
{"ts":"2026-06-12T18:04:24.323Z","message":"another worker is already running","pid":20176}
{"ts":"2026-06-12T18:05:07.489Z","message":"worker tick","reason":"interval","openclaw":true}
{"ts":"2026-06-12T18:05:09.089Z","message":"aria health checked","bad":0}
{"ts":"2026-06-12T18:20:12.272Z","message":"worker tick","reason":"interval","openclaw":true}
{"ts":"2026-06-12T18:20:14.074Z","message":"aria health checked","bad":0}
{"ts":"2026-06-12T18:20:14.122Z","message":"operating board updated","file":"C:\\Users\\Ahmad Wasee\\Documents\\GitHub\\ARIA — Real-Time AI Assistant\\iisupp-net-deploy\\senior-director-state\\director-operating-board.md"}
{"ts":"2026-06-12T18:35:17.305Z","message":"worker tick","reason":"interval","openclaw":true}
{"ts":"2026-06-12T18:35:18.538Z","message":"aria health checked","bad":0}
{"ts":"2026-06-12T18:50:21.793Z","message":"worker tick","reason":"interval","openclaw":true}
{"ts":"2026-06-12T18:50:22.960Z","message":"aria health checked","bad":0}
{"ts":"2026-06-12T18:50:22.997Z","message":"lead scan complete","count":8,"newCount":3,"openclawUsed":0}
{"ts":"2026-06-12T18:50:23.041Z","message":"operating board updated","file":"C:\\Users\\Ahmad Wasee\\Documents\\GitHub\\ARIA — Real-Time AI Assistant\\iisupp-net-deploy\\senior-director-state\\director-operating-board.md"}
{"ts":"2026-06-12T18:50:25.171Z","message":"openclaw mission brief attempted","ok":false,"code":1}
{"ts":"2026-06-12T19:05:28.589Z","message":"worker tick","reason":"interval","openclaw":true}
{"ts":"2026-06-12T19:05:32.148Z","message":"aria health checked","bad":0}
{"ts":"2026-06-12T19:20:35.445Z","message":"worker tick","reason":"interval","openclaw":true}
{"ts":"2026-06-12T19:20:36.636Z","message":"aria health checked","bad":0}
{"ts":"2026-06-12T19:20:36.681Z","message":"operating board updated","file":"C:\\Users\\Ahmad Wasee\\Documents\\GitHub\\ARIA — Real-Time AI Assistant\\iisupp-net-deploy\\senior-director-state\\director-operating-board.md"}
{"ts":"2026-06-12T19:35:39.825Z","message":"worker tick","reason":"interval","openclaw":true}
{"ts":"2026-06-12T19:35:41.100Z","message":"aria health checked","bad":0}
{"ts":"2026-06-12T19:50:44.383Z","message":"worker tick","reason":"interval","openclaw":true}
{"ts":"2026-06-12T19:50:45.702Z","message":"aria health checked","bad":0}
{"ts":"2026-06-12T19:50:45.767Z","message":"lead scan complete","count":8,"newCount":0,"openclawUsed":0}
{"ts":"2026-06-12T19:50:45.815Z","message":"operating board updated","file":"C:\\Users\\Ahmad Wasee\\Documents\\GitHub\\ARIA — Real-Time AI Assistant\\iisupp-net-deploy\\senior-director-state\\director-operating-board.md"}
{"ts":"2026-06-12T20:05:49.164Z","message":"worker tick","reason":"interval","openclaw":true}
{"ts":"2026-06-12T20:05:50.806Z","message":"aria health checked","bad":0}
{"ts":"2026-06-12T20:20:54.023Z","message":"worker tick","reason":"interval","openclaw":true}
{"ts":"2026-06-12T20:20:55.349Z","message":"aria health checked","bad":0}
{"ts":"2026-06-12T20:20:55.395Z","message":"operating board updated","file":"C:\\Users\\Ahmad Wasee\\Documents\\GitHub\\ARIA — Real-Time AI Assistant\\iisupp-net-deploy\\senior-director-state\\director-operating-board.md"}
{"ts":"2026-06-12T20:35:58.514Z","message":"worker tick","reason":"interval","openclaw":true}
{"ts":"2026-06-12T20:36:00.160Z","message":"aria health checked","bad":0}
{"ts":"2026-06-12T20:51:03.410Z","message":"worker tick","reason":"interval","openclaw":true}
{"ts":"2026-06-12T20:51:04.797Z","message":"aria health checked","bad":0}
{"ts":"2026-06-12T20:51:04.879Z","message":"lead scan complete","count":9,"newCount":1,"openclawUsed":0}
{"ts":"2026-06-12T20:51:04.925Z","message":"operating board updated","file":"C:\\Users\\Ahmad Wasee\\Documents\\GitHub\\ARIA — Real-Time AI Assistant\\iisupp-net-deploy\\senior-director-state\\director-operating-board.md"}
{"ts":"2026-06-12T20:51:07.099Z","message":"openclaw mission brief attempted","ok":false,"code":1}
{"ts":"2026-06-12T21:06:10.291Z","message":"worker tick","reason":"interval","openclaw":true}
{"ts":"2026-06-12T21:06:12.019Z","message":"aria health checked","bad":0}
{"ts":"2026-06-12T21:21:15.289Z","message":"worker tick","reason":"interval","openclaw":true}
{"ts":"2026-06-12T21:21:16.622Z","message":"aria health checked","bad":0}
{"ts":"2026-06-12T21:21:16.670Z","message":"operating board updated","file":"C:\\Users\\Ahmad Wasee\\Documents\\GitHub\\ARIA — Real-Time AI Assistant\\iisupp-net-deploy\\senior-director-state\\director-operating-board.md"}
{"ts":"2026-06-12T21:36:19.859Z","message":"worker tick","reason":"interval","openclaw":true}
{"ts":"2026-06-12T21:36:21.108Z","message":"aria health checked","bad":0}
{"ts":"2026-06-12T21:51:24.366Z","message":"worker tick","reason":"interval","openclaw":true}
{"ts":"2026-06-12T21:51:25.683Z","message":"aria health checked","bad":0}
{"ts":"2026-06-12T21:51:25.730Z","message":"lead scan complete","count":9,"newCount":0,"openclawUsed":0}
{"ts":"2026-06-12T21:51:25.776Z","message":"operating board updated","file":"C:\\Users\\Ahmad Wasee\\Documents\\GitHub\\ARIA — Real-Time AI Assistant\\iisupp-net-deploy\\senior-director-state\\director-operating-board.md"}
{"ts":"2026-06-12T22:06:29.165Z","message":"worker tick","reason":"interval","openclaw":true}
{"ts":"2026-06-12T22:06:30.796Z","message":"aria health checked","bad":0}
{"ts":"2026-06-12T22:07:58.269Z","message":"another worker is already running","pid":20176}
{"ts":"2026-06-12T22:21:33.956Z","message":"worker tick","reason":"interval","openclaw":true}
{"ts":"2026-06-12T22:21:35.289Z","message":"aria health checked","bad":0}
{"ts":"2026-06-12T22:21:35.337Z","message":"operating board updated","file":"C:\\Users\\Ahmad Wasee\\Documents\\GitHub\\ARIA — Real-Time AI Assistant\\iisupp-net-deploy\\senior-director-state\\director-operating-board.md"}
{"ts":"2026-06-12T22:36:38.531Z","message":"worker tick","reason":"interval","openclaw":true}
{"ts":"2026-06-12T22:36:39.823Z","message":"aria health checked","bad":0}
{"ts":"2026-06-12T22:51:43.845Z","message":"worker tick","reason":"interval","openclaw":true}
{"ts":"2026-06-12T22:51:45.058Z","message":"aria health checked","bad":0}
{"ts":"2026-06-12T22:51:45.166Z","message":"lead scan complete","count":10,"newCount":1,"openclawUsed":0}
{"ts":"2026-06-12T22:51:45.212Z","message":"operating board updated","file":"C:\\Users\\Ahmad Wasee\\Documents\\GitHub\\ARIA — Real-Time AI Assistant\\iisupp-net-deploy\\senior-director-state\\director-operating-board.md"}
{"ts":"2026-06-12T22:51:47.339Z","message":"openclaw mission brief attempted","ok":false,"code":1}
{"ts":"2026-06-12T23:06:50.636Z","message":"worker tick","reason":"interval","openclaw":true}
{"ts":"2026-06-12T23:06:52.311Z","message":"aria health checked","bad":0}
{"ts":"2026-06-12T23:21:55.745Z","message":"worker tick","reason":"interval","openclaw":true}
{"ts":"2026-06-12T23:21:57.018Z","message":"aria health checked","bad":0}
{"ts":"2026-06-12T23:21:57.063Z","message":"operating board updated","file":"C:\\Users\\Ahmad Wasee\\Documents\\GitHub\\ARIA — Real-Time AI Assistant\\iisupp-net-deploy\\senior-director-state\\director-operating-board.md"}
{"ts":"2026-06-12T23:37:00.824Z","message":"worker tick","reason":"interval","openclaw":true}
{"ts":"2026-06-12T23:37:02.117Z","message":"aria health checked","bad":0}
{"ts":"2026-06-12T23:52:05.666Z","message":"worker tick","reason":"interval","openclaw":true}
{"ts":"2026-06-12T23:52:06.922Z","message":"aria health checked","bad":0}
{"ts":"2026-06-12T23:52:07.016Z","message":"lead scan complete","count":10,"newCount":0,"openclawUsed":0}
{"ts":"2026-06-12T23:52:07.074Z","message":"operating board updated","file":"C:\\Users\\Ahmad Wasee\\Documents\\GitHub\\ARIA — Real-Time AI Assistant\\iisupp-net-deploy\\senior-director-state\\director-operating-board.md"}
{"ts":"2026-06-13T00:07:10.413Z","message":"worker tick","reason":"interval","openclaw":true}
{"ts":"2026-06-13T00:07:12.068Z","message":"aria health checked","bad":0}
{"ts":"2026-06-13T00:22:15.343Z","message":"worker tick","reason":"interval","openclaw":true}
{"ts":"2026-06-13T00:22:16.643Z","message":"aria health checked","bad":0}
{"ts":"2026-06-13T00:22:16.696Z","message":"operating board updated","file":"C:\\Users\\Ahmad Wasee\\Documents\\GitHub\\ARIA — Real-Time AI Assistant\\iisupp-net-deploy\\senior-director-state\\director-operating-board.md"}
{"ts":"2026-06-13T00:37:19.865Z","message":"worker tick","reason":"interval","openclaw":true}
{"ts":"2026-06-13T00:37:21.064Z","message":"aria health checked","bad":0}
{"ts":"2026-06-13T00:52:24.413Z","message":"worker tick","reason":"interval","openclaw":true}
{"ts":"2026-06-13T00:52:25.707Z","message":"aria health checked","bad":0}
{"ts":"2026-06-13T00:52:25.842Z","message":"lead scan complete","count":10,"newCount":0,"openclawUsed":0}
{"ts":"2026-06-13T00:52:25.901Z","message":"operating board updated","file":"C:\\Users\\Ahmad Wasee\\Documents\\GitHub\\ARIA — Real-Time AI Assistant\\iisupp-net-deploy\\senior-director-state\\director-operating-board.md"}
{"ts":"2026-06-13T00:52:28.099Z","message":"openclaw mission brief attempted","ok":false,"code":1}
{"ts":"2026-06-13T01:07:31.410Z","message":"worker tick","reason":"interval","openclaw":true}
{"ts":"2026-06-13T01:07:33.199Z","message":"aria health checked","bad":0}
{"ts":"2026-06-13T01:22:36.470Z","message":"worker tick","reason":"interval","openclaw":true}
{"ts":"2026-06-13T01:22:37.706Z","message":"aria health checked","bad":0}
{"ts":"2026-06-13T01:22:37.764Z","message":"operating board updated","file":"C:\\Users\\Ahmad Wasee\\Documents\\GitHub\\ARIA — Real-Time AI Assistant\\iisupp-net-deploy\\senior-director-state\\director-operating-board.md"}
{"ts":"2026-06-13T01:37:40.957Z","message":"worker tick","reason":"interval","openclaw":true}
{"ts":"2026-06-13T01:37:42.248Z","message":"aria health checked","bad":0}
{"ts":"2026-06-13T01:52:45.741Z","message":"worker tick","reason":"interval","openclaw":true}
{"ts":"2026-06-13T01:52:47.022Z","message":"aria health checked","bad":0}
{"ts":"2026-06-13T01:52:47.115Z","message":"lead scan complete","count":10,"newCount":0,"openclawUsed":0}
{"ts":"2026-06-13T01:52:47.172Z","message":"operating board updated","file":"C:\\Users\\Ahmad Wasee\\Documents\\GitHub\\ARIA — Real-Time AI Assistant\\iisupp-net-deploy\\senior-director-state\\director-operating-board.md"}
{"ts":"2026-06-13T02:07:50.606Z","message":"worker tick","reason":"interval","openclaw":true}
{"ts":"2026-06-13T02:07:52.479Z","message":"aria health checked","bad":0}
{"ts":"2026-06-13T02:22:55.834Z","message":"worker tick","reason":"interval","openclaw":true}
{"ts":"2026-06-13T02:22:57.098Z","message":"aria health checked","bad":0}
{"ts":"2026-06-13T02:22:57.153Z","message":"operating board updated","file":"C:\\Users\\Ahmad Wasee\\Documents\\GitHub\\ARIA — Real-Time AI Assistant\\iisupp-net-deploy\\senior-director-state\\director-operating-board.md"}
{"ts":"2026-06-13T02:38:00.676Z","message":"worker tick","reason":"interval","openclaw":true}
{"ts":"2026-06-13T02:38:01.970Z","message":"aria health checked","bad":0}
{"ts":"2026-06-13T02:53:05.561Z","message":"worker tick","reason":"interval","openclaw":true}
{"ts":"2026-06-13T02:53:06.991Z","message":"aria health checked","bad":0}
{"ts":"2026-06-13T02:53:07.086Z","message":"lead scan complete","count":10,"newCount":0,"openclawUsed":0}
{"ts":"2026-06-13T02:53:07.136Z","message":"operating board updated","file":"C:\\Users\\Ahmad Wasee\\Documents\\GitHub\\ARIA — Real-Time AI Assistant\\iisupp-net-deploy\\senior-director-state\\director-operating-board.md"}
{"ts":"2026-06-13T02:53:09.473Z","message":"openclaw mission brief attempted","ok":false,"code":1}
{"ts":"2026-06-13T03:08:13.007Z","message":"worker tick","reason":"interval","openclaw":true}
{"ts":"2026-06-13T03:08:14.777Z","message":"aria health checked","bad":0}
{"ts":"2026-06-13T03:09:35.041Z","message":"another worker is already running","pid":20176}
{"ts":"2026-06-13T03:23:18.328Z","message":"worker tick","reason":"interval","openclaw":true}
{"ts":"2026-06-13T03:23:19.633Z","message":"aria health checked","bad":0}
{"ts":"2026-06-13T03:23:19.688Z","message":"operating board updated","file":"C:\\Users\\Ahmad Wasee\\Documents\\GitHub\\ARIA — Real-Time AI Assistant\\iisupp-net-deploy\\senior-director-state\\director-operating-board.md"}
{"ts":"2026-06-13T03:38:23.215Z","message":"worker tick","reason":"interval","openclaw":true}
{"ts":"2026-06-13T03:38:24.499Z","message":"aria health checked","bad":0}
{"ts":"2026-06-13T03:53:28.116Z","message":"worker tick","reason":"interval","openclaw":true}
{"ts":"2026-06-13T03:53:29.950Z","message":"aria health checked","bad":0}
{"ts":"2026-06-13T03:53:30.031Z","message":"lead scan complete","count":10,"newCount":0,"openclawUsed":0}
{"ts":"2026-06-13T03:53:30.130Z","message":"operating board updated","file":"C:\\Users\\Ahmad Wasee\\Documents\\GitHub\\ARIA — Real-Time AI Assistant\\iisupp-net-deploy\\senior-director-state\\director-operating-board.md"}
{"ts":"2026-06-13T04:08:33.714Z","message":"worker tick","reason":"interval","openclaw":true}
{"ts":"2026-06-13T04:08:35.008Z","message":"aria health checked","bad":0}
{"ts":"2026-06-13T04:23:38.302Z","message":"worker tick","reason":"interval","openclaw":true}
{"ts":"2026-06-13T04:23:39.480Z","message":"aria health checked","bad":0}
{"ts":"2026-06-13T04:23:39.530Z","message":"operating board updated","file":"C:\\Users\\Ahmad Wasee\\Documents\\GitHub\\ARIA — Real-Time AI Assistant\\iisupp-net-deploy\\senior-director-state\\director-operating-board.md"}
{"ts":"2026-06-13T04:38:42.977Z","message":"worker tick","reason":"interval","openclaw":true}
{"ts":"2026-06-13T04:38:44.238Z","message":"aria health checked","bad":0}
{"ts":"2026-06-13T04:53:47.875Z","message":"worker tick","reason":"interval","openclaw":true}
{"ts":"2026-06-13T04:53:49.110Z","message":"aria health checked","bad":0}
{"ts":"2026-06-13T04:53:49.202Z","message":"lead scan complete","count":10,"newCount":0,"openclawUsed":0}
{"ts":"2026-06-13T04:53:49.259Z","message":"operating board updated","file":"C:\\Users\\Ahmad Wasee\\Documents\\GitHub\\ARIA — Real-Time AI Assistant\\iisupp-net-deploy\\senior-director-state\\director-operating-board.md"}
{"ts":"2026-06-13T04:53:51.618Z","message":"openclaw mission brief attempted","ok":false,"code":1}
{"ts":"2026-06-13T05:08:55.238Z","message":"worker tick","reason":"interval","openclaw":true}
{"ts":"2026-06-13T05:08:56.539Z","message":"aria health checked","bad":0}
{"ts":"2026-06-13T05:23:59.968Z","message":"worker tick","reason":"interval","openclaw":true}
{"ts":"2026-06-13T05:24:01.192Z","message":"aria health checked","bad":0}
{"ts":"2026-06-13T05:24:01.251Z","message":"operating board updated","file":"C:\\Users\\Ahmad Wasee\\Documents\\GitHub\\ARIA — Real-Time AI Assistant\\iisupp-net-deploy\\senior-director-state\\director-operating-board.md"}
{"ts":"2026-06-13T05:39:04.640Z","message":"worker tick","reason":"interval","openclaw":true}
{"ts":"2026-06-13T05:39:05.895Z","message":"aria health checked","bad":0}
{"ts":"2026-06-13T05:54:09.473Z","message":"worker tick","reason":"interval","openclaw":true}
{"ts":"2026-06-13T05:54:11.147Z","message":"aria health checked","bad":0}
{"ts":"2026-06-13T05:54:11.177Z","message":"lead scan complete","count":10,"newCount":0,"openclawUsed":0}
{"ts":"2026-06-13T05:54:11.235Z","message":"operating board updated","file":"C:\\Users\\Ahmad Wasee\\Documents\\GitHub\\ARIA — Real-Time AI Assistant\\iisupp-net-deploy\\senior-director-state\\director-operating-board.md"}
{"ts":"2026-06-13T06:09:14.720Z","message":"worker tick","reason":"interval","openclaw":true}
{"ts":"2026-06-13T06:09:15.075Z","message":"aria health checked","bad":2}
{"ts":"2026-06-13T06:24:18.745Z","message":"worker tick","reason":"interval","openclaw":true}
{"ts":"2026-06-13T06:24:18.965Z","message":"aria health checked","bad":2}
{"ts":"2026-06-13T06:24:19.015Z","message":"operating board updated","file":"C:\\Users\\Ahmad Wasee\\Documents\\GitHub\\ARIA — Real-Time AI Assistant\\iisupp-net-deploy\\senior-director-state\\director-operating-board.md"}
{"ts":"2026-06-13T06:39:22.485Z","message":"worker tick","reason":"interval","openclaw":true}
{"ts":"2026-06-13T06:39:22.714Z","message":"aria health checked","bad":2}
{"ts":"2026-06-13T06:54:26.252Z","message":"worker tick","reason":"interval","openclaw":true}
{"ts":"2026-06-13T06:54:26.475Z","message":"aria health checked","bad":2}
{"ts":"2026-06-13T06:54:26.503Z","message":"lead radar fetch failed","status":404}
{"ts":"2026-06-13T06:54:26.558Z","message":"operating board updated","file":"C:\\Users\\Ahmad Wasee\\Documents\\GitHub\\ARIA — Real-Time AI Assistant\\iisupp-net-deploy\\senior-director-state\\director-operating-board.md"}
{"ts":"2026-06-13T06:54:29.036Z","message":"openclaw mission brief attempted","ok":false,"code":1}
{"ts":"2026-06-13T07:09:32.486Z","message":"worker tick","reason":"interval","openclaw":true}
{"ts":"2026-06-13T07:09:32.698Z","message":"aria health checked","bad":2}
{"ts":"2026-06-13T07:24:36.237Z","message":"worker tick","reason":"interval","openclaw":true}
{"ts":"2026-06-13T07:24:36.438Z","message":"aria health checked","bad":2}
{"ts":"2026-06-13T07:24:36.608Z","message":"operating board updated","file":"C:\\Users\\Ahmad Wasee\\Documents\\GitHub\\ARIA — Real-Time AI Assistant\\iisupp-net-deploy\\senior-director-state\\director-operating-board.md"}
{"ts":"2026-06-13T07:39:40.233Z","message":"worker tick","reason":"interval","openclaw":true}
{"ts":"2026-06-13T07:39:40.463Z","message":"aria health checked","bad":2}
{"ts":"2026-06-13T07:54:44.233Z","message":"worker tick","reason":"interval","openclaw":true}
{"ts":"2026-06-13T07:54:44.435Z","message":"aria health checked","bad":2}
{"ts":"2026-06-13T07:54:44.471Z","message":"lead radar fetch failed","status":404}
{"ts":"2026-06-13T07:54:44.530Z","message":"operating board updated","file":"C:\\Users\\Ahmad Wasee\\Documents\\GitHub\\ARIA — Real-Time AI Assistant\\iisupp-net-deploy\\senior-director-state\\director-operating-board.md"}
{"ts":"2026-06-13T08:09:48.130Z","message":"worker tick","reason":"interval","openclaw":true}
{"ts":"2026-06-13T08:09:49.365Z","message":"aria health checked","bad":0}
{"ts":"2026-06-13T08:24:53.050Z","message":"worker tick","reason":"interval","openclaw":true}
{"ts":"2026-06-13T08:24:54.564Z","message":"aria health checked","bad":0}
{"ts":"2026-06-13T08:24:54.620Z","message":"operating board updated","file":"C:\\Users\\Ahmad Wasee\\Documents\\GitHub\\ARIA — Real-Time AI Assistant\\iisupp-net-deploy\\senior-director-state\\director-operating-board.md"}
{"ts":"2026-06-13T08:39:58.362Z","message":"worker tick","reason":"interval","openclaw":true}
{"ts":"2026-06-13T08:39:59.565Z","message":"aria health checked","bad":0}
{"ts":"2026-06-13T08:55:03.039Z","message":"worker tick","reason":"interval","openclaw":true}
{"ts":"2026-06-13T08:55:04.257Z","message":"aria health checked","bad":0}
{"ts":"2026-06-13T08:55:04.363Z","message":"lead scan complete","count":10,"newCount":0,"openclawUsed":0}
{"ts":"2026-06-13T08:55:04.415Z","message":"operating board updated","file":"C:\\Users\\Ahmad Wasee\\Documents\\GitHub\\ARIA — Real-Time AI Assistant\\iisupp-net-deploy\\senior-director-state\\director-operating-board.md"}
{"ts":"2026-06-13T08:55:06.695Z","message":"openclaw mission brief attempted","ok":false,"code":1}
{"ts":"2026-06-13T09:10:10.045Z","message":"worker tick","reason":"interval","openclaw":true}
{"ts":"2026-06-13T09:10:11.315Z","message":"aria health checked","bad":0}
{"ts":"2026-06-13T09:25:15.025Z","message":"worker tick","reason":"interval","openclaw":true}
{"ts":"2026-06-13T09:25:16.179Z","message":"aria health checked","bad":0}
{"ts":"2026-06-13T09:25:16.235Z","message":"operating board updated","file":"C:\\Users\\Ahmad Wasee\\Documents\\GitHub\\ARIA — Real-Time AI Assistant\\iisupp-net-deploy\\senior-director-state\\director-operating-board.md"}
{"ts":"2026-06-13T09:40:19.737Z","message":"worker tick","reason":"interval","openclaw":true}
{"ts":"2026-06-13T09:40:20.953Z","message":"aria health checked","bad":0}
{"ts":"2026-06-13T09:55:24.500Z","message":"worker tick","reason":"interval","openclaw":true}
{"ts":"2026-06-13T09:55:25.816Z","message":"aria health checked","bad":0}
{"ts":"2026-06-13T09:55:25.913Z","message":"lead scan complete","count":10,"newCount":0,"openclawUsed":0}
{"ts":"2026-06-13T09:55:25.966Z","message":"operating board updated","file":"C:\\Users\\Ahmad Wasee\\Documents\\GitHub\\ARIA — Real-Time AI Assistant\\iisupp-net-deploy\\senior-director-state\\director-operating-board.md"}
{"ts":"2026-06-13T10:10:29.435Z","message":"worker tick","reason":"interval","openclaw":true}
{"ts":"2026-06-13T10:10:30.735Z","message":"aria health checked","bad":0}
{"ts":"2026-06-13T10:25:34.374Z","message":"worker tick","reason":"interval","openclaw":true}
{"ts":"2026-06-13T10:25:35.455Z","message":"aria health checked","bad":0}
{"ts":"2026-06-13T10:25:35.512Z","message":"operating board updated","file":"C:\\Users\\Ahmad Wasee\\Documents\\GitHub\\ARIA — Real-Time AI Assistant\\iisupp-net-deploy\\senior-director-state\\director-operating-board.md"}
{"ts":"2026-06-13T10:40:38.990Z","message":"worker tick","reason":"interval","openclaw":true}
{"ts":"2026-06-13T10:40:40.120Z","message":"aria health checked","bad":0}
{"ts":"2026-06-13T10:55:43.726Z","message":"worker tick","reason":"interval","openclaw":true}
{"ts":"2026-06-13T10:55:45.159Z","message":"aria health checked","bad":0}
{"ts":"2026-06-13T10:55:45.192Z","message":"lead scan complete","count":1,"newCount":1,"openclawUsed":0}
{"ts":"2026-06-13T10:55:46.860Z","message":"mcp registry scan complete","count":414,"unique":196,"recommended":12}
{"ts":"2026-06-13T10:55:46.914Z","message":"operating board updated","file":"C:\\Users\\Ahmad Wasee\\Documents\\GitHub\\ARIA — Real-Time AI Assistant\\iisupp-net-deploy\\senior-director-state\\director-operating-board.md"}
{"ts":"2026-06-13T10:55:49.174Z","message":"openclaw mission brief attempted","ok":false,"code":1}
{"ts":"2026-06-13T11:10:52.648Z","message":"worker tick","reason":"interval","openclaw":true}
{"ts":"2026-06-13T11:10:53.829Z","message":"aria health checked","bad":0}
{"ts":"2026-06-13T11:25:57.266Z","message":"worker tick","reason":"interval","openclaw":true}
{"ts":"2026-06-13T11:25:58.342Z","message":"aria health checked","bad":0}
{"ts":"2026-06-13T11:25:58.402Z","message":"operating board updated","file":"C:\\Users\\Ahmad Wasee\\Documents\\GitHub\\ARIA — Real-Time AI Assistant\\iisupp-net-deploy\\senior-director-state\\director-operating-board.md"}
{"ts":"2026-06-13T11:41:02.006Z","message":"worker tick","reason":"interval","openclaw":true}
{"ts":"2026-06-13T11:41:03.099Z","message":"aria health checked","bad":0}
{"ts":"2026-06-13T11:56:06.814Z","message":"worker tick","reason":"interval","openclaw":true}
{"ts":"2026-06-13T11:56:08.003Z","message":"aria health checked","bad":0}
{"ts":"2026-06-13T11:56:08.090Z","message":"lead scan complete","count":1,"newCount":0,"openclawUsed":0}
{"ts":"2026-06-13T11:56:08.151Z","message":"operating board updated","file":"C:\\Users\\Ahmad Wasee\\Documents\\GitHub\\ARIA — Real-Time AI Assistant\\iisupp-net-deploy\\senior-director-state\\director-operating-board.md"}
{"ts":"2026-06-13T12:11:11.888Z","message":"worker tick","reason":"interval","openclaw":true}
{"ts":"2026-06-13T12:11:13.006Z","message":"aria health checked","bad":0}
{"ts":"2026-06-13T12:26:16.409Z","message":"worker tick","reason":"interval","openclaw":true}
{"ts":"2026-06-13T12:26:17.494Z","message":"aria health checked","bad":0}
{"ts":"2026-06-13T12:26:17.546Z","message":"operating board updated","file":"C:\\Users\\Ahmad Wasee\\Documents\\GitHub\\ARIA — Real-Time AI Assistant\\iisupp-net-deploy\\senior-director-state\\director-operating-board.md"}
{"ts":"2026-06-13T12:41:21.308Z","message":"worker tick","reason":"interval","openclaw":true}
{"ts":"2026-06-13T12:41:22.538Z","message":"aria health checked","bad":0}
{"ts":"2026-06-13T12:56:26.095Z","message":"worker tick","reason":"interval","openclaw":true}
{"ts":"2026-06-13T12:56:27.184Z","message":"aria health checked","bad":0}
{"ts":"2026-06-13T12:56:27.214Z","message":"lead scan complete","count":1,"newCount":0,"openclawUsed":0}
{"ts":"2026-06-13T12:56:27.338Z","message":"operating board updated","file":"C:\\Users\\Ahmad Wasee\\Documents\\GitHub\\ARIA — Real-Time AI Assistant\\iisupp-net-deploy\\senior-director-state\\director-operating-board.md"}
{"ts":"2026-06-13T12:56:29.619Z","message":"openclaw mission brief attempted","ok":false,"code":1}
{"ts":"2026-06-13T13:11:33.054Z","message":"worker tick","reason":"interval","openclaw":true}
{"ts":"2026-06-13T13:11:34.155Z","message":"aria health checked","bad":0}
{"ts":"2026-06-13T13:26:37.839Z","message":"worker tick","reason":"interval","openclaw":true}
{"ts":"2026-06-13T13:26:38.927Z","message":"aria health checked","bad":0}
{"ts":"2026-06-13T13:26:39.055Z","message":"operating board updated","file":"C:\\Users\\Ahmad Wasee\\Documents\\GitHub\\ARIA — Real-Time AI Assistant\\iisupp-net-deploy\\senior-director-state\\director-operating-board.md"}
{"ts":"2026-06-13T13:41:42.601Z","message":"worker tick","reason":"interval","openclaw":true}
{"ts":"2026-06-13T13:41:43.769Z","message":"aria health checked","bad":0}
{"ts":"2026-06-13T13:56:47.656Z","message":"worker tick","reason":"interval","openclaw":true}
{"ts":"2026-06-13T13:56:48.763Z","message":"aria health checked","bad":0}
{"ts":"2026-06-13T13:56:48.846Z","message":"lead scan complete","count":1,"newCount":0,"openclawUsed":0}
{"ts":"2026-06-13T13:56:48.898Z","message":"operating board updated","file":"C:\\Users\\Ahmad Wasee\\Documents\\GitHub\\ARIA — Real-Time AI Assistant\\iisupp-net-deploy\\senior-director-state\\director-operating-board.md"}
{"ts":"2026-06-13T14:11:52.438Z","message":"worker tick","reason":"interval","openclaw":true}
{"ts":"2026-06-13T14:11:53.535Z","message":"aria health checked","bad":0}
{"ts":"2026-06-13T14:26:57.146Z","message":"worker tick","reason":"interval","openclaw":true}
{"ts":"2026-06-13T14:26:58.359Z","message":"aria health checked","bad":0}
{"ts":"2026-06-13T14:26:58.414Z","message":"operating board updated","file":"C:\\Users\\Ahmad Wasee\\Documents\\GitHub\\ARIA — Real-Time AI Assistant\\iisupp-net-deploy\\senior-director-state\\director-operating-board.md"}
{"ts":"2026-06-13T14:42:02.045Z","message":"worker tick","reason":"interval","openclaw":true}
{"ts":"2026-06-13T14:42:03.164Z","message":"aria health checked","bad":0}
{"ts":"2026-06-13T14:57:06.908Z","message":"worker tick","reason":"interval","openclaw":true}
{"ts":"2026-06-13T14:57:08.154Z","message":"aria health checked","bad":0}
{"ts":"2026-06-13T14:57:08.183Z","message":"lead scan complete","count":1,"newCount":0,"openclawUsed":0}
{"ts":"2026-06-13T14:57:08.238Z","message":"operating board updated","file":"C:\\Users\\Ahmad Wasee\\Documents\\GitHub\\ARIA — Real-Time AI Assistant\\iisupp-net-deploy\\senior-director-state\\director-operating-board.md"}
{"ts":"2026-06-13T14:57:10.559Z","message":"openclaw mission brief attempted","ok":false,"code":1}
{"ts":"2026-06-13T15:12:14.135Z","message":"worker tick","reason":"interval","openclaw":true}
{"ts":"2026-06-13T15:12:15.288Z","message":"aria health checked","bad":0}
{"ts":"2026-06-13T15:27:19.230Z","message":"worker tick","reason":"interval","openclaw":true}
{"ts":"2026-06-13T15:27:20.383Z","message":"aria health checked","bad":0}
{"ts":"2026-06-13T15:27:20.440Z","message":"operating board updated","file":"C:\\Users\\Ahmad Wasee\\Documents\\GitHub\\ARIA — Real-Time AI Assistant\\iisupp-net-deploy\\senior-director-state\\director-operating-board.md"}
{"ts":"2026-06-13T15:42:26.592Z","message":"worker tick","reason":"interval","openclaw":true}
{"ts":"2026-06-13T15:42:27.918Z","message":"aria health checked","bad":0}
{"ts":"2026-06-13T15:57:31.612Z","message":"worker tick","reason":"interval","openclaw":true}
{"ts":"2026-06-13T15:57:32.872Z","message":"aria health checked","bad":0}
{"ts":"2026-06-13T15:57:32.904Z","message":"lead scan complete","count":1,"newCount":0,"openclawUsed":0}
{"ts":"2026-06-13T15:57:33.042Z","message":"operating board updated","file":"C:\\Users\\Ahmad Wasee\\Documents\\GitHub\\ARIA — Real-Time AI Assistant\\iisupp-net-deploy\\senior-director-state\\director-operating-board.md"}
{"ts":"2026-06-13T16:12:36.653Z","message":"worker tick","reason":"interval","openclaw":true}
{"ts":"2026-06-13T16:12:37.821Z","message":"aria health checked","bad":0}
{"ts":"2026-06-13T16:27:41.385Z","message":"worker tick","reason":"interval","openclaw":true}
{"ts":"2026-06-13T16:27:42.562Z","message":"aria health checked","bad":0}
{"ts":"2026-06-13T16:27:42.615Z","message":"operating board updated","file":"C:\\Users\\Ahmad Wasee\\Documents\\GitHub\\ARIA — Real-Time AI Assistant\\iisupp-net-deploy\\senior-director-state\\director-operating-board.md"}
{"ts":"2026-06-13T16:42:46.381Z","message":"worker tick","reason":"interval","openclaw":true}
{"ts":"2026-06-13T16:42:47.602Z","message":"aria health checked","bad":0}
{"ts":"2026-06-13T16:57:51.438Z","message":"worker tick","reason":"interval","openclaw":true}
{"ts":"2026-06-13T16:57:52.581Z","message":"aria health checked","bad":0}
{"ts":"2026-06-13T16:57:52.677Z","message":"lead scan complete","count":1,"newCount":0,"openclawUsed":0}
{"ts":"2026-06-13T16:57:52.729Z","message":"operating board updated","file":"C:\\Users\\Ahmad Wasee\\Documents\\GitHub\\ARIA — Real-Time AI Assistant\\iisupp-net-deploy\\senior-director-state\\director-operating-board.md"}
{"ts":"2026-06-13T16:57:55.129Z","message":"openclaw mission brief attempted","ok":false,"code":1}
{"ts":"2026-06-13T17:12:58.684Z","message":"worker tick","reason":"interval","openclaw":true}
{"ts":"2026-06-13T17:12:59.861Z","message":"aria health checked","bad":0}
{"ts":"2026-06-13T17:28:03.528Z","message":"worker tick","reason":"interval","openclaw":true}
{"ts":"2026-06-13T17:28:04.640Z","message":"aria health checked","bad":0}
{"ts":"2026-06-13T17:28:04.700Z","message":"operating board updated","file":"C:\\Users\\Ahmad Wasee\\Documents\\GitHub\\ARIA — Real-Time AI Assistant\\iisupp-net-deploy\\senior-director-state\\director-operating-board.md"}
{"ts":"2026-06-13T17:43:08.458Z","message":"worker tick","reason":"interval","openclaw":true}
{"ts":"2026-06-13T17:43:09.516Z","message":"aria health checked","bad":0}
{"ts":"2026-06-13T17:58:14.058Z","message":"worker tick","reason":"interval","openclaw":true}
{"ts":"2026-06-13T17:58:15.189Z","message":"aria health checked","bad":0}
{"ts":"2026-06-13T17:58:15.285Z","message":"lead scan complete","count":1,"newCount":0,"openclawUsed":0}
{"ts":"2026-06-13T17:58:15.344Z","message":"operating board updated","file":"C:\\Users\\Ahmad Wasee\\Documents\\GitHub\\ARIA — Real-Time AI Assistant\\iisupp-net-deploy\\senior-director-state\\director-operating-board.md"}
{"ts":"2026-06-13T18:13:18.997Z","message":"worker tick","reason":"interval","openclaw":true}
{"ts":"2026-06-13T18:13:20.149Z","message":"aria health checked","bad":0}
{"ts":"2026-06-13T18:28:23.610Z","message":"worker tick","reason":"interval","openclaw":true}
{"ts":"2026-06-13T18:28:24.735Z","message":"aria health checked","bad":0}
{"ts":"2026-06-13T18:28:24.789Z","message":"operating board updated","file":"C:\\Users\\Ahmad Wasee\\Documents\\GitHub\\ARIA — Real-Time AI Assistant\\iisupp-net-deploy\\senior-director-state\\director-operating-board.md"}
{"ts":"2026-06-13T18:43:29.026Z","message":"worker tick","reason":"interval","openclaw":true}
{"ts":"2026-06-13T18:43:30.173Z","message":"aria health checked","bad":0}
{"ts":"2026-06-13T18:58:33.752Z","message":"worker tick","reason":"interval","openclaw":true}
{"ts":"2026-06-13T18:58:34.919Z","message":"aria health checked","bad":0}
{"ts":"2026-06-13T18:58:35.009Z","message":"lead scan complete","count":1,"newCount":0,"openclawUsed":0}
{"ts":"2026-06-13T18:58:35.060Z","message":"operating board updated","file":"C:\\Users\\Ahmad Wasee\\Documents\\GitHub\\ARIA — Real-Time AI Assistant\\iisupp-net-deploy\\senior-director-state\\director-operating-board.md"}
{"ts":"2026-06-13T18:58:38.099Z","message":"openclaw mission brief attempted","ok":false,"code":1}
{"ts":"2026-06-13T19:13:41.633Z","message":"worker tick","reason":"interval","openclaw":true}
{"ts":"2026-06-13T19:13:42.790Z","message":"aria health checked","bad":0}
{"ts":"2026-06-13T19:28:46.173Z","message":"worker tick","reason":"interval","openclaw":true}
{"ts":"2026-06-13T19:28:47.392Z","message":"aria health checked","bad":0}
{"ts":"2026-06-13T19:28:47.456Z","message":"operating board updated","file":"C:\\Users\\Ahmad Wasee\\Documents\\GitHub\\ARIA — Real-Time AI Assistant\\iisupp-net-deploy\\senior-director-state\\director-operating-board.md"}
{"ts":"2026-06-13T19:43:51.433Z","message":"worker tick","reason":"interval","openclaw":true}
{"ts":"2026-06-13T19:43:52.468Z","message":"aria health checked","bad":0}
{"ts":"2026-06-13T19:58:56.008Z","message":"worker tick","reason":"interval","openclaw":true}
{"ts":"2026-06-13T19:58:57.217Z","message":"aria health checked","bad":0}
{"ts":"2026-06-13T19:58:57.246Z","message":"lead scan complete","count":1,"newCount":0,"openclawUsed":0}
{"ts":"2026-06-13T19:58:57.565Z","message":"operating board updated","file":"C:\\Users\\Ahmad Wasee\\Documents\\GitHub\\ARIA — Real-Time AI Assistant\\iisupp-net-deploy\\senior-director-state\\director-operating-board.md"}
{"ts":"2026-06-13T20:14:01.212Z","message":"worker tick","reason":"interval","openclaw":true}
{"ts":"2026-06-13T20:14:02.305Z","message":"aria health checked","bad":0}
{"ts":"2026-06-13T20:29:05.868Z","message":"worker tick","reason":"interval","openclaw":true}
{"ts":"2026-06-13T20:29:06.966Z","message":"aria health checked","bad":0}
{"ts":"2026-06-13T20:29:07.125Z","message":"operating board updated","file":"C:\\Users\\Ahmad Wasee\\Documents\\GitHub\\ARIA — Real-Time AI Assistant\\iisupp-net-deploy\\senior-director-state\\director-operating-board.md"}
{"ts":"2026-06-13T20:44:10.675Z","message":"worker tick","reason":"interval","openclaw":true}
{"ts":"2026-06-13T20:44:12.018Z","message":"aria health checked","bad":0}
{"ts":"2026-06-13T20:59:15.997Z","message":"worker tick","reason":"interval","openclaw":true}
{"ts":"2026-06-13T20:59:17.258Z","message":"aria health checked","bad":0}
{"ts":"2026-06-13T20:59:23.385Z","message":"openclaw lead brief attempted","ok":false,"lead":"One (1) Engineering Graduate, Level 3 (Senior)","code":1}
{"ts":"2026-06-13T20:59:23.387Z","message":"lead scan complete","count":2,"newCount":1,"openclawUsed":1}
{"ts":"2026-06-13T20:59:23.446Z","message":"operating board updated","file":"C:\\Users\\Ahmad Wasee\\Documents\\GitHub\\ARIA — Real-Time AI Assistant\\iisupp-net-deploy\\senior-director-state\\director-operating-board.md"}
{"ts":"2026-06-13T20:59:25.708Z","message":"openclaw mission brief attempted","ok":false,"code":1}
{"ts":"2026-06-13T21:14:29.301Z","message":"worker tick","reason":"interval","openclaw":true}
{"ts":"2026-06-13T21:14:30.621Z","message":"aria health checked","bad":0}
{"ts":"2026-06-13T21:29:34.274Z","message":"worker tick","reason":"interval","openclaw":true}
{"ts":"2026-06-13T21:29:35.562Z","message":"aria health checked","bad":0}
{"ts":"2026-06-13T21:29:35.627Z","message":"operating board updated","file":"C:\\Users\\Ahmad Wasee\\Documents\\GitHub\\ARIA — Real-Time AI Assistant\\iisupp-net-deploy\\senior-director-state\\director-operating-board.md"}
{"ts":"2026-06-13T21:44:39.207Z","message":"worker tick","reason":"interval","openclaw":true}
{"ts":"2026-06-13T21:44:40.473Z","message":"aria health checked","bad":0}
{"ts":"2026-06-13T21:59:44.474Z","message":"worker tick","reason":"interval","openclaw":true}
{"ts":"2026-06-13T21:59:45.847Z","message":"aria health checked","bad":0}
{"ts":"2026-06-13T21:59:45.936Z","message":"lead scan complete","count":2,"newCount":0,"openclawUsed":0}
{"ts":"2026-06-13T21:59:46.090Z","message":"operating board updated","file":"C:\\Users\\Ahmad Wasee\\Documents\\GitHub\\ARIA — Real-Time AI Assistant\\iisupp-net-deploy\\senior-director-state\\director-operating-board.md"}
{"ts":"2026-06-13T22:14:49.932Z","message":"worker tick","reason":"interval","openclaw":true}
{"ts":"2026-06-13T22:14:51.210Z","message":"aria health checked","bad":0}
{"ts":"2026-06-13T22:29:55.255Z","message":"worker tick","reason":"interval","openclaw":true}
{"ts":"2026-06-13T22:29:56.751Z","message":"aria health checked","bad":0}
{"ts":"2026-06-13T22:29:57.130Z","message":"operating board updated","file":"C:\\Users\\Ahmad Wasee\\Documents\\GitHub\\ARIA — Real-Time AI Assistant\\iisupp-net-deploy\\senior-director-state\\director-operating-board.md"}
{"ts":"2026-06-13T22:45:00.837Z","message":"worker tick","reason":"interval","openclaw":true}
{"ts":"2026-06-13T22:45:02.295Z","message":"aria health checked","bad":0}
{"ts":"2026-06-13T23:00:06.381Z","message":"worker tick","reason":"interval","openclaw":true}
{"ts":"2026-06-13T23:00:07.662Z","message":"aria health checked","bad":0}
{"ts":"2026-06-13T23:00:07.698Z","message":"lead scan complete","count":2,"newCount":0,"openclawUsed":0}
{"ts":"2026-06-13T23:00:07.754Z","message":"operating board updated","file":"C:\\Users\\Ahmad Wasee\\Documents\\GitHub\\ARIA — Real-Time AI Assistant\\iisupp-net-deploy\\senior-director-state\\director-operating-board.md"}
{"ts":"2026-06-13T23:00:10.582Z","message":"openclaw mission brief attempted","ok":false,"code":1}
{"ts":"2026-06-13T23:15:14.131Z","message":"worker tick","reason":"interval","openclaw":true}
{"ts":"2026-06-13T23:15:15.306Z","message":"aria health checked","bad":0}
{"ts":"2026-06-13T23:30:18.865Z","message":"worker tick","reason":"interval","openclaw":true}
{"ts":"2026-06-13T23:30:19.962Z","message":"aria health checked","bad":0}
{"ts":"2026-06-13T23:30:20.024Z","message":"operating board updated","file":"C:\\Users\\Ahmad Wasee\\Documents\\GitHub\\ARIA — Real-Time AI Assistant\\iisupp-net-deploy\\senior-director-state\\director-operating-board.md"}
{"ts":"2026-06-13T23:45:23.546Z","message":"worker tick","reason":"interval","openclaw":true}
{"ts":"2026-06-13T23:45:24.979Z","message":"aria health checked","bad":0}
{"ts":"2026-06-14T00:00:28.628Z","message":"worker tick","reason":"interval","openclaw":true}
{"ts":"2026-06-14T00:00:30.239Z","message":"aria health checked","bad":0}
{"ts":"2026-06-14T00:00:30.504Z","message":"lead scan complete","count":2,"newCount":0,"openclawUsed":0}
{"ts":"2026-06-14T00:00:30.559Z","message":"operating board updated","file":"C:\\Users\\Ahmad Wasee\\Documents\\GitHub\\ARIA — Real-Time AI Assistant\\iisupp-net-deploy\\senior-director-state\\director-operating-board.md"}
{"ts":"2026-06-14T00:15:34.307Z","message":"worker tick","reason":"interval","openclaw":true}
{"ts":"2026-06-14T00:15:35.615Z","message":"aria health checked","bad":0}
{"ts":"2026-06-14T00:30:39.618Z","message":"worker tick","reason":"interval","openclaw":true}
{"ts":"2026-06-14T00:30:40.967Z","message":"aria health checked","bad":0}
{"ts":"2026-06-14T00:30:41.287Z","message":"operating board updated","file":"C:\\Users\\Ahmad Wasee\\Documents\\GitHub\\ARIA — Real-Time AI Assistant\\iisupp-net-deploy\\senior-director-state\\director-operating-board.md"}
{"ts":"2026-06-14T00:45:44.650Z","message":"worker tick","reason":"interval","openclaw":true}
{"ts":"2026-06-14T00:45:45.932Z","message":"aria health checked","bad":0}
{"ts":"2026-06-14T01:00:49.519Z","message":"worker tick","reason":"interval","openclaw":true}
{"ts":"2026-06-14T01:00:50.917Z","message":"aria health checked","bad":0}
{"ts":"2026-06-14T01:00:51.029Z","message":"lead scan complete","count":2,"newCount":0,"openclawUsed":0}
{"ts":"2026-06-14T01:00:51.338Z","message":"operating board updated","file":"C:\\Users\\Ahmad Wasee\\Documents\\GitHub\\ARIA — Real-Time AI Assistant\\iisupp-net-deploy\\senior-director-state\\director-operating-board.md"}
{"ts":"2026-06-14T01:00:53.919Z","message":"openclaw mission brief attempted","ok":false,"code":1}
{"ts":"2026-06-14T01:15:57.366Z","message":"worker tick","reason":"interval","openclaw":true}
{"ts":"2026-06-14T01:15:58.541Z","message":"aria health checked","bad":0}
{"ts":"2026-06-14T01:31:01.744Z","message":"worker tick","reason":"interval","openclaw":true}
{"ts":"2026-06-14T01:31:03.096Z","message":"aria health checked","bad":0}
{"ts":"2026-06-14T01:31:03.418Z","message":"operating board updated","file":"C:\\Users\\Ahmad Wasee\\Documents\\GitHub\\ARIA — Real-Time AI Assistant\\iisupp-net-deploy\\senior-director-state\\director-operating-board.md"}
{"ts":"2026-06-14T03:17:34.040Z","message":"worker tick","reason":"daemon","openclaw":true}
{"ts":"2026-06-14T03:17:35.258Z","message":"aria health checked","bad":0}
{"ts":"2026-06-14T03:17:35.338Z","message":"lead scan complete","count":2,"newCount":0,"openclawUsed":0}
{"ts":"2026-06-14T03:17:35.863Z","message":"operating board updated","file":"C:\\Users\\Ahmad Wasee\\Documents\\GitHub\\ARIA — Real-Time AI Assistant\\iisupp-net-deploy\\senior-director-state\\director-operating-board.md"}
{"ts":"2026-06-14T03:17:39.134Z","message":"openclaw mission brief attempted","ok":false,"code":1}
{"ts":"2026-06-14T03:32:42.103Z","message":"worker tick","reason":"interval","openclaw":true}
{"ts":"2026-06-14T03:32:43.387Z","message":"aria health checked","bad":0}
{"ts":"2026-06-14T03:47:46.772Z","message":"worker tick","reason":"interval","openclaw":true}
{"ts":"2026-06-14T03:47:48.085Z","message":"aria health checked","bad":0}
{"ts":"2026-06-14T03:47:48.412Z","message":"operating board updated","file":"C:\\Users\\Ahmad Wasee\\Documents\\GitHub\\ARIA — Real-Time AI Assistant\\iisupp-net-deploy\\senior-director-state\\director-operating-board.md"}
{"ts":"2026-06-14T13:49:45.861Z","message":"worker tick","reason":"daemon","openclaw":true}
{"ts":"2026-06-14T13:49:47.311Z","message":"aria health checked","bad":0}
{"ts":"2026-06-14T13:49:47.431Z","message":"lead scan complete","count":0,"newCount":0,"openclawUsed":0}
{"ts":"2026-06-14T13:49:49.719Z","message":"mcp registry scan complete","count":414,"unique":196,"recommended":12}
{"ts":"2026-06-14T13:49:50.238Z","message":"operating board updated","file":"C:\\Users\\Ahmad Wasee\\Documents\\GitHub\\ARIA — Real-Time AI Assistant\\iisupp-net-deploy\\senior-director-state\\director-operating-board.md"}
{"ts":"2026-06-14T13:49:53.396Z","message":"openclaw mission brief attempted","ok":false,"code":1}
{"ts":"2026-06-14T14:04:56.776Z","message":"worker tick","reason":"interval","openclaw":true}
{"ts":"2026-06-14T14:04:57.777Z","message":"aria health checked","bad":0}
{"ts":"2026-06-14T14:20:05.207Z","message":"worker tick","reason":"interval","openclaw":true}
{"ts":"2026-06-14T14:20:06.260Z","message":"aria health checked","bad":0}
{"ts":"2026-06-14T14:20:06.569Z","message":"operating board updated","file":"C:\\Users\\Ahmad Wasee\\Documents\\GitHub\\ARIA — Real-Time AI Assistant\\iisupp-net-deploy\\senior-director-state\\director-operating-board.md"}
{"ts":"2026-06-14T14:35:09.621Z","message":"worker tick","reason":"interval","openclaw":true}
{"ts":"2026-06-14T14:35:10.648Z","message":"aria health checked","bad":0}
{"ts":"2026-06-14T14:50:13.879Z","message":"worker tick","reason":"interval","openclaw":true}
{"ts":"2026-06-14T14:50:14.898Z","message":"aria health checked","bad":0}
{"ts":"2026-06-14T14:50:14.993Z","message":"lead scan complete","count":0,"newCount":0,"openclawUsed":0}
{"ts":"2026-06-14T14:50:15.303Z","message":"operating board updated","file":"C:\\Users\\Ahmad Wasee\\Documents\\GitHub\\ARIA — Real-Time AI Assistant\\iisupp-net-deploy\\senior-director-state\\director-operating-board.md"}
{"ts":"2026-06-14T15:05:18.498Z","message":"worker tick","reason":"interval","openclaw":true}
{"ts":"2026-06-14T15:05:19.901Z","message":"aria health checked","bad":0}
{"ts":"2026-06-14T15:20:23.182Z","message":"worker tick","reason":"interval","openclaw":true}
{"ts":"2026-06-14T15:20:24.267Z","message":"aria health checked","bad":0}
{"ts":"2026-06-14T15:20:24.571Z","message":"operating board updated","file":"C:\\Users\\Ahmad Wasee\\Documents\\GitHub\\ARIA — Real-Time AI Assistant\\iisupp-net-deploy\\senior-director-state\\director-operating-board.md"}
{"ts":"2026-06-14T15:35:27.708Z","message":"worker tick","reason":"interval","openclaw":true}
{"ts":"2026-06-14T15:35:28.980Z","message":"aria health checked","bad":0}
{"ts":"2026-06-14T15:50:32.622Z","message":"worker tick","reason":"interval","openclaw":true}
{"ts":"2026-06-14T15:50:33.664Z","message":"aria health checked","bad":0}
{"ts":"2026-06-14T15:50:33.702Z","message":"lead scan complete","count":0,"newCount":0,"openclawUsed":0}
{"ts":"2026-06-14T15:50:34.014Z","message":"operating board updated","file":"C:\\Users\\Ahmad Wasee\\Documents\\GitHub\\ARIA — Real-Time AI Assistant\\iisupp-net-deploy\\senior-director-state\\director-operating-board.md"}
{"ts":"2026-06-14T15:50:36.512Z","message":"openclaw mission brief attempted","ok":false,"code":1}
{"ts":"2026-06-14T17:38:12.308Z","message":"worker tick","reason":"daemon","openclaw":true}
{"ts":"2026-06-14T17:38:13.523Z","message":"aria health checked","bad":0}
{"ts":"2026-06-14T17:38:13.559Z","message":"lead scan complete","count":0,"newCount":0,"openclawUsed":0}
{"ts":"2026-06-14T17:38:14.072Z","message":"operating board updated","file":"C:\\Users\\Ahmad Wasee\\Documents\\GitHub\\ARIA — Real-Time AI Assistant\\iisupp-net-deploy\\senior-director-state\\director-operating-board.md"}
{"ts":"2026-06-14T17:53:17.232Z","message":"worker tick","reason":"interval","openclaw":true}
{"ts":"2026-06-14T17:53:18.352Z","message":"aria health checked","bad":0}
{"ts":"2026-06-14T17:53:21.009Z","message":"openclaw mission brief attempted","ok":false,"code":1}
{"ts":"2026-06-14T18:08:23.862Z","message":"worker tick","reason":"interval","openclaw":true}
{"ts":"2026-06-14T18:08:24.897Z","message":"aria health checked","bad":0}
{"ts":"2026-06-14T18:08:25.190Z","message":"operating board updated","file":"C:\\Users\\Ahmad Wasee\\Documents\\GitHub\\ARIA — Real-Time AI Assistant\\iisupp-net-deploy\\senior-director-state\\director-operating-board.md"}
{"ts":"2026-06-14T18:23:28.023Z","message":"worker tick","reason":"interval","openclaw":true}
{"ts":"2026-06-14T18:23:29.158Z","message":"aria health checked","bad":0}
{"ts":"2026-06-14T18:38:32.050Z","message":"worker tick","reason":"interval","openclaw":true}
{"ts":"2026-06-14T18:38:33.170Z","message":"aria health checked","bad":0}
{"ts":"2026-06-14T18:38:33.259Z","message":"lead scan complete","count":0,"newCount":0,"openclawUsed":0}
{"ts":"2026-06-14T18:38:33.553Z","message":"operating board updated","file":"C:\\Users\\Ahmad Wasee\\Documents\\GitHub\\ARIA — Real-Time AI Assistant\\iisupp-net-deploy\\senior-director-state\\director-operating-board.md"}
{"ts":"2026-06-14T18:53:36.520Z","message":"worker tick","reason":"interval","openclaw":true}
{"ts":"2026-06-14T18:53:37.708Z","message":"aria health checked","bad":0}
{"ts":"2026-06-14T19:08:40.567Z","message":"worker tick","reason":"interval","openclaw":true}
{"ts":"2026-06-14T19:08:41.712Z","message":"aria health checked","bad":0}
{"ts":"2026-06-14T19:08:42.000Z","message":"operating board updated","file":"C:\\Users\\Ahmad Wasee\\Documents\\GitHub\\ARIA — Real-Time AI Assistant\\iisupp-net-deploy\\senior-director-state\\director-operating-board.md"}
{"ts":"2026-06-14T19:23:44.861Z","message":"worker tick","reason":"interval","openclaw":true}
{"ts":"2026-06-14T19:23:46.065Z","message":"aria health checked","bad":0}
{"ts":"2026-06-14T19:38:48.987Z","message":"worker tick","reason":"interval","openclaw":true}
{"ts":"2026-06-14T19:38:50.442Z","message":"aria health checked","bad":0}
{"ts":"2026-06-14T19:38:50.486Z","message":"lead scan complete","count":0,"newCount":0,"openclawUsed":0}
{"ts":"2026-06-14T19:38:50.782Z","message":"operating board updated","file":"C:\\Users\\Ahmad Wasee\\Documents\\GitHub\\ARIA — Real-Time AI Assistant\\iisupp-net-deploy\\senior-director-state\\director-operating-board.md"}
{"ts":"2026-06-14T19:53:53.660Z","message":"worker tick","reason":"interval","openclaw":true}
{"ts":"2026-06-14T19:53:54.895Z","message":"aria health checked","bad":0}
{"ts":"2026-06-14T19:53:57.327Z","message":"openclaw mission brief attempted","ok":false,"code":1}
{"ts":"2026-06-14T20:09:00.264Z","message":"worker tick","reason":"interval","openclaw":true}
{"ts":"2026-06-14T20:09:01.696Z","message":"aria health checked","bad":0}
{"ts":"2026-06-14T20:09:01.991Z","message":"operating board updated","file":"C:\\Users\\Ahmad Wasee\\Documents\\GitHub\\ARIA — Real-Time AI Assistant\\iisupp-net-deploy\\senior-director-state\\director-operating-board.md"}
{"ts":"2026-06-14T20:24:04.840Z","message":"worker tick","reason":"interval","openclaw":true}
{"ts":"2026-06-14T20:24:05.995Z","message":"aria health checked","bad":0}
{"ts":"2026-06-14T20:39:09.035Z","message":"worker tick","reason":"interval","openclaw":true}
{"ts":"2026-06-14T20:39:10.168Z","message":"aria health checked","bad":0}
{"ts":"2026-06-14T20:39:10.260Z","message":"lead scan complete","count":0,"newCount":0,"openclawUsed":0}
{"ts":"2026-06-14T20:39:10.550Z","message":"operating board updated","file":"C:\\Users\\Ahmad Wasee\\Documents\\GitHub\\ARIA — Real-Time AI Assistant\\iisupp-net-deploy\\senior-director-state\\director-operating-board.md"}
{"ts":"2026-06-14T20:54:13.524Z","message":"worker tick","reason":"interval","openclaw":true}
{"ts":"2026-06-14T20:54:14.637Z","message":"aria health checked","bad":0}
{"ts":"2026-06-14T21:09:17.719Z","message":"worker tick","reason":"interval","openclaw":true}
{"ts":"2026-06-14T21:09:18.786Z","message":"aria health checked","bad":0}
{"ts":"2026-06-14T21:09:19.071Z","message":"operating board updated","file":"C:\\Users\\Ahmad Wasee\\Documents\\GitHub\\ARIA — Real-Time AI Assistant\\iisupp-net-deploy\\senior-director-state\\director-operating-board.md"}
{"ts":"2026-06-14T21:24:22.217Z","message":"worker tick","reason":"interval","openclaw":true}
{"ts":"2026-06-14T21:24:23.457Z","message":"aria health checked","bad":0}
{"ts":"2026-06-14T21:39:26.362Z","message":"worker tick","reason":"interval","openclaw":true}
{"ts":"2026-06-14T21:39:27.364Z","message":"aria health checked","bad":0}
{"ts":"2026-06-14T21:39:27.391Z","message":"lead scan complete","count":0,"newCount":0,"openclawUsed":0}
{"ts":"2026-06-14T21:39:27.690Z","message":"operating board updated","file":"C:\\Users\\Ahmad Wasee\\Documents\\GitHub\\ARIA — Real-Time AI Assistant\\iisupp-net-deploy\\senior-director-state\\director-operating-board.md"}
{"ts":"2026-06-14T21:54:30.614Z","message":"worker tick","reason":"interval","openclaw":true}
{"ts":"2026-06-14T21:54:31.723Z","message":"aria health checked","bad":0}
{"ts":"2026-06-14T21:54:34.072Z","message":"openclaw mission brief attempted","ok":false,"code":1}
{"ts":"2026-06-14T22:09:37.381Z","message":"worker tick","reason":"interval","openclaw":true}
{"ts":"2026-06-14T22:09:38.433Z","message":"aria health checked","bad":0}
{"ts":"2026-06-14T22:09:38.736Z","message":"operating board updated","file":"C:\\Users\\Ahmad Wasee\\Documents\\GitHub\\ARIA — Real-Time AI Assistant\\iisupp-net-deploy\\senior-director-state\\director-operating-board.md"}
{"ts":"2026-06-14T22:24:42.090Z","message":"worker tick","reason":"interval","openclaw":true}
{"ts":"2026-06-14T22:24:43.326Z","message":"aria health checked","bad":0}
{"ts":"2026-06-14T22:39:47.076Z","message":"worker tick","reason":"interval","openclaw":true}
{"ts":"2026-06-14T22:39:48.139Z","message":"aria health checked","bad":0}
{"ts":"2026-06-14T22:39:48.230Z","message":"lead scan complete","count":0,"newCount":0,"openclawUsed":0}
{"ts":"2026-06-14T22:39:48.662Z","message":"operating board updated","file":"C:\\Users\\Ahmad Wasee\\Documents\\GitHub\\ARIA — Real-Time AI Assistant\\iisupp-net-deploy\\senior-director-state\\director-operating-board.md"}
{"ts":"2026-06-14T22:54:51.912Z","message":"worker tick","reason":"interval","openclaw":true}
{"ts":"2026-06-14T22:54:53.034Z","message":"aria health checked","bad":0}
{"ts":"2026-06-14T23:09:56.369Z","message":"worker tick","reason":"interval","openclaw":true}
{"ts":"2026-06-14T23:09:56.565Z","message":"aria health checked","bad":0}
{"ts":"2026-06-14T23:09:56.895Z","message":"operating board updated","file":"C:\\Users\\Ahmad Wasee\\Documents\\GitHub\\ARIA — Real-Time AI Assistant\\iisupp-net-deploy\\senior-director-state\\director-operating-board.md"}
{"ts":"2026-06-14T23:25:00.309Z","message":"worker tick","reason":"interval","openclaw":true}
{"ts":"2026-06-14T23:25:00.743Z","message":"aria health checked","bad":0}
{"ts":"2026-06-14T23:40:03.901Z","message":"worker tick","reason":"interval","openclaw":true}
{"ts":"2026-06-14T23:40:04.152Z","message":"aria health checked","bad":0}
{"ts":"2026-06-14T23:40:04.190Z","message":"lead scan complete","count":0,"newCount":0,"openclawUsed":0}
{"ts":"2026-06-14T23:40:04.255Z","message":"operating board updated","file":"C:\\Users\\Ahmad Wasee\\Documents\\GitHub\\ARIA — Real-Time AI Assistant\\iisupp-net-deploy\\senior-director-state\\director-operating-board.md"}
{"ts":"2026-06-14T23:55:07.604Z","message":"worker tick","reason":"interval","openclaw":true}
{"ts":"2026-06-14T23:55:08.022Z","message":"aria health checked","bad":0}
{"ts":"2026-06-14T23:55:10.202Z","message":"openclaw mission brief attempted","ok":false,"code":1}
{"ts":"2026-06-15T00:10:13.910Z","message":"worker tick","reason":"interval","openclaw":true}
{"ts":"2026-06-15T00:10:14.345Z","message":"aria health checked","bad":0}
{"ts":"2026-06-15T00:10:14.407Z","message":"operating board updated","file":"C:\\Users\\Ahmad Wasee\\Documents\\GitHub\\ARIA — Real-Time AI Assistant\\iisupp-net-deploy\\senior-director-state\\director-operating-board.md"}
{"ts":"2026-06-15T00:25:17.782Z","message":"worker tick","reason":"interval","openclaw":true}
{"ts":"2026-06-15T00:25:18.006Z","message":"aria health checked","bad":0}
{"ts":"2026-06-15T00:40:21.160Z","message":"worker tick","reason":"interval","openclaw":true}
{"ts":"2026-06-15T00:40:21.382Z","message":"aria health checked","bad":0}
{"ts":"2026-06-15T00:40:21.420Z","message":"lead scan complete","count":0,"newCount":0,"openclawUsed":0}
{"ts":"2026-06-15T00:40:21.555Z","message":"operating board updated","file":"C:\\Users\\Ahmad Wasee\\Documents\\GitHub\\ARIA — Real-Time AI Assistant\\iisupp-net-deploy\\senior-director-state\\director-operating-board.md"}
{"ts":"2026-06-15T00:55:25.228Z","message":"worker tick","reason":"interval","openclaw":true}
{"ts":"2026-06-15T00:55:25.412Z","message":"aria health checked","bad":0}
{"ts":"2026-06-15T01:10:28.865Z","message":"worker tick","reason":"interval","openclaw":true}
{"ts":"2026-06-15T01:10:29.091Z","message":"aria health checked","bad":0}
{"ts":"2026-06-15T01:10:29.147Z","message":"operating board updated","file":"C:\\Users\\Ahmad Wasee\\Documents\\GitHub\\ARIA — Real-Time AI Assistant\\iisupp-net-deploy\\senior-director-state\\director-operating-board.md"}
{"ts":"2026-06-15T01:25:32.566Z","message":"worker tick","reason":"interval","openclaw":true}
{"ts":"2026-06-15T01:25:33.635Z","message":"aria health checked","bad":0}
{"ts":"2026-06-15T01:40:37.411Z","message":"worker tick","reason":"interval","openclaw":true}
{"ts":"2026-06-15T01:40:38.394Z","message":"aria health checked","bad":0}
{"ts":"2026-06-15T01:40:38.424Z","message":"lead scan complete","count":0,"newCount":0,"openclawUsed":0}
{"ts":"2026-06-15T01:40:38.474Z","message":"operating board updated","file":"C:\\Users\\Ahmad Wasee\\Documents\\GitHub\\ARIA — Real-Time AI Assistant\\iisupp-net-deploy\\senior-director-state\\director-operating-board.md"}
{"ts":"2026-06-15T01:55:42.452Z","message":"worker tick","reason":"interval","openclaw":true}
{"ts":"2026-06-15T01:55:43.002Z","message":"aria health checked","bad":0}
{"ts":"2026-06-15T01:55:45.328Z","message":"openclaw mission brief attempted","ok":false,"code":1}
{"ts":"2026-06-15T02:10:48.855Z","message":"worker tick","reason":"interval","openclaw":true}
{"ts":"2026-06-15T02:10:50.151Z","message":"aria health checked","bad":0}
{"ts":"2026-06-15T02:10:50.204Z","message":"operating board updated","file":"C:\\Users\\Ahmad Wasee\\Documents\\GitHub\\ARIA — Real-Time AI Assistant\\iisupp-net-deploy\\senior-director-state\\director-operating-board.md"}
{"ts":"2026-06-15T02:25:53.520Z","message":"worker tick","reason":"interval","openclaw":true}
{"ts":"2026-06-15T02:25:54.632Z","message":"aria health checked","bad":0}
{"ts":"2026-06-15T02:40:58.121Z","message":"worker tick","reason":"interval","openclaw":true}
{"ts":"2026-06-15T02:40:59.460Z","message":"aria health checked","bad":0}
{"ts":"2026-06-15T02:40:59.523Z","message":"lead scan complete","count":0,"newCount":0,"openclawUsed":0}
{"ts":"2026-06-15T02:40:59.688Z","message":"operating board updated","file":"C:\\Users\\Ahmad Wasee\\Documents\\GitHub\\ARIA — Real-Time AI Assistant\\iisupp-net-deploy\\senior-director-state\\director-operating-board.md"}
{"ts":"2026-06-15T02:56:03.847Z","message":"worker tick","reason":"interval","openclaw":true}
{"ts":"2026-06-15T02:56:04.986Z","message":"aria health checked","bad":0}
{"ts":"2026-06-15T03:11:08.190Z","message":"worker tick","reason":"interval","openclaw":true}
{"ts":"2026-06-15T03:11:09.192Z","message":"aria health checked","bad":0}
{"ts":"2026-06-15T03:11:09.247Z","message":"operating board updated","file":"C:\\Users\\Ahmad Wasee\\Documents\\GitHub\\ARIA — Real-Time AI Assistant\\iisupp-net-deploy\\senior-director-state\\director-operating-board.md"}
{"ts":"2026-06-15T09:49:40.573Z","message":"worker tick","reason":"daemon","openclaw":true}
{"ts":"2026-06-15T09:49:42.098Z","message":"aria health checked","bad":0}
{"ts":"2026-06-15T09:49:42.164Z","message":"lead scan complete","count":0,"newCount":0,"openclawUsed":0}
{"ts":"2026-06-15T09:49:42.235Z","message":"operating board updated","file":"C:\\Users\\Ahmad Wasee\\Documents\\GitHub\\ARIA — Real-Time AI Assistant\\iisupp-net-deploy\\senior-director-state\\director-operating-board.md"}
{"ts":"2026-06-15T09:49:45.139Z","message":"openclaw mission brief attempted","ok":false,"code":1}
{"ts":"2026-06-15T10:04:48.442Z","message":"worker tick","reason":"interval","openclaw":true}
{"ts":"2026-06-15T10:04:49.609Z","message":"aria health checked","bad":0}
{"ts":"2026-06-15T10:19:52.921Z","message":"worker tick","reason":"interval","openclaw":true}
{"ts":"2026-06-15T10:19:54.461Z","message":"aria health checked","bad":0}
{"ts":"2026-06-15T10:19:54.858Z","message":"operating board updated","file":"C:\\Users\\Ahmad Wasee\\Documents\\GitHub\\ARIA — Real-Time AI Assistant\\iisupp-net-deploy\\senior-director-state\\director-operating-board.md"}
{"ts":"2026-06-15T10:34:57.921Z","message":"worker tick","reason":"interval","openclaw":true}
{"ts":"2026-06-15T10:34:59.020Z","message":"aria health checked","bad":0}
{"ts":"2026-06-15T10:50:02.295Z","message":"worker tick","reason":"interval","openclaw":true}
{"ts":"2026-06-15T10:50:03.480Z","message":"aria health checked","bad":0}
{"ts":"2026-06-15T10:50:03.515Z","message":"lead scan complete","count":0,"newCount":0,"openclawUsed":0}
{"ts":"2026-06-15T10:50:03.828Z","message":"operating board updated","file":"C:\\Users\\Ahmad Wasee\\Documents\\GitHub\\ARIA — Real-Time AI Assistant\\iisupp-net-deploy\\senior-director-state\\director-operating-board.md"}
{"ts":"2026-06-15T11:05:07.184Z","message":"worker tick","reason":"interval","openclaw":true}
{"ts":"2026-06-15T11:05:08.324Z","message":"aria health checked","bad":0}
{"ts":"2026-06-15T11:20:11.481Z","message":"worker tick","reason":"interval","openclaw":true}
{"ts":"2026-06-15T11:20:12.654Z","message":"aria health checked","bad":0}
{"ts":"2026-06-15T11:20:12.970Z","message":"operating board updated","file":"C:\\Users\\Ahmad Wasee\\Documents\\GitHub\\ARIA — Real-Time AI Assistant\\iisupp-net-deploy\\senior-director-state\\director-operating-board.md"}
{"ts":"2026-06-15T11:35:16.419Z","message":"worker tick","reason":"interval","openclaw":true}
{"ts":"2026-06-15T11:35:17.574Z","message":"aria health checked","bad":0}
{"ts":"2026-06-15T11:50:20.759Z","message":"worker tick","reason":"interval","openclaw":true}
{"ts":"2026-06-15T11:50:21.898Z","message":"aria health checked","bad":0}
{"ts":"2026-06-15T11:50:21.930Z","message":"lead scan complete","count":0,"newCount":0,"openclawUsed":0}
{"ts":"2026-06-15T11:50:22.245Z","message":"operating board updated","file":"C:\\Users\\Ahmad Wasee\\Documents\\GitHub\\ARIA — Real-Time AI Assistant\\iisupp-net-deploy\\senior-director-state\\director-operating-board.md"}
{"ts":"2026-06-15T11:50:24.771Z","message":"openclaw mission brief attempted","ok":false,"code":1}
{"ts":"2026-06-15T12:05:28.142Z","message":"worker tick","reason":"interval","openclaw":true}
{"ts":"2026-06-15T12:05:30.116Z","message":"aria health checked","bad":0}
{"ts":"2026-06-15T12:20:33.232Z","message":"worker tick","reason":"interval","openclaw":true}
{"ts":"2026-06-15T12:20:34.340Z","message":"aria health checked","bad":0}
{"ts":"2026-06-15T12:20:34.650Z","message":"operating board updated","file":"C:\\Users\\Ahmad Wasee\\Documents\\GitHub\\ARIA — Real-Time AI Assistant\\iisupp-net-deploy\\senior-director-state\\director-operating-board.md"}
{"ts":"2026-06-15T12:35:37.797Z","message":"worker tick","reason":"interval","openclaw":true}
{"ts":"2026-06-15T12:35:38.935Z","message":"aria health checked","bad":0}
{"ts":"2026-06-15T12:50:42.038Z","message":"worker tick","reason":"interval","openclaw":true}
{"ts":"2026-06-15T12:50:43.265Z","message":"aria health checked","bad":0}
{"ts":"2026-06-15T12:50:43.374Z","message":"lead scan complete","count":0,"newCount":0,"openclawUsed":0}
{"ts":"2026-06-15T12:50:43.686Z","message":"operating board updated","file":"C:\\Users\\Ahmad Wasee\\Documents\\GitHub\\ARIA — Real-Time AI Assistant\\iisupp-net-deploy\\senior-director-state\\director-operating-board.md"}
{"ts":"2026-06-15T13:05:46.990Z","message":"worker tick","reason":"interval","openclaw":true}
{"ts":"2026-06-15T13:05:48.166Z","message":"aria health checked","bad":0}
{"ts":"2026-06-15T13:20:51.437Z","message":"worker tick","reason":"interval","openclaw":true}
{"ts":"2026-06-15T13:20:52.663Z","message":"aria health checked","bad":0}
{"ts":"2026-06-15T13:20:52.993Z","message":"operating board updated","file":"C:\\Users\\Ahmad Wasee\\Documents\\GitHub\\ARIA — Real-Time AI Assistant\\iisupp-net-deploy\\senior-director-state\\director-operating-board.md"}
{"ts":"2026-06-15T13:35:56.172Z","message":"worker tick","reason":"interval","openclaw":true}
{"ts":"2026-06-15T13:35:57.361Z","message":"aria health checked","bad":0}
{"ts":"2026-06-15T13:51:00.487Z","message":"worker tick","reason":"interval","openclaw":true}
{"ts":"2026-06-15T13:51:01.722Z","message":"aria health checked","bad":0}
{"ts":"2026-06-15T13:51:01.757Z","message":"lead scan complete","count":0,"newCount":0,"openclawUsed":0}
{"ts":"2026-06-15T13:51:03.653Z","message":"mcp registry scan complete","count":414,"unique":194,"recommended":12}
{"ts":"2026-06-15T13:51:03.967Z","message":"operating board updated","file":"C:\\Users\\Ahmad Wasee\\Documents\\GitHub\\ARIA — Real-Time AI Assistant\\iisupp-net-deploy\\senior-director-state\\director-operating-board.md"}
{"ts":"2026-06-15T13:51:06.509Z","message":"openclaw mission brief attempted","ok":false,"code":1}
{"ts":"2026-06-15T14:06:09.738Z","message":"worker tick","reason":"interval","openclaw":true}
{"ts":"2026-06-15T14:06:11.161Z","message":"aria health checked","bad":0}
{"ts":"2026-06-15T14:21:14.514Z","message":"worker tick","reason":"interval","openclaw":true}
{"ts":"2026-06-15T14:21:15.702Z","message":"aria health checked","bad":0}
{"ts":"2026-06-15T14:21:16.028Z","message":"operating board updated","file":"C:\\Users\\Ahmad Wasee\\Documents\\GitHub\\ARIA — Real-Time AI Assistant\\iisupp-net-deploy\\senior-director-state\\director-operating-board.md"}
{"ts":"2026-06-15T14:36:19.309Z","message":"worker tick","reason":"interval","openclaw":true}
{"ts":"2026-06-15T14:36:20.403Z","message":"aria health checked","bad":0}
{"ts":"2026-06-15T14:51:24.001Z","message":"worker tick","reason":"interval","openclaw":true}
{"ts":"2026-06-15T14:51:25.126Z","message":"aria health checked","bad":0}
{"ts":"2026-06-15T14:51:25.214Z","message":"lead scan complete","count":1,"newCount":1,"openclawUsed":0}
{"ts":"2026-06-15T14:51:25.560Z","message":"operating board updated","file":"C:\\Users\\Ahmad Wasee\\Documents\\GitHub\\ARIA — Real-Time AI Assistant\\iisupp-net-deploy\\senior-director-state\\director-operating-board.md"}
{"ts":"2026-06-15T15:06:28.964Z","message":"worker tick","reason":"interval","openclaw":true}
{"ts":"2026-06-15T15:06:30.166Z","message":"aria health checked","bad":0}
{"ts":"2026-06-15T15:21:33.440Z","message":"worker tick","reason":"interval","openclaw":true}
{"ts":"2026-06-15T15:21:34.541Z","message":"aria health checked","bad":0}
{"ts":"2026-06-15T15:21:34.870Z","message":"operating board updated","file":"C:\\Users\\Ahmad Wasee\\Documents\\GitHub\\ARIA — Real-Time AI Assistant\\iisupp-net-deploy\\senior-director-state\\director-operating-board.md"}
{"ts":"2026-06-15T15:36:38.199Z","message":"worker tick","reason":"interval","openclaw":true}
{"ts":"2026-06-15T15:36:39.244Z","message":"aria health checked","bad":0}
{"ts":"2026-06-15T15:51:42.638Z","message":"worker tick","reason":"interval","openclaw":true}
{"ts":"2026-06-15T15:51:43.706Z","message":"aria health checked","bad":0}
{"ts":"2026-06-15T15:51:43.863Z","message":"lead scan complete","count":1,"newCount":0,"openclawUsed":0}
{"ts":"2026-06-15T15:51:43.915Z","message":"operating board updated","file":"C:\\Users\\Ahmad Wasee\\Documents\\GitHub\\ARIA — Real-Time AI Assistant\\iisupp-net-deploy\\senior-director-state\\director-operating-board.md"}
{"ts":"2026-06-15T15:51:46.305Z","message":"openclaw mission brief attempted","ok":false,"code":1}
{"ts":"2026-06-15T16:06:49.712Z","message":"worker tick","reason":"interval","openclaw":true}
{"ts":"2026-06-15T16:06:50.882Z","message":"aria health checked","bad":0}
{"ts":"2026-06-15T16:21:54.468Z","message":"worker tick","reason":"interval","openclaw":true}
{"ts":"2026-06-15T16:21:55.548Z","message":"aria health checked","bad":0}
{"ts":"2026-06-15T16:21:55.601Z","message":"operating board updated","file":"C:\\Users\\Ahmad Wasee\\Documents\\GitHub\\ARIA — Real-Time AI Assistant\\iisupp-net-deploy\\senior-director-state\\director-operating-board.md"}
{"ts":"2026-06-15T16:36:59.083Z","message":"worker tick","reason":"interval","openclaw":true}
{"ts":"2026-06-15T16:37:00.112Z","message":"aria health checked","bad":0}
{"ts":"2026-06-15T16:52:03.331Z","message":"worker tick","reason":"interval","openclaw":true}
{"ts":"2026-06-15T16:52:04.627Z","message":"aria health checked","bad":0}
{"ts":"2026-06-15T16:52:04.711Z","message":"lead scan complete","count":3,"newCount":2,"openclawUsed":0}
{"ts":"2026-06-15T16:52:05.013Z","message":"operating board updated","file":"C:\\Users\\Ahmad Wasee\\Documents\\GitHub\\ARIA — Real-Time AI Assistant\\iisupp-net-deploy\\senior-director-state\\director-operating-board.md"}
{"ts":"2026-06-15T17:07:08.189Z","message":"worker tick","reason":"interval","openclaw":true}
{"ts":"2026-06-15T17:07:09.378Z","message":"aria health checked","bad":0}
{"ts":"2026-06-15T17:22:12.787Z","message":"worker tick","reason":"interval","openclaw":true}
{"ts":"2026-06-15T17:22:14.102Z","message":"aria health checked","bad":0}
{"ts":"2026-06-15T17:22:14.415Z","message":"operating board updated","file":"C:\\Users\\Ahmad Wasee\\Documents\\GitHub\\ARIA — Real-Time AI Assistant\\iisupp-net-deploy\\senior-director-state\\director-operating-board.md"}
{"ts":"2026-06-15T17:37:17.702Z","message":"worker tick","reason":"interval","openclaw":true}
{"ts":"2026-06-15T17:37:18.849Z","message":"aria health checked","bad":0}
{"ts":"2026-06-15T17:52:22.126Z","message":"worker tick","reason":"interval","openclaw":true}
{"ts":"2026-06-15T17:52:23.372Z","message":"aria health checked","bad":0}
{"ts":"2026-06-15T17:52:23.404Z","message":"lead scan complete","count":3,"newCount":0,"openclawUsed":0}
{"ts":"2026-06-15T17:52:23.712Z","message":"operating board updated","file":"C:\\Users\\Ahmad Wasee\\Documents\\GitHub\\ARIA — Real-Time AI Assistant\\iisupp-net-deploy\\senior-director-state\\director-operating-board.md"}
{"ts":"2026-06-15T17:52:26.319Z","message":"openclaw mission brief attempted","ok":false,"code":1}
{"ts":"2026-06-15T18:07:29.677Z","message":"worker tick","reason":"interval","openclaw":true}
{"ts":"2026-06-15T18:07:31.051Z","message":"aria health checked","bad":0}
{"ts":"2026-06-15T18:22:34.383Z","message":"worker tick","reason":"interval","openclaw":true}
{"ts":"2026-06-15T18:22:35.814Z","message":"aria health checked","bad":0}
{"ts":"2026-06-15T18:22:36.126Z","message":"operating board updated","file":"C:\\Users\\Ahmad Wasee\\Documents\\GitHub\\ARIA — Real-Time AI Assistant\\iisupp-net-deploy\\senior-director-state\\director-operating-board.md"}
{"ts":"2026-06-15T18:37:39.626Z","message":"worker tick","reason":"interval","openclaw":true}
{"ts":"2026-06-15T18:37:41.012Z","message":"aria health checked","bad":0}
{"ts":"2026-06-15T18:52:44.405Z","message":"worker tick","reason":"interval","openclaw":true}
{"ts":"2026-06-15T18:52:45.747Z","message":"aria health checked","bad":0}
{"ts":"2026-06-15T18:52:45.837Z","message":"lead scan complete","count":4,"newCount":1,"openclawUsed":0}
{"ts":"2026-06-15T18:52:46.024Z","message":"operating board updated","file":"C:\\Users\\Ahmad Wasee\\Documents\\GitHub\\ARIA — Real-Time AI Assistant\\iisupp-net-deploy\\senior-director-state\\director-operating-board.md"}
{"ts":"2026-06-15T19:07:49.339Z","message":"worker tick","reason":"interval","openclaw":true}
{"ts":"2026-06-15T19:07:50.630Z","message":"aria health checked","bad":0}
{"ts":"2026-06-15T19:22:54.025Z","message":"worker tick","reason":"interval","openclaw":true}
{"ts":"2026-06-15T19:22:55.442Z","message":"aria health checked","bad":0}
{"ts":"2026-06-15T19:22:55.638Z","message":"operating board updated","file":"C:\\Users\\Ahmad Wasee\\Documents\\GitHub\\ARIA — Real-Time AI Assistant\\iisupp-net-deploy\\senior-director-state\\director-operating-board.md"}
{"ts":"2026-06-15T19:37:58.944Z","message":"worker tick","reason":"interval","openclaw":true}
{"ts":"2026-06-15T19:38:00.347Z","message":"aria health checked","bad":0}
{"ts":"2026-06-15T19:53:04.170Z","message":"worker tick","reason":"interval","openclaw":true}
{"ts":"2026-06-15T19:53:05.610Z","message":"aria health checked","bad":0}
{"ts":"2026-06-15T19:53:05.690Z","message":"lead scan complete","count":4,"newCount":0,"openclawUsed":0}
{"ts":"2026-06-15T19:53:05.980Z","message":"operating board updated","file":"C:\\Users\\Ahmad Wasee\\Documents\\GitHub\\ARIA — Real-Time AI Assistant\\iisupp-net-deploy\\senior-director-state\\director-operating-board.md"}
{"ts":"2026-06-15T19:53:08.549Z","message":"openclaw mission brief attempted","ok":false,"code":1}
{"ts":"2026-06-15T20:08:11.791Z","message":"worker tick","reason":"interval","openclaw":true}
{"ts":"2026-06-15T20:08:13.474Z","message":"aria health checked","bad":0}
{"ts":"2026-06-15T20:23:16.648Z","message":"worker tick","reason":"interval","openclaw":true}
{"ts":"2026-06-15T20:23:17.893Z","message":"aria health checked","bad":0}
{"ts":"2026-06-15T20:23:18.077Z","message":"operating board updated","file":"C:\\Users\\Ahmad Wasee\\Documents\\GitHub\\ARIA — Real-Time AI Assistant\\iisupp-net-deploy\\senior-director-state\\director-operating-board.md"}
{"ts":"2026-06-15T20:38:21.527Z","message":"worker tick","reason":"interval","openclaw":true}
{"ts":"2026-06-15T20:38:23.083Z","message":"aria health checked","bad":0}
{"ts":"2026-06-15T20:53:26.698Z","message":"worker tick","reason":"interval","openclaw":true}
{"ts":"2026-06-15T20:53:28.247Z","message":"aria health checked","bad":0}
{"ts":"2026-06-15T20:53:33.939Z","message":"openclaw lead brief attempted","ok":false,"lead":"NPP - A.6 Programmer/Software Developer (Level 3)","code":1}
{"ts":"2026-06-15T20:53:33.942Z","message":"lead scan complete","count":6,"newCount":2,"openclawUsed":1}
{"ts":"2026-06-15T20:53:34.130Z","message":"operating board updated","file":"C:\\Users\\Ahmad Wasee\\Documents\\GitHub\\ARIA — Real-Time AI Assistant\\iisupp-net-deploy\\senior-director-state\\director-operating-board.md"}
{"ts":"2026-06-15T21:08:37.531Z","message":"worker tick","reason":"interval","openclaw":true}
{"ts":"2026-06-15T21:08:38.998Z","message":"aria health checked","bad":0}
{"ts":"2026-06-15T21:23:42.610Z","message":"worker tick","reason":"interval","openclaw":true}
{"ts":"2026-06-15T21:23:44.150Z","message":"aria health checked","bad":0}
{"ts":"2026-06-15T21:23:44.342Z","message":"operating board updated","file":"C:\\Users\\Ahmad Wasee\\Documents\\GitHub\\ARIA — Real-Time AI Assistant\\iisupp-net-deploy\\senior-director-state\\director-operating-board.md"}
{"ts":"2026-06-15T23:30:54.487Z","message":"worker tick","reason":"daemon","openclaw":true}
{"ts":"2026-06-15T23:30:56.043Z","message":"aria health checked","bad":0}
{"ts":"2026-06-15T23:30:56.138Z","message":"lead scan complete","count":7,"newCount":1,"openclawUsed":0}
{"ts":"2026-06-15T23:30:56.450Z","message":"operating board updated","file":"C:\\Users\\Ahmad Wasee\\Documents\\GitHub\\ARIA — Real-Time AI Assistant\\iisupp-net-deploy\\senior-director-state\\director-operating-board.md"}
{"ts":"2026-06-15T23:30:59.296Z","message":"openclaw mission brief attempted","ok":false,"code":1}
{"ts":"2026-06-15T23:46:02.454Z","message":"worker tick","reason":"interval","openclaw":true}
{"ts":"2026-06-15T23:46:04.371Z","message":"aria health checked","bad":0}
{"ts":"2026-06-16T00:01:07.295Z","message":"worker tick","reason":"interval","openclaw":true}
{"ts":"2026-06-16T00:01:08.824Z","message":"aria health checked","bad":0}
{"ts":"2026-06-16T00:01:08.998Z","message":"operating board updated","file":"C:\\Users\\Ahmad Wasee\\Documents\\GitHub\\ARIA — Real-Time AI Assistant\\iisupp-net-deploy\\senior-director-state\\director-operating-board.md"}
{"ts":"2026-06-16T00:16:12.120Z","message":"worker tick","reason":"interval","openclaw":true}
{"ts":"2026-06-16T00:16:13.935Z","message":"aria health checked","bad":0}
{"ts":"2026-06-16T00:31:17.047Z","message":"worker tick","reason":"interval","openclaw":true}
{"ts":"2026-06-16T00:31:18.297Z","message":"aria health checked","bad":0}
{"ts":"2026-06-16T00:31:18.324Z","message":"lead scan complete","count":7,"newCount":0,"openclawUsed":0}
{"ts":"2026-06-16T00:31:18.614Z","message":"operating board updated","file":"C:\\Users\\Ahmad Wasee\\Documents\\GitHub\\ARIA — Real-Time AI Assistant\\iisupp-net-deploy\\senior-director-state\\director-operating-board.md"}
{"ts":"2026-06-16T00:46:21.703Z","message":"worker tick","reason":"interval","openclaw":true}
{"ts":"2026-06-16T00:46:23.120Z","message":"aria health checked","bad":0}
{"ts":"2026-06-16T01:01:26.123Z","message":"worker tick","reason":"interval","openclaw":true}
{"ts":"2026-06-16T01:01:27.605Z","message":"aria health checked","bad":0}
{"ts":"2026-06-16T01:01:27.783Z","message":"operating board updated","file":"C:\\Users\\Ahmad Wasee\\Documents\\GitHub\\ARIA — Real-Time AI Assistant\\iisupp-net-deploy\\senior-director-state\\director-operating-board.md"}
{"ts":"2026-06-16T01:16:31.034Z","message":"worker tick","reason":"interval","openclaw":true}
{"ts":"2026-06-16T01:16:32.261Z","message":"aria health checked","bad":0}
{"ts":"2026-06-16T01:31:35.474Z","message":"worker tick","reason":"interval","openclaw":true}
{"ts":"2026-06-16T01:31:36.867Z","message":"aria health checked","bad":0}
{"ts":"2026-06-16T01:31:36.954Z","message":"lead scan complete","count":7,"newCount":0,"openclawUsed":0}
{"ts":"2026-06-16T01:31:37.139Z","message":"operating board updated","file":"C:\\Users\\Ahmad Wasee\\Documents\\GitHub\\ARIA — Real-Time AI Assistant\\iisupp-net-deploy\\senior-director-state\\director-operating-board.md"}
{"ts":"2026-06-16T01:31:39.599Z","message":"openclaw mission brief attempted","ok":false,"code":1}
{"ts":"2026-06-16T01:46:42.909Z","message":"worker tick","reason":"interval","openclaw":true}
{"ts":"2026-06-16T01:46:44.422Z","message":"aria health checked","bad":0}
{"ts":"2026-06-16T02:01:47.602Z","message":"worker tick","reason":"interval","openclaw":true}
{"ts":"2026-06-16T02:01:48.968Z","message":"aria health checked","bad":0}
{"ts":"2026-06-16T02:01:49.151Z","message":"operating board updated","file":"C:\\Users\\Ahmad Wasee\\Documents\\GitHub\\ARIA — Real-Time AI Assistant\\iisupp-net-deploy\\senior-director-state\\director-operating-board.md"}
{"ts":"2026-06-16T02:16:52.446Z","message":"worker tick","reason":"interval","openclaw":true}
{"ts":"2026-06-16T02:16:53.772Z","message":"aria health checked","bad":0}
{"ts":"2026-06-16T02:31:56.969Z","message":"worker tick","reason":"interval","openclaw":true}
{"ts":"2026-06-16T02:31:58.135Z","message":"aria health checked","bad":0}
{"ts":"2026-06-16T02:31:58.234Z","message":"lead scan complete","count":7,"newCount":0,"openclawUsed":0}
{"ts":"2026-06-16T02:31:58.420Z","message":"operating board updated","file":"C:\\Users\\Ahmad Wasee\\Documents\\GitHub\\ARIA — Real-Time AI Assistant\\iisupp-net-deploy\\senior-director-state\\director-operating-board.md"}
{"ts":"2026-06-16T02:47:01.663Z","message":"worker tick","reason":"interval","openclaw":true}
{"ts":"2026-06-16T02:47:03.200Z","message":"aria health checked","bad":0}
{"ts":"2026-06-16T03:02:06.361Z","message":"worker tick","reason":"interval","openclaw":true}
{"ts":"2026-06-16T03:02:07.876Z","message":"aria health checked","bad":0}
{"ts":"2026-06-16T03:02:08.055Z","message":"operating board updated","file":"C:\\Users\\Ahmad Wasee\\Documents\\GitHub\\ARIA — Real-Time AI Assistant\\iisupp-net-deploy\\senior-director-state\\director-operating-board.md"}
{"ts":"2026-06-16T03:17:11.149Z","message":"worker tick","reason":"interval","openclaw":true}
{"ts":"2026-06-16T03:17:12.748Z","message":"aria health checked","bad":0}
{"ts":"2026-06-16T03:32:15.925Z","message":"worker tick","reason":"interval","openclaw":true}
{"ts":"2026-06-16T03:32:17.096Z","message":"aria health checked","bad":0}
{"ts":"2026-06-16T03:32:17.123Z","message":"lead scan complete","count":7,"newCount":0,"openclawUsed":0}
{"ts":"2026-06-16T03:32:17.423Z","message":"operating board updated","file":"C:\\Users\\Ahmad Wasee\\Documents\\GitHub\\ARIA — Real-Time AI Assistant\\iisupp-net-deploy\\senior-director-state\\director-operating-board.md"}
{"ts":"2026-06-16T03:32:19.778Z","message":"openclaw mission brief attempted","ok":false,"code":1}
{"ts":"2026-06-16T03:47:23.222Z","message":"worker tick","reason":"interval","openclaw":true}
{"ts":"2026-06-16T03:47:24.596Z","message":"aria health checked","bad":0}
{"ts":"2026-06-16T04:02:27.916Z","message":"worker tick","reason":"interval","openclaw":true}
{"ts":"2026-06-16T04:02:29.144Z","message":"aria health checked","bad":0}
{"ts":"2026-06-16T04:02:29.320Z","message":"operating board updated","file":"C:\\Users\\Ahmad Wasee\\Documents\\GitHub\\ARIA — Real-Time AI Assistant\\iisupp-net-deploy\\senior-director-state\\director-operating-board.md"}
{"ts":"2026-06-16T04:17:32.638Z","message":"worker tick","reason":"interval","openclaw":true}
{"ts":"2026-06-16T04:17:33.987Z","message":"aria health checked","bad":0}
{"ts":"2026-06-16T04:32:37.282Z","message":"worker tick","reason":"interval","openclaw":true}
{"ts":"2026-06-16T04:32:38.518Z","message":"aria health checked","bad":0}
{"ts":"2026-06-16T04:32:38.599Z","message":"lead scan complete","count":7,"newCount":0,"openclawUsed":0}
{"ts":"2026-06-16T04:32:38.781Z","message":"operating board updated","file":"C:\\Users\\Ahmad Wasee\\Documents\\GitHub\\ARIA — Real-Time AI Assistant\\iisupp-net-deploy\\senior-director-state\\director-operating-board.md"}
{"ts":"2026-06-16T04:47:42.006Z","message":"worker tick","reason":"interval","openclaw":true}
{"ts":"2026-06-16T04:47:43.272Z","message":"aria health checked","bad":0}
{"ts":"2026-06-16T05:02:46.495Z","message":"worker tick","reason":"interval","openclaw":true}
{"ts":"2026-06-16T05:02:47.883Z","message":"aria health checked","bad":0}
{"ts":"2026-06-16T05:02:48.058Z","message":"operating board updated","file":"C:\\Users\\Ahmad Wasee\\Documents\\GitHub\\ARIA — Real-Time AI Assistant\\iisupp-net-deploy\\senior-director-state\\director-operating-board.md"}
{"ts":"2026-06-16T05:17:51.215Z","message":"worker tick","reason":"interval","openclaw":true}
{"ts":"2026-06-16T05:17:52.432Z","message":"aria health checked","bad":0}
{"ts":"2026-06-16T05:32:55.806Z","message":"worker tick","reason":"interval","openclaw":true}
{"ts":"2026-06-16T05:32:57.058Z","message":"aria health checked","bad":0}
{"ts":"2026-06-16T05:32:57.141Z","message":"lead scan complete","count":7,"newCount":0,"openclawUsed":0}
{"ts":"2026-06-16T05:32:57.319Z","message":"operating board updated","file":"C:\\Users\\Ahmad Wasee\\Documents\\GitHub\\ARIA — Real-Time AI Assistant\\iisupp-net-deploy\\senior-director-state\\director-operating-board.md"}
{"ts":"2026-06-16T05:32:59.847Z","message":"openclaw mission brief attempted","ok":false,"code":1}
{"ts":"2026-06-16T05:48:03.072Z","message":"worker tick","reason":"interval","openclaw":true}
{"ts":"2026-06-16T05:48:04.311Z","message":"aria health checked","bad":0}
{"ts":"2026-06-16T06:03:07.468Z","message":"worker tick","reason":"interval","openclaw":true}
{"ts":"2026-06-16T06:03:08.618Z","message":"aria health checked","bad":0}
{"ts":"2026-06-16T06:03:08.804Z","message":"operating board updated","file":"C:\\Users\\Ahmad Wasee\\Documents\\GitHub\\ARIA — Real-Time AI Assistant\\iisupp-net-deploy\\senior-director-state\\director-operating-board.md"}
{"ts":"2026-06-16T06:18:11.785Z","message":"worker tick","reason":"interval","openclaw":true}
{"ts":"2026-06-16T06:18:13.105Z","message":"aria health checked","bad":0}
{"ts":"2026-06-16T06:33:16.186Z","message":"worker tick","reason":"interval","openclaw":true}
{"ts":"2026-06-16T06:33:17.324Z","message":"aria health checked","bad":0}
{"ts":"2026-06-16T06:33:17.404Z","message":"lead scan complete","count":7,"newCount":0,"openclawUsed":0}
{"ts":"2026-06-16T06:33:17.579Z","message":"operating board updated","file":"C:\\Users\\Ahmad Wasee\\Documents\\GitHub\\ARIA — Real-Time AI Assistant\\iisupp-net-deploy\\senior-director-state\\director-operating-board.md"}
{"ts":"2026-06-16T06:48:20.984Z","message":"worker tick","reason":"interval","openclaw":true}
{"ts":"2026-06-16T06:48:22.164Z","message":"aria health checked","bad":0}
{"ts":"2026-06-16T07:03:25.579Z","message":"worker tick","reason":"interval","openclaw":true}
{"ts":"2026-06-16T07:03:26.791Z","message":"aria health checked","bad":0}
{"ts":"2026-06-16T07:03:26.842Z","message":"operating board updated","file":"C:\\Users\\Ahmad Wasee\\Documents\\GitHub\\ARIA — Real-Time AI Assistant\\iisupp-net-deploy\\senior-director-state\\director-operating-board.md"}
{"ts":"2026-06-16T07:18:30.050Z","message":"worker tick","reason":"interval","openclaw":true}
{"ts":"2026-06-16T07:18:31.352Z","message":"aria health checked","bad":0}
{"ts":"2026-06-16T11:36:25.055Z","message":"worker tick","reason":"daemon","openclaw":true}
{"ts":"2026-06-16T11:36:26.473Z","message":"aria health checked","bad":0}
{"ts":"2026-06-16T11:36:33.564Z","message":"openclaw lead brief attempted","ok":false,"lead":"2BP5-198318-C ITPRO#127151 - Large Format Printer for DND","code":1}
{"ts":"2026-06-16T11:36:33.565Z","message":"lead scan complete","count":1,"newCount":1,"openclawUsed":1}
{"ts":"2026-06-16T11:36:33.629Z","message":"operating board updated","file":"C:\\Users\\Ahmad Wasee\\Documents\\GitHub\\ARIA — Real-Time AI Assistant\\iisupp-net-deploy\\senior-director-state\\director-operating-board.md"}
{"ts":"2026-06-16T11:36:35.740Z","message":"openclaw mission brief attempted","ok":false,"code":1}
{"ts":"2026-06-16T11:51:39.306Z","message":"worker tick","reason":"interval","openclaw":true}
{"ts":"2026-06-16T11:51:40.331Z","message":"aria health checked","bad":0}
{"ts":"2026-06-16T12:06:44.071Z","message":"worker tick","reason":"interval","openclaw":true}
{"ts":"2026-06-16T12:06:45.272Z","message":"aria health checked","bad":0}
{"ts":"2026-06-16T12:06:45.339Z","message":"operating board updated","file":"C:\\Users\\Ahmad Wasee\\Documents\\GitHub\\ARIA — Real-Time AI Assistant\\iisupp-net-deploy\\senior-director-state\\director-operating-board.md"}
{"ts":"2026-06-16T12:21:48.666Z","message":"worker tick","reason":"interval","openclaw":true}
{"ts":"2026-06-16T12:21:49.779Z","message":"aria health checked","bad":0}
{"ts":"2026-06-16T12:36:53.355Z","message":"worker tick","reason":"interval","openclaw":true}
{"ts":"2026-06-16T12:36:54.467Z","message":"aria health checked","bad":0}
{"ts":"2026-06-16T12:36:54.559Z","message":"lead scan complete","count":1,"newCount":0,"openclawUsed":0}
{"ts":"2026-06-16T12:36:54.624Z","message":"operating board updated","file":"C:\\Users\\Ahmad Wasee\\Documents\\GitHub\\ARIA — Real-Time AI Assistant\\iisupp-net-deploy\\senior-director-state\\director-operating-board.md"}
{"ts":"2026-06-16T12:51:57.855Z","message":"worker tick","reason":"interval","openclaw":true}
{"ts":"2026-06-16T12:51:58.946Z","message":"aria health checked","bad":0}
{"ts":"2026-06-16T13:07:02.435Z","message":"worker tick","reason":"interval","openclaw":true}
{"ts":"2026-06-16T13:07:03.612Z","message":"aria health checked","bad":0}
{"ts":"2026-06-16T13:07:03.663Z","message":"operating board updated","file":"C:\\Users\\Ahmad Wasee\\Documents\\GitHub\\ARIA — Real-Time AI Assistant\\iisupp-net-deploy\\senior-director-state\\director-operating-board.md"}
{"ts":"2026-06-16T13:22:06.925Z","message":"worker tick","reason":"interval","openclaw":true}
{"ts":"2026-06-16T13:22:08.072Z","message":"aria health checked","bad":0}
{"ts":"2026-06-16T13:37:11.469Z","message":"worker tick","reason":"interval","openclaw":true}
{"ts":"2026-06-16T13:37:12.664Z","message":"aria health checked","bad":0}
{"ts":"2026-06-16T13:37:12.753Z","message":"lead scan complete","count":1,"newCount":0,"openclawUsed":0}
{"ts":"2026-06-16T13:37:12.803Z","message":"operating board updated","file":"C:\\Users\\Ahmad Wasee\\Documents\\GitHub\\ARIA — Real-Time AI Assistant\\iisupp-net-deploy\\senior-director-state\\director-operating-board.md"}
{"ts":"2026-06-16T13:37:15.015Z","message":"openclaw mission brief attempted","ok":false,"code":1}
{"ts":"2026-06-16T13:52:18.191Z","message":"worker tick","reason":"interval","openclaw":true}
{"ts":"2026-06-16T13:52:19.499Z","message":"aria health checked","bad":0}
{"ts":"2026-06-16T13:52:21.618Z","message":"mcp registry scan complete","count":414,"unique":195,"recommended":12}
{"ts":"2026-06-16T14:07:24.928Z","message":"worker tick","reason":"interval","openclaw":true}
{"ts":"2026-06-16T14:07:26.310Z","message":"aria health checked","bad":0}
{"ts":"2026-06-16T14:07:26.360Z","message":"operating board updated","file":"C:\\Users\\Ahmad Wasee\\Documents\\GitHub\\ARIA — Real-Time AI Assistant\\iisupp-net-deploy\\senior-director-state\\director-operating-board.md"}
{"ts":"2026-06-16T14:22:29.497Z","message":"worker tick","reason":"interval","openclaw":true}
{"ts":"2026-06-16T14:22:30.798Z","message":"aria health checked","bad":0}
{"ts":"2026-06-16T14:37:34.256Z","message":"worker tick","reason":"interval","openclaw":true}
{"ts":"2026-06-16T14:37:35.388Z","message":"aria health checked","bad":0}
{"ts":"2026-06-16T14:37:35.418Z","message":"lead scan complete","count":3,"newCount":2,"openclawUsed":0}
{"ts":"2026-06-16T14:37:35.685Z","message":"operating board updated","file":"C:\\Users\\Ahmad Wasee\\Documents\\GitHub\\ARIA — Real-Time AI Assistant\\iisupp-net-deploy\\senior-director-state\\director-operating-board.md"}
{"ts":"2026-06-16T14:52:39.070Z","message":"worker tick","reason":"interval","openclaw":true}
{"ts":"2026-06-16T14:52:40.229Z","message":"aria health checked","bad":0}
{"ts":"2026-06-16T15:07:44.025Z","message":"worker tick","reason":"interval","openclaw":true}
{"ts":"2026-06-16T15:07:45.311Z","message":"aria health checked","bad":0}
{"ts":"2026-06-16T15:07:45.560Z","message":"operating board updated","file":"C:\\Users\\Ahmad Wasee\\Documents\\GitHub\\ARIA — Real-Time AI Assistant\\iisupp-net-deploy\\senior-director-state\\director-operating-board.md"}
{"ts":"2026-06-16T15:22:48.894Z","message":"worker tick","reason":"interval","openclaw":true}
{"ts":"2026-06-16T15:22:50.307Z","message":"aria health checked","bad":0}
{"ts":"2026-06-16T15:37:53.911Z","message":"worker tick","reason":"interval","openclaw":true}
{"ts":"2026-06-16T15:37:55.176Z","message":"aria health checked","bad":0}
{"ts":"2026-06-16T15:37:55.205Z","message":"lead scan complete","count":3,"newCount":0,"openclawUsed":0}
{"ts":"2026-06-16T15:37:55.553Z","message":"operating board updated","file":"C:\\Users\\Ahmad Wasee\\Documents\\GitHub\\ARIA — Real-Time AI Assistant\\iisupp-net-deploy\\senior-director-state\\director-operating-board.md"}
{"ts":"2026-06-16T15:37:58.036Z","message":"openclaw mission brief attempted","ok":false,"code":1}
{"ts":"2026-06-16T15:53:01.306Z","message":"worker tick","reason":"interval","openclaw":true}
{"ts":"2026-06-16T15:53:02.570Z","message":"aria health checked","bad":0}
{"ts":"2026-06-16T16:08:05.730Z","message":"worker tick","reason":"interval","openclaw":true}
{"ts":"2026-06-16T16:08:07.155Z","message":"aria health checked","bad":0}
{"ts":"2026-06-16T16:08:07.388Z","message":"operating board updated","file":"C:\\Users\\Ahmad Wasee\\Documents\\GitHub\\ARIA — Real-Time AI Assistant\\iisupp-net-deploy\\senior-director-state\\director-operating-board.md"}
{"ts":"2026-06-16T16:23:10.679Z","message":"worker tick","reason":"interval","openclaw":true}
{"ts":"2026-06-16T16:23:12.220Z","message":"aria health checked","bad":0}
{"ts":"2026-06-16T16:38:14.508Z","message":"worker tick","reason":"interval","openclaw":true}
{"ts":"2026-06-16T16:38:15.815Z","message":"aria health checked","bad":0}
{"ts":"2026-06-16T16:38:15.943Z","message":"lead scan complete","count":4,"newCount":1,"openclawUsed":0}
{"ts":"2026-06-16T16:38:16.186Z","message":"operating board updated","file":"C:\\Users\\Ahmad Wasee\\Documents\\GitHub\\ARIA — Real-Time AI Assistant\\iisupp-net-deploy\\senior-director-state\\director-operating-board.md"}
{"ts":"2026-06-16T16:53:19.444Z","message":"worker tick","reason":"interval","openclaw":true}
{"ts":"2026-06-16T16:53:20.841Z","message":"aria health checked","bad":0}
{"ts":"2026-06-16T17:08:24.112Z","message":"worker tick","reason":"interval","openclaw":true}
{"ts":"2026-06-16T17:08:25.415Z","message":"aria health checked","bad":0}
{"ts":"2026-06-16T17:08:25.649Z","message":"operating board updated","file":"C:\\Users\\Ahmad Wasee\\Documents\\GitHub\\ARIA — Real-Time AI Assistant\\iisupp-net-deploy\\senior-director-state\\director-operating-board.md"}
{"ts":"2026-06-16T17:23:28.998Z","message":"worker tick","reason":"interval","openclaw":true}
{"ts":"2026-06-16T17:23:30.333Z","message":"aria health checked","bad":0}
{"ts":"2026-06-16T17:38:33.849Z","message":"worker tick","reason":"interval","openclaw":true}
{"ts":"2026-06-16T17:38:35.264Z","message":"aria health checked","bad":0}
{"ts":"2026-06-16T17:38:35.345Z","message":"lead scan complete","count":4,"newCount":0,"openclawUsed":0}
{"ts":"2026-06-16T17:38:35.598Z","message":"operating board updated","file":"C:\\Users\\Ahmad Wasee\\Documents\\GitHub\\ARIA — Real-Time AI Assistant\\iisupp-net-deploy\\senior-director-state\\director-operating-board.md"}
{"ts":"2026-06-16T17:38:38.078Z","message":"openclaw mission brief attempted","ok":false,"code":1}
{"ts":"2026-06-16T17:53:41.416Z","message":"worker tick","reason":"interval","openclaw":true}
{"ts":"2026-06-16T17:53:42.848Z","message":"aria health checked","bad":0}
{"ts":"2026-06-16T18:08:46.255Z","message":"worker tick","reason":"interval","openclaw":true}
{"ts":"2026-06-16T18:08:47.496Z","message":"aria health checked","bad":0}
{"ts":"2026-06-16T18:08:47.728Z","message":"operating board updated","file":"C:\\Users\\Ahmad Wasee\\Documents\\GitHub\\ARIA — Real-Time AI Assistant\\iisupp-net-deploy\\senior-director-state\\director-operating-board.md"}
{"ts":"2026-06-16T18:23:51.329Z","message":"worker tick","reason":"interval","openclaw":true}
{"ts":"2026-06-16T18:23:52.641Z","message":"aria health checked","bad":0}
{"ts":"2026-06-16T18:38:55.999Z","message":"worker tick","reason":"interval","openclaw":true}
{"ts":"2026-06-16T18:38:57.560Z","message":"aria health checked","bad":0}
{"ts":"2026-06-16T18:38:57.597Z","message":"lead scan complete","count":4,"newCount":0,"openclawUsed":0}
{"ts":"2026-06-16T18:38:57.833Z","message":"operating board updated","file":"C:\\Users\\Ahmad Wasee\\Documents\\GitHub\\ARIA — Real-Time AI Assistant\\iisupp-net-deploy\\senior-director-state\\director-operating-board.md"}
{"ts":"2026-06-16T18:54:01.038Z","message":"worker tick","reason":"interval","openclaw":true}
{"ts":"2026-06-16T18:54:02.368Z","message":"aria health checked","bad":0}
{"ts":"2026-06-16T19:09:05.579Z","message":"worker tick","reason":"interval","openclaw":true}
{"ts":"2026-06-16T19:09:07.404Z","message":"aria health checked","bad":0}
{"ts":"2026-06-16T19:09:07.638Z","message":"operating board updated","file":"C:\\Users\\Ahmad Wasee\\Documents\\GitHub\\ARIA — Real-Time AI Assistant\\iisupp-net-deploy\\senior-director-state\\director-operating-board.md"}
{"ts":"2026-06-16T19:24:10.860Z","message":"worker tick","reason":"interval","openclaw":true}
{"ts":"2026-06-16T19:24:12.499Z","message":"aria health checked","bad":0}
{"ts":"2026-06-16T19:39:16.123Z","message":"worker tick","reason":"interval","openclaw":true}
{"ts":"2026-06-16T19:39:17.369Z","message":"aria health checked","bad":0}
{"ts":"2026-06-16T19:39:17.449Z","message":"lead scan complete","count":4,"newCount":0,"openclawUsed":0}
{"ts":"2026-06-16T19:39:17.710Z","message":"operating board updated","file":"C:\\Users\\Ahmad Wasee\\Documents\\GitHub\\ARIA — Real-Time AI Assistant\\iisupp-net-deploy\\senior-director-state\\director-operating-board.md"}
{"ts":"2026-06-16T19:39:20.416Z","message":"openclaw mission brief attempted","ok":false,"code":1}
{"ts":"2026-06-16T19:54:23.680Z","message":"worker tick","reason":"interval","openclaw":true}
{"ts":"2026-06-16T19:54:24.789Z","message":"aria health checked","bad":0}
{"ts":"2026-06-16T20:09:28.339Z","message":"worker tick","reason":"interval","openclaw":true}
{"ts":"2026-06-16T20:09:29.526Z","message":"aria health checked","bad":0}
{"ts":"2026-06-16T20:09:29.864Z","message":"operating board updated","file":"C:\\Users\\Ahmad Wasee\\Documents\\GitHub\\ARIA — Real-Time AI Assistant\\iisupp-net-deploy\\senior-director-state\\director-operating-board.md"}
{"ts":"2026-06-16T20:24:33.305Z","message":"worker tick","reason":"interval","openclaw":true}
{"ts":"2026-06-16T20:24:34.714Z","message":"aria health checked","bad":0}
{"ts":"2026-06-16T20:39:38.062Z","message":"worker tick","reason":"interval","openclaw":true}
{"ts":"2026-06-16T20:39:39.384Z","message":"aria health checked","bad":0}
{"ts":"2026-06-16T20:39:39.489Z","message":"lead scan complete","count":4,"newCount":0,"openclawUsed":0}
{"ts":"2026-06-16T20:39:39.727Z","message":"operating board updated","file":"C:\\Users\\Ahmad Wasee\\Documents\\GitHub\\ARIA — Real-Time AI Assistant\\iisupp-net-deploy\\senior-director-state\\director-operating-board.md"}
{"ts":"2026-06-16T20:54:42.998Z","message":"worker tick","reason":"interval","openclaw":true}
{"ts":"2026-06-16T20:54:44.199Z","message":"aria health checked","bad":0}
{"ts":"2026-06-16T21:09:47.643Z","message":"worker tick","reason":"interval","openclaw":true}
{"ts":"2026-06-16T21:09:49.029Z","message":"aria health checked","bad":0}
{"ts":"2026-06-16T21:09:49.258Z","message":"operating board updated","file":"C:\\Users\\Ahmad Wasee\\Documents\\GitHub\\ARIA — Real-Time AI Assistant\\iisupp-net-deploy\\senior-director-state\\director-operating-board.md"}
{"ts":"2026-06-16T21:24:52.631Z","message":"worker tick","reason":"interval","openclaw":true}
{"ts":"2026-06-16T21:24:53.980Z","message":"aria health checked","bad":0}
{"ts":"2026-06-16T21:39:57.407Z","message":"worker tick","reason":"interval","openclaw":true}
{"ts":"2026-06-16T21:39:58.654Z","message":"aria health checked","bad":0}
{"ts":"2026-06-16T21:39:58.684Z","message":"lead scan complete","count":4,"newCount":0,"openclawUsed":0}
{"ts":"2026-06-16T21:39:58.921Z","message":"operating board updated","file":"C:\\Users\\Ahmad Wasee\\Documents\\GitHub\\ARIA — Real-Time AI Assistant\\iisupp-net-deploy\\senior-director-state\\director-operating-board.md"}
{"ts":"2026-06-16T21:40:01.281Z","message":"openclaw mission brief attempted","ok":false,"code":1}
{"ts":"2026-06-16T21:55:04.718Z","message":"worker tick","reason":"interval","openclaw":true}
{"ts":"2026-06-16T21:55:06.351Z","message":"aria health checked","bad":0}
{"ts":"2026-06-16T22:10:10.173Z","message":"worker tick","reason":"interval","openclaw":true}
{"ts":"2026-06-16T22:10:11.697Z","message":"aria health checked","bad":0}
{"ts":"2026-06-16T22:10:12.037Z","message":"operating board updated","file":"C:\\Users\\Ahmad Wasee\\Documents\\GitHub\\ARIA — Real-Time AI Assistant\\iisupp-net-deploy\\senior-director-state\\director-operating-board.md"}
{"ts":"2026-06-16T22:25:15.176Z","message":"worker tick","reason":"interval","openclaw":true}
{"ts":"2026-06-16T22:25:16.415Z","message":"aria health checked","bad":0}
{"ts":"2026-06-16T22:40:19.750Z","message":"worker tick","reason":"interval","openclaw":true}
{"ts":"2026-06-16T22:40:21.070Z","message":"aria health checked","bad":0}
{"ts":"2026-06-16T22:40:21.106Z","message":"lead scan complete","count":5,"newCount":1,"openclawUsed":0}
{"ts":"2026-06-16T22:40:21.341Z","message":"operating board updated","file":"C:\\Users\\Ahmad Wasee\\Documents\\GitHub\\ARIA — Real-Time AI Assistant\\iisupp-net-deploy\\senior-director-state\\director-operating-board.md"}
{"ts":"2026-06-16T22:55:24.676Z","message":"worker tick","reason":"interval","openclaw":true}
{"ts":"2026-06-16T22:55:26.091Z","message":"aria health checked","bad":0}
{"ts":"2026-06-16T23:10:29.282Z","message":"worker tick","reason":"interval","openclaw":true}
{"ts":"2026-06-16T23:10:30.551Z","message":"aria health checked","bad":0}
{"ts":"2026-06-16T23:10:30.782Z","message":"operating board updated","file":"C:\\Users\\Ahmad Wasee\\Documents\\GitHub\\ARIA — Real-Time AI Assistant\\iisupp-net-deploy\\senior-director-state\\director-operating-board.md"}
{"ts":"2026-06-16T23:25:34.097Z","message":"worker tick","reason":"interval","openclaw":true}
{"ts":"2026-06-16T23:25:35.301Z","message":"aria health checked","bad":0}
{"ts":"2026-06-16T23:40:38.915Z","message":"worker tick","reason":"interval","openclaw":true}
{"ts":"2026-06-16T23:40:40.131Z","message":"aria health checked","bad":0}
{"ts":"2026-06-16T23:40:40.218Z","message":"lead scan complete","count":5,"newCount":0,"openclawUsed":0}
{"ts":"2026-06-16T23:40:40.461Z","message":"operating board updated","file":"C:\\Users\\Ahmad Wasee\\Documents\\GitHub\\ARIA — Real-Time AI Assistant\\iisupp-net-deploy\\senior-director-state\\director-operating-board.md"}
{"ts":"2026-06-16T23:40:42.876Z","message":"openclaw mission brief attempted","ok":false,"code":1}
{"ts":"2026-06-16T23:55:46.195Z","message":"worker tick","reason":"interval","openclaw":true}
{"ts":"2026-06-16T23:55:47.486Z","message":"aria health checked","bad":0}
{"ts":"2026-06-17T00:10:50.680Z","message":"worker tick","reason":"interval","openclaw":true}
{"ts":"2026-06-17T00:10:51.834Z","message":"aria health checked","bad":0}
{"ts":"2026-06-17T00:10:52.069Z","message":"operating board updated","file":"C:\\Users\\Ahmad Wasee\\Documents\\GitHub\\ARIA — Real-Time AI Assistant\\iisupp-net-deploy\\senior-director-state\\director-operating-board.md"}
{"ts":"2026-06-17T00:25:55.394Z","message":"worker tick","reason":"interval","openclaw":true}
{"ts":"2026-06-17T00:25:56.687Z","message":"aria health checked","bad":0}
{"ts":"2026-06-17T00:41:00.123Z","message":"worker tick","reason":"interval","openclaw":true}
{"ts":"2026-06-17T00:41:01.394Z","message":"aria health checked","bad":0}
{"ts":"2026-06-17T00:41:01.434Z","message":"lead scan complete","count":5,"newCount":0,"openclawUsed":0}
{"ts":"2026-06-17T00:41:01.685Z","message":"operating board updated","file":"C:\\Users\\Ahmad Wasee\\Documents\\GitHub\\ARIA — Real-Time AI Assistant\\iisupp-net-deploy\\senior-director-state\\director-operating-board.md"}
{"ts":"2026-06-17T00:56:05.121Z","message":"worker tick","reason":"interval","openclaw":true}
{"ts":"2026-06-17T00:56:06.336Z","message":"aria health checked","bad":0}
{"ts":"2026-06-17T01:11:10.231Z","message":"worker tick","reason":"interval","openclaw":true}
{"ts":"2026-06-17T01:11:21.756Z","message":"aria health checked","bad":0}
{"ts":"2026-06-17T01:11:22.002Z","message":"operating board updated","file":"C:\\Users\\Ahmad Wasee\\Documents\\GitHub\\ARIA — Real-Time AI Assistant\\iisupp-net-deploy\\senior-director-state\\director-operating-board.md"}
{"ts":"2026-06-17T01:26:25.931Z","message":"worker tick","reason":"interval","openclaw":true}
{"ts":"2026-06-17T01:26:27.156Z","message":"aria health checked","bad":0}
{"ts":"2026-06-17T01:41:30.604Z","message":"worker tick","reason":"interval","openclaw":true}
{"ts":"2026-06-17T01:41:31.876Z","message":"aria health checked","bad":0}
{"ts":"2026-06-17T01:41:31.904Z","message":"lead scan complete","count":5,"newCount":0,"openclawUsed":0}
{"ts":"2026-06-17T01:41:32.153Z","message":"operating board updated","file":"C:\\Users\\Ahmad Wasee\\Documents\\GitHub\\ARIA — Real-Time AI Assistant\\iisupp-net-deploy\\senior-director-state\\director-operating-board.md"}
{"ts":"2026-06-17T01:41:34.555Z","message":"openclaw mission brief attempted","ok":false,"code":1}
{"ts":"2026-06-17T01:56:38.151Z","message":"worker tick","reason":"interval","openclaw":true}
{"ts":"2026-06-17T01:56:39.517Z","message":"aria health checked","bad":0}
{"ts":"2026-06-17T02:11:42.918Z","message":"worker tick","reason":"interval","openclaw":true}
{"ts":"2026-06-17T02:11:44.522Z","message":"aria health checked","bad":0}
{"ts":"2026-06-17T02:11:44.755Z","message":"operating board updated","file":"C:\\Users\\Ahmad Wasee\\Documents\\GitHub\\ARIA — Real-Time AI Assistant\\iisupp-net-deploy\\senior-director-state\\director-operating-board.md"}
{"ts":"2026-06-17T02:26:48.029Z","message":"worker tick","reason":"interval","openclaw":true}
{"ts":"2026-06-17T02:26:49.353Z","message":"aria health checked","bad":0}
{"ts":"2026-06-17T02:41:52.822Z","message":"worker tick","reason":"interval","openclaw":true}
{"ts":"2026-06-17T02:41:54.118Z","message":"aria health checked","bad":0}
{"ts":"2026-06-17T02:41:54.153Z","message":"lead scan complete","count":5,"newCount":0,"openclawUsed":0}
{"ts":"2026-06-17T02:41:54.400Z","message":"operating board updated","file":"C:\\Users\\Ahmad Wasee\\Documents\\GitHub\\ARIA — Real-Time AI Assistant\\iisupp-net-deploy\\senior-director-state\\director-operating-board.md"}
{"ts":"2026-06-17T02:56:57.819Z","message":"worker tick","reason":"interval","openclaw":true}
{"ts":"2026-06-17T02:56:58.957Z","message":"aria health checked","bad":0}
{"ts":"2026-06-17T03:12:02.247Z","message":"worker tick","reason":"interval","openclaw":true}
{"ts":"2026-06-17T03:12:03.974Z","message":"aria health checked","bad":0}
{"ts":"2026-06-17T03:12:04.196Z","message":"operating board updated","file":"C:\\Users\\Ahmad Wasee\\Documents\\GitHub\\ARIA — Real-Time AI Assistant\\iisupp-net-deploy\\senior-director-state\\director-operating-board.md"}
{"ts":"2026-06-17T03:27:07.817Z","message":"worker tick","reason":"interval","openclaw":true}
{"ts":"2026-06-17T03:27:09.090Z","message":"aria health checked","bad":0}
{"ts":"2026-06-17T03:42:12.670Z","message":"worker tick","reason":"interval","openclaw":true}
{"ts":"2026-06-17T03:42:13.804Z","message":"aria health checked","bad":0}
{"ts":"2026-06-17T03:42:13.831Z","message":"lead scan complete","count":5,"newCount":0,"openclawUsed":0}
{"ts":"2026-06-17T03:42:14.078Z","message":"operating board updated","file":"C:\\Users\\Ahmad Wasee\\Documents\\GitHub\\ARIA — Real-Time AI Assistant\\iisupp-net-deploy\\senior-director-state\\director-operating-board.md"}
{"ts":"2026-06-17T03:42:16.578Z","message":"openclaw mission brief attempted","ok":false,"code":1}
{"ts":"2026-06-17T03:57:19.960Z","message":"worker tick","reason":"interval","openclaw":true}
{"ts":"2026-06-17T03:57:21.108Z","message":"aria health checked","bad":0}
{"ts":"2026-06-17T04:12:24.608Z","message":"worker tick","reason":"interval","openclaw":true}
{"ts":"2026-06-17T04:12:25.981Z","message":"aria health checked","bad":0}
{"ts":"2026-06-17T04:12:26.214Z","message":"operating board updated","file":"C:\\Users\\Ahmad Wasee\\Documents\\GitHub\\ARIA — Real-Time AI Assistant\\iisupp-net-deploy\\senior-director-state\\director-operating-board.md"}
{"ts":"2026-06-17T04:27:29.537Z","message":"worker tick","reason":"interval","openclaw":true}
{"ts":"2026-06-17T04:27:30.821Z","message":"aria health checked","bad":0}
{"ts":"2026-06-17T04:42:34.619Z","message":"worker tick","reason":"interval","openclaw":true}
{"ts":"2026-06-17T04:42:36.150Z","message":"aria health checked","bad":0}
{"ts":"2026-06-17T04:42:36.178Z","message":"lead scan complete","count":5,"newCount":0,"openclawUsed":0}
{"ts":"2026-06-17T04:42:36.550Z","message":"operating board updated","file":"C:\\Users\\Ahmad Wasee\\Documents\\GitHub\\ARIA — Real-Time AI Assistant\\iisupp-net-deploy\\senior-director-state\\director-operating-board.md"}
{"ts":"2026-06-17T04:57:40.106Z","message":"worker tick","reason":"interval","openclaw":true}
{"ts":"2026-06-17T04:57:41.281Z","message":"aria health checked","bad":0}
{"ts":"2026-06-17T05:12:44.664Z","message":"worker tick","reason":"interval","openclaw":true}
{"ts":"2026-06-17T05:12:45.292Z","message":"aria health checked","bad":0}
{"ts":"2026-06-17T05:12:45.523Z","message":"operating board updated","file":"C:\\Users\\Ahmad Wasee\\Documents\\GitHub\\ARIA — Real-Time AI Assistant\\iisupp-net-deploy\\senior-director-state\\director-operating-board.md"}
{"ts":"2026-06-17T05:27:48.692Z","message":"worker tick","reason":"interval","openclaw":true}
{"ts":"2026-06-17T05:27:49.817Z","message":"aria health checked","bad":0}
{"ts":"2026-06-17T11:55:07.873Z","message":"worker tick","reason":"daemon","openclaw":true}
{"ts":"2026-06-17T11:55:09.316Z","message":"aria health checked","bad":0}
{"ts":"2026-06-17T11:55:09.410Z","message":"lead scan complete","count":4,"newCount":4,"openclawUsed":0}
{"ts":"2026-06-17T11:55:09.887Z","message":"operating board updated","file":"C:\\Users\\Ahmad Wasee\\Documents\\GitHub\\ARIA — Real-Time AI Assistant\\iisupp-net-deploy\\senior-director-state\\director-operating-board.md"}
{"ts":"2026-06-17T11:55:13.018Z","message":"openclaw mission brief attempted","ok":false,"code":1}
{"ts":"2026-06-17T12:10:15.985Z","message":"worker tick","reason":"interval","openclaw":true}
{"ts":"2026-06-17T12:10:17.213Z","message":"aria health checked","bad":0}
{"ts":"2026-06-17T12:25:20.061Z","message":"worker tick","reason":"interval","openclaw":true}
{"ts":"2026-06-17T12:25:21.308Z","message":"aria health checked","bad":0}
{"ts":"2026-06-17T12:25:21.537Z","message":"operating board updated","file":"C:\\Users\\Ahmad Wasee\\Documents\\GitHub\\ARIA — Real-Time AI Assistant\\iisupp-net-deploy\\senior-director-state\\director-operating-board.md"}
{"ts":"2026-06-17T12:40:24.372Z","message":"worker tick","reason":"interval","openclaw":true}
{"ts":"2026-06-17T12:40:25.444Z","message":"aria health checked","bad":0}
{"ts":"2026-06-17T12:55:28.451Z","message":"worker tick","reason":"interval","openclaw":true}
{"ts":"2026-06-17T12:55:29.542Z","message":"aria health checked","bad":0}
{"ts":"2026-06-17T12:55:29.579Z","message":"lead scan complete","count":4,"newCount":0,"openclawUsed":0}
{"ts":"2026-06-17T12:55:29.800Z","message":"operating board updated","file":"C:\\Users\\Ahmad Wasee\\Documents\\GitHub\\ARIA — Real-Time AI Assistant\\iisupp-net-deploy\\senior-director-state\\director-operating-board.md"}
{"ts":"2026-06-17T13:10:32.796Z","message":"worker tick","reason":"interval","openclaw":true}
{"ts":"2026-06-17T13:10:34.306Z","message":"aria health checked","bad":0}
{"ts":"2026-06-17T13:25:37.875Z","message":"worker tick","reason":"interval","openclaw":true}
{"ts":"2026-06-17T13:25:39.033Z","message":"aria health checked","bad":0}
{"ts":"2026-06-17T13:25:39.372Z","message":"operating board updated","file":"C:\\Users\\Ahmad Wasee\\Documents\\GitHub\\ARIA — Real-Time AI Assistant\\iisupp-net-deploy\\senior-director-state\\director-operating-board.md"}
{"ts":"2026-06-17T13:40:42.893Z","message":"worker tick","reason":"interval","openclaw":true}
{"ts":"2026-06-17T13:40:44.040Z","message":"aria health checked","bad":0}
{"ts":"2026-06-17T13:55:47.416Z","message":"worker tick","reason":"interval","openclaw":true}
{"ts":"2026-06-17T13:55:48.572Z","message":"aria health checked","bad":0}
{"ts":"2026-06-17T13:55:48.659Z","message":"lead scan complete","count":4,"newCount":0,"openclawUsed":0}
{"ts":"2026-06-17T13:55:50.876Z","message":"mcp registry scan complete","count":414,"unique":195,"recommended":12}
{"ts":"2026-06-17T13:55:51.116Z","message":"operating board updated","file":"C:\\Users\\Ahmad Wasee\\Documents\\GitHub\\ARIA — Real-Time AI Assistant\\iisupp-net-deploy\\senior-director-state\\director-operating-board.md"}
{"ts":"2026-06-17T13:55:53.443Z","message":"openclaw mission brief attempted","ok":false,"code":1}
{"ts":"2026-06-17T14:10:56.829Z","message":"worker tick","reason":"interval","openclaw":true}
{"ts":"2026-06-17T14:10:58.148Z","message":"aria health checked","bad":0}
{"ts":"2026-06-17T14:26:01.385Z","message":"worker tick","reason":"interval","openclaw":true}
{"ts":"2026-06-17T14:26:02.597Z","message":"aria health checked","bad":0}
{"ts":"2026-06-17T14:26:02.825Z","message":"operating board updated","file":"C:\\Users\\Ahmad Wasee\\Documents\\GitHub\\ARIA — Real-Time AI Assistant\\iisupp-net-deploy\\senior-director-state\\director-operating-board.md"}
{"ts":"2026-06-17T14:41:06.349Z","message":"worker tick","reason":"interval","openclaw":true}
{"ts":"2026-06-17T14:41:07.741Z","message":"aria health checked","bad":0}
{"ts":"2026-06-17T14:56:11.206Z","message":"worker tick","reason":"interval","openclaw":true}
{"ts":"2026-06-17T14:56:12.443Z","message":"aria health checked","bad":0}
{"ts":"2026-06-17T14:56:13.426Z","message":"lead scan complete","count":5,"newCount":1,"openclawUsed":0}
{"ts":"2026-06-17T14:56:13.792Z","message":"operating board updated","file":"C:\\Users\\Ahmad Wasee\\Documents\\GitHub\\ARIA — Real-Time AI Assistant\\iisupp-net-deploy\\senior-director-state\\director-operating-board.md"}
{"ts":"2026-06-17T15:11:17.408Z","message":"worker tick","reason":"interval","openclaw":true}
{"ts":"2026-06-17T15:11:18.689Z","message":"aria health checked","bad":0}
{"ts":"2026-06-17T15:26:22.233Z","message":"worker tick","reason":"interval","openclaw":true}
{"ts":"2026-06-17T15:26:23.591Z","message":"aria health checked","bad":0}
{"ts":"2026-06-17T15:26:23.820Z","message":"operating board updated","file":"C:\\Users\\Ahmad Wasee\\Documents\\GitHub\\ARIA — Real-Time AI Assistant\\iisupp-net-deploy\\senior-director-state\\director-operating-board.md"}
{"ts":"2026-06-17T15:41:27.305Z","message":"worker tick","reason":"interval","openclaw":true}
{"ts":"2026-06-17T15:41:28.528Z","message":"aria health checked","bad":0}
{"ts":"2026-06-17T15:56:31.901Z","message":"worker tick","reason":"interval","openclaw":true}
{"ts":"2026-06-17T15:56:33.244Z","message":"aria health checked","bad":0}
{"ts":"2026-06-17T15:56:33.271Z","message":"lead scan complete","count":5,"newCount":0,"openclawUsed":0}
{"ts":"2026-06-17T15:56:33.515Z","message":"operating board updated","file":"C:\\Users\\Ahmad Wasee\\Documents\\GitHub\\ARIA — Real-Time AI Assistant\\iisupp-net-deploy\\senior-director-state\\director-operating-board.md"}
{"ts":"2026-06-17T15:56:35.954Z","message":"openclaw mission brief attempted","ok":false,"code":1}
{"ts":"2026-06-17T16:11:39.366Z","message":"worker tick","reason":"interval","openclaw":true}
{"ts":"2026-06-17T16:11:40.734Z","message":"aria health checked","bad":0}
{"ts":"2026-06-17T16:26:44.247Z","message":"worker tick","reason":"interval","openclaw":true}
{"ts":"2026-06-17T16:26:45.547Z","message":"aria health checked","bad":0}
{"ts":"2026-06-17T16:26:45.780Z","message":"operating board updated","file":"C:\\Users\\Ahmad Wasee\\Documents\\GitHub\\ARIA — Real-Time AI Assistant\\iisupp-net-deploy\\senior-director-state\\director-operating-board.md"}
{"ts":"2026-06-17T16:41:49.013Z","message":"worker tick","reason":"interval","openclaw":true}
{"ts":"2026-06-17T16:41:50.183Z","message":"aria health checked","bad":0}
{"ts":"2026-06-17T16:56:53.550Z","message":"worker tick","reason":"interval","openclaw":true}
{"ts":"2026-06-17T16:56:54.849Z","message":"aria health checked","bad":0}
{"ts":"2026-06-17T16:56:54.876Z","message":"lead scan complete","count":5,"newCount":0,"openclawUsed":0}
{"ts":"2026-06-17T16:56:55.117Z","message":"operating board updated","file":"C:\\Users\\Ahmad Wasee\\Documents\\GitHub\\ARIA — Real-Time AI Assistant\\iisupp-net-deploy\\senior-director-state\\director-operating-board.md"}
{"ts":"2026-06-17T17:11:58.558Z","message":"worker tick","reason":"interval","openclaw":true}
{"ts":"2026-06-17T17:11:59.895Z","message":"aria health checked","bad":0}
{"ts":"2026-06-17T17:27:03.193Z","message":"worker tick","reason":"interval","openclaw":true}
{"ts":"2026-06-17T17:27:04.488Z","message":"aria health checked","bad":0}
{"ts":"2026-06-17T17:27:04.711Z","message":"operating board updated","file":"C:\\Users\\Ahmad Wasee\\Documents\\GitHub\\ARIA — Real-Time AI Assistant\\iisupp-net-deploy\\senior-director-state\\director-operating-board.md"}
{"ts":"2026-06-17T17:42:07.912Z","message":"worker tick","reason":"interval","openclaw":true}
{"ts":"2026-06-17T17:42:09.014Z","message":"aria health checked","bad":0}
{"ts":"2026-06-17T17:57:12.371Z","message":"worker tick","reason":"interval","openclaw":true}
{"ts":"2026-06-17T17:57:13.719Z","message":"aria health checked","bad":0}
{"ts":"2026-06-17T17:57:13.759Z","message":"lead scan complete","count":5,"newCount":0,"openclawUsed":0}
{"ts":"2026-06-17T17:57:13.994Z","message":"operating board updated","file":"C:\\Users\\Ahmad Wasee\\Documents\\GitHub\\ARIA — Real-Time AI Assistant\\iisupp-net-deploy\\senior-director-state\\director-operating-board.md"}
{"ts":"2026-06-17T17:57:16.362Z","message":"openclaw mission brief attempted","ok":false,"code":1}
{"ts":"2026-06-17T18:12:19.667Z","message":"worker tick","reason":"interval","openclaw":true}
{"ts":"2026-06-17T18:12:20.937Z","message":"aria health checked","bad":0}
{"ts":"2026-06-17T18:27:24.362Z","message":"worker tick","reason":"interval","openclaw":true}
{"ts":"2026-06-17T18:27:25.537Z","message":"aria health checked","bad":0}
{"ts":"2026-06-17T18:27:25.771Z","message":"operating board updated","file":"C:\\Users\\Ahmad Wasee\\Documents\\GitHub\\ARIA — Real-Time AI Assistant\\iisupp-net-deploy\\senior-director-state\\director-operating-board.md"}
{"ts":"2026-06-17T18:42:28.884Z","message":"worker tick","reason":"interval","openclaw":true}
{"ts":"2026-06-17T18:42:30.143Z","message":"aria health checked","bad":0}
{"ts":"2026-06-17T18:57:33.672Z","message":"worker tick","reason":"interval","openclaw":true}
{"ts":"2026-06-17T18:57:35.140Z","message":"aria health checked","bad":0}
{"ts":"2026-06-17T18:57:35.172Z","message":"lead scan complete","count":8,"newCount":3,"openclawUsed":0}
{"ts":"2026-06-17T18:57:35.433Z","message":"operating board updated","file":"C:\\Users\\Ahmad Wasee\\Documents\\GitHub\\ARIA — Real-Time AI Assistant\\iisupp-net-deploy\\senior-director-state\\director-operating-board.md"}
{"ts":"2026-06-17T19:12:39.087Z","message":"worker tick","reason":"interval","openclaw":true}
{"ts":"2026-06-17T19:12:40.629Z","message":"aria health checked","bad":0}
{"ts":"2026-06-17T19:27:44.189Z","message":"worker tick","reason":"interval","openclaw":true}
{"ts":"2026-06-17T19:27:45.447Z","message":"aria health checked","bad":0}
{"ts":"2026-06-17T19:27:45.675Z","message":"operating board updated","file":"C:\\Users\\Ahmad Wasee\\Documents\\GitHub\\ARIA — Real-Time AI Assistant\\iisupp-net-deploy\\senior-director-state\\director-operating-board.md"}
{"ts":"2026-06-17T19:42:49.390Z","message":"worker tick","reason":"interval","openclaw":true}
{"ts":"2026-06-17T19:42:50.614Z","message":"aria health checked","bad":0}
{"ts":"2026-06-17T19:57:53.900Z","message":"worker tick","reason":"interval","openclaw":true}
{"ts":"2026-06-17T19:57:55.109Z","message":"aria health checked","bad":0}
{"ts":"2026-06-17T19:57:55.268Z","message":"lead scan complete","count":8,"newCount":0,"openclawUsed":0}
{"ts":"2026-06-17T19:57:55.517Z","message":"operating board updated","file":"C:\\Users\\Ahmad Wasee\\Documents\\GitHub\\ARIA — Real-Time AI Assistant\\iisupp-net-deploy\\senior-director-state\\director-operating-board.md"}
{"ts":"2026-06-17T19:57:57.908Z","message":"openclaw mission brief attempted","ok":false,"code":1}
{"ts":"2026-06-17T20:13:01.398Z","message":"worker tick","reason":"interval","openclaw":true}
{"ts":"2026-06-17T20:13:02.548Z","message":"aria health checked","bad":0}
{"ts":"2026-06-17T20:28:05.749Z","message":"worker tick","reason":"interval","openclaw":true}
{"ts":"2026-06-17T20:28:06.995Z","message":"aria health checked","bad":0}
{"ts":"2026-06-17T20:28:07.219Z","message":"operating board updated","file":"C:\\Users\\Ahmad Wasee\\Documents\\GitHub\\ARIA — Real-Time AI Assistant\\iisupp-net-deploy\\senior-director-state\\director-operating-board.md"}
{"ts":"2026-06-17T20:43:10.428Z","message":"worker tick","reason":"interval","openclaw":true}
{"ts":"2026-06-17T20:43:11.705Z","message":"aria health checked","bad":0}
{"ts":"2026-06-17T20:58:15.041Z","message":"worker tick","reason":"interval","openclaw":true}
{"ts":"2026-06-17T20:58:16.208Z","message":"aria health checked","bad":0}
{"ts":"2026-06-17T20:58:16.302Z","message":"lead scan complete","count":8,"newCount":0,"openclawUsed":0}
{"ts":"2026-06-17T20:58:16.664Z","message":"operating board updated","file":"C:\\Users\\Ahmad Wasee\\Documents\\GitHub\\ARIA — Real-Time AI Assistant\\iisupp-net-deploy\\senior-director-state\\director-operating-board.md"}
{"ts":"2026-06-17T21:13:19.983Z","message":"worker tick","reason":"interval","openclaw":true}
{"ts":"2026-06-17T21:13:21.354Z","message":"aria health checked","bad":0}
{"ts":"2026-06-17T21:28:24.719Z","message":"worker tick","reason":"interval","openclaw":true}
{"ts":"2026-06-17T21:28:26.070Z","message":"aria health checked","bad":0}
{"ts":"2026-06-17T21:28:26.297Z","message":"operating board updated","file":"C:\\Users\\Ahmad Wasee\\Documents\\GitHub\\ARIA — Real-Time AI Assistant\\iisupp-net-deploy\\senior-director-state\\director-operating-board.md"}
{"ts":"2026-06-17T21:43:29.587Z","message":"worker tick","reason":"interval","openclaw":true}
{"ts":"2026-06-17T21:43:31.080Z","message":"aria health checked","bad":0}
{"ts":"2026-06-17T21:58:34.484Z","message":"worker tick","reason":"interval","openclaw":true}
{"ts":"2026-06-17T21:58:35.712Z","message":"aria health checked","bad":0}
{"ts":"2026-06-17T21:58:35.797Z","message":"lead scan complete","count":8,"newCount":0,"openclawUsed":0}
{"ts":"2026-06-17T21:58:36.040Z","message":"operating board updated","file":"C:\\Users\\Ahmad Wasee\\Documents\\GitHub\\ARIA — Real-Time AI Assistant\\iisupp-net-deploy\\senior-director-state\\director-operating-board.md"}
{"ts":"2026-06-17T21:58:38.552Z","message":"openclaw mission brief attempted","ok":false,"code":1}
{"ts":"2026-06-17T22:13:41.948Z","message":"worker tick","reason":"interval","openclaw":true}
{"ts":"2026-06-17T22:13:43.056Z","message":"aria health checked","bad":0}
{"ts":"2026-06-17T22:28:46.418Z","message":"worker tick","reason":"interval","openclaw":true}
{"ts":"2026-06-17T22:28:47.727Z","message":"aria health checked","bad":0}
{"ts":"2026-06-17T22:28:47.967Z","message":"operating board updated","file":"C:\\Users\\Ahmad Wasee\\Documents\\GitHub\\ARIA — Real-Time AI Assistant\\iisupp-net-deploy\\senior-director-state\\director-operating-board.md"}
{"ts":"2026-06-17T22:43:51.511Z","message":"worker tick","reason":"interval","openclaw":true}
{"ts":"2026-06-17T22:43:52.834Z","message":"aria health checked","bad":0}
{"ts":"2026-06-17T22:58:56.232Z","message":"worker tick","reason":"interval","openclaw":true}
{"ts":"2026-06-17T22:58:57.500Z","message":"aria health checked","bad":0}
{"ts":"2026-06-17T22:58:57.642Z","message":"lead scan complete","count":8,"newCount":0,"openclawUsed":0}
{"ts":"2026-06-17T22:58:57.883Z","message":"operating board updated","file":"C:\\Users\\Ahmad Wasee\\Documents\\GitHub\\ARIA — Real-Time AI Assistant\\iisupp-net-deploy\\senior-director-state\\director-operating-board.md"}
{"ts":"2026-06-17T23:14:01.422Z","message":"worker tick","reason":"interval","openclaw":true}
{"ts":"2026-06-17T23:14:02.661Z","message":"aria health checked","bad":0}
{"ts":"2026-06-17T23:29:06.326Z","message":"worker tick","reason":"interval","openclaw":true}
{"ts":"2026-06-17T23:29:07.629Z","message":"aria health checked","bad":0}
{"ts":"2026-06-17T23:29:07.858Z","message":"operating board updated","file":"C:\\Users\\Ahmad Wasee\\Documents\\GitHub\\ARIA — Real-Time AI Assistant\\iisupp-net-deploy\\senior-director-state\\director-operating-board.md"}
{"ts":"2026-06-17T23:44:11.329Z","message":"worker tick","reason":"interval","openclaw":true}
{"ts":"2026-06-17T23:44:12.615Z","message":"aria health checked","bad":0}
{"ts":"2026-06-17T23:59:16.478Z","message":"worker tick","reason":"interval","openclaw":true}
{"ts":"2026-06-17T23:59:17.743Z","message":"aria health checked","bad":0}
{"ts":"2026-06-17T23:59:17.832Z","message":"lead scan complete","count":8,"newCount":0,"openclawUsed":0}
{"ts":"2026-06-17T23:59:18.066Z","message":"operating board updated","file":"C:\\Users\\Ahmad Wasee\\Documents\\GitHub\\ARIA — Real-Time AI Assistant\\iisupp-net-deploy\\senior-director-state\\director-operating-board.md"}
{"ts":"2026-06-17T23:59:20.598Z","message":"openclaw mission brief attempted","ok":false,"code":1}
{"ts":"2026-06-18T00:14:24.397Z","message":"worker tick","reason":"interval","openclaw":true}
{"ts":"2026-06-18T00:14:25.585Z","message":"aria health checked","bad":0}
{"ts":"2026-06-18T00:29:29.154Z","message":"worker tick","reason":"interval","openclaw":true}
{"ts":"2026-06-18T00:29:30.381Z","message":"aria health checked","bad":0}
{"ts":"2026-06-18T00:29:30.623Z","message":"operating board updated","file":"C:\\Users\\Ahmad Wasee\\Documents\\GitHub\\ARIA — Real-Time AI Assistant\\iisupp-net-deploy\\senior-director-state\\director-operating-board.md"}
{"ts":"2026-06-18T00:44:34.054Z","message":"worker tick","reason":"interval","openclaw":true}
{"ts":"2026-06-18T00:44:35.209Z","message":"aria health checked","bad":0}
{"ts":"2026-06-18T00:59:38.829Z","message":"worker tick","reason":"interval","openclaw":true}
{"ts":"2026-06-18T00:59:40.150Z","message":"aria health checked","bad":0}
{"ts":"2026-06-18T00:59:40.238Z","message":"lead scan complete","count":8,"newCount":0,"openclawUsed":0}
{"ts":"2026-06-18T00:59:40.467Z","message":"operating board updated","file":"C:\\Users\\Ahmad Wasee\\Documents\\GitHub\\ARIA — Real-Time AI Assistant\\iisupp-net-deploy\\senior-director-state\\director-operating-board.md"}
{"ts":"2026-06-18T01:14:43.983Z","message":"worker tick","reason":"interval","openclaw":true}
{"ts":"2026-06-18T01:14:45.250Z","message":"aria health checked","bad":0}
{"ts":"2026-06-18T01:29:49.254Z","message":"worker tick","reason":"interval","openclaw":true}
{"ts":"2026-06-18T01:29:50.485Z","message":"aria health checked","bad":0}
{"ts":"2026-06-18T01:29:50.540Z","message":"operating board updated","file":"C:\\Users\\Ahmad Wasee\\Documents\\GitHub\\ARIA — Real-Time AI Assistant\\iisupp-net-deploy\\senior-director-state\\director-operating-board.md"}
{"ts":"2026-06-18T01:44:54.207Z","message":"worker tick","reason":"interval","openclaw":true}
{"ts":"2026-06-18T01:44:55.640Z","message":"aria health checked","bad":0}
{"ts":"2026-06-18T01:59:59.451Z","message":"worker tick","reason":"interval","openclaw":true}
{"ts":"2026-06-18T02:00:00.885Z","message":"aria health checked","bad":0}
{"ts":"2026-06-18T02:00:00.916Z","message":"lead scan complete","count":8,"newCount":0,"openclawUsed":0}
{"ts":"2026-06-18T02:00:01.509Z","message":"operating board updated","file":"C:\\Users\\Ahmad Wasee\\Documents\\GitHub\\ARIA — Real-Time AI Assistant\\iisupp-net-deploy\\senior-director-state\\director-operating-board.md"}
{"ts":"2026-06-18T02:00:04.026Z","message":"openclaw mission brief attempted","ok":false,"code":1}
{"ts":"2026-06-18T02:15:07.860Z","message":"worker tick","reason":"interval","openclaw":true}
{"ts":"2026-06-18T02:15:09.265Z","message":"aria health checked","bad":0}
{"ts":"2026-06-18T02:30:13.020Z","message":"worker tick","reason":"interval","openclaw":true}
{"ts":"2026-06-18T02:30:14.408Z","message":"aria health checked","bad":0}
{"ts":"2026-06-18T02:30:14.466Z","message":"operating board updated","file":"C:\\Users\\Ahmad Wasee\\Documents\\GitHub\\ARIA — Real-Time AI Assistant\\iisupp-net-deploy\\senior-director-state\\director-operating-board.md"}
{"ts":"2026-06-18T02:45:17.980Z","message":"worker tick","reason":"interval","openclaw":true}
{"ts":"2026-06-18T02:45:19.203Z","message":"aria health checked","bad":0}
{"ts":"2026-06-18T03:00:23.113Z","message":"worker tick","reason":"interval","openclaw":true}
{"ts":"2026-06-18T03:00:24.501Z","message":"aria health checked","bad":0}
{"ts":"2026-06-18T03:00:24.587Z","message":"lead scan complete","count":9,"newCount":1,"openclawUsed":0}
{"ts":"2026-06-18T03:00:24.765Z","message":"operating board updated","file":"C:\\Users\\Ahmad Wasee\\Documents\\GitHub\\ARIA — Real-Time AI Assistant\\iisupp-net-deploy\\senior-director-state\\director-operating-board.md"}
{"ts":"2026-06-18T03:15:28.904Z","message":"worker tick","reason":"interval","openclaw":true}
{"ts":"2026-06-18T03:15:29.508Z","message":"aria health checked","bad":0}
{"ts":"2026-06-18T03:30:32.903Z","message":"worker tick","reason":"interval","openclaw":true}
{"ts":"2026-06-18T03:30:34.050Z","message":"aria health checked","bad":0}
{"ts":"2026-06-18T03:30:34.104Z","message":"operating board updated","file":"C:\\Users\\Ahmad Wasee\\Documents\\GitHub\\ARIA — Real-Time AI Assistant\\iisupp-net-deploy\\senior-director-state\\director-operating-board.md"}
{"ts":"2026-06-18T03:45:37.696Z","message":"worker tick","reason":"interval","openclaw":true}
{"ts":"2026-06-18T03:45:39.316Z","message":"aria health checked","bad":0}
{"ts":"2026-06-18T04:00:42.768Z","message":"worker tick","reason":"interval","openclaw":true}
{"ts":"2026-06-18T04:00:44.264Z","message":"aria health checked","bad":0}
{"ts":"2026-06-18T04:00:44.424Z","message":"lead scan complete","count":9,"newCount":0,"openclawUsed":0}
{"ts":"2026-06-18T04:00:44.598Z","message":"operating board updated","file":"C:\\Users\\Ahmad Wasee\\Documents\\GitHub\\ARIA — Real-Time AI Assistant\\iisupp-net-deploy\\senior-director-state\\director-operating-board.md"}
{"ts":"2026-06-18T04:00:46.831Z","message":"openclaw mission brief attempted","ok":false,"code":1}
{"ts":"2026-06-18T04:15:50.210Z","message":"worker tick","reason":"interval","openclaw":true}
{"ts":"2026-06-18T04:15:51.535Z","message":"aria health checked","bad":0}
{"ts":"2026-06-18T04:30:55.286Z","message":"worker tick","reason":"interval","openclaw":true}
{"ts":"2026-06-18T04:30:56.606Z","message":"aria health checked","bad":0}
{"ts":"2026-06-18T04:30:56.910Z","message":"operating board updated","file":"C:\\Users\\Ahmad Wasee\\Documents\\GitHub\\ARIA — Real-Time AI Assistant\\iisupp-net-deploy\\senior-director-state\\director-operating-board.md"}
{"ts":"2026-06-18T04:46:00.880Z","message":"worker tick","reason":"interval","openclaw":true}
{"ts":"2026-06-18T04:46:22.305Z","message":"aria health checked","bad":2}
{"ts":"2026-06-18T05:01:26.174Z","message":"worker tick","reason":"interval","openclaw":true}
{"ts":"2026-06-18T05:01:28.211Z","message":"aria health checked","bad":0}
{"ts":"2026-06-18T05:01:28.295Z","message":"lead scan complete","count":9,"newCount":0,"openclawUsed":0}
{"ts":"2026-06-18T05:01:28.353Z","message":"operating board updated","file":"C:\\Users\\Ahmad Wasee\\Documents\\GitHub\\ARIA — Real-Time AI Assistant\\iisupp-net-deploy\\senior-director-state\\director-operating-board.md"}
{"ts":"2026-06-18T05:16:31.931Z","message":"worker tick","reason":"interval","openclaw":true}
{"ts":"2026-06-18T05:16:33.219Z","message":"aria health checked","bad":0}
{"ts":"2026-06-18T05:31:36.943Z","message":"worker tick","reason":"interval","openclaw":true}
{"ts":"2026-06-18T05:31:38.122Z","message":"aria health checked","bad":0}
{"ts":"2026-06-18T05:31:38.182Z","message":"operating board updated","file":"C:\\Users\\Ahmad Wasee\\Documents\\GitHub\\ARIA — Real-Time AI Assistant\\iisupp-net-deploy\\senior-director-state\\director-operating-board.md"}
{"ts":"2026-06-18T05:46:41.852Z","message":"worker tick","reason":"interval","openclaw":true}
{"ts":"2026-06-18T05:46:43.263Z","message":"aria health checked","bad":0}
{"ts":"2026-06-18T06:01:47.166Z","message":"worker tick","reason":"interval","openclaw":true}
{"ts":"2026-06-18T06:01:48.554Z","message":"aria health checked","bad":0}
{"ts":"2026-06-18T06:01:48.644Z","message":"lead scan complete","count":9,"newCount":0,"openclawUsed":0}
{"ts":"2026-06-18T06:01:48.822Z","message":"operating board updated","file":"C:\\Users\\Ahmad Wasee\\Documents\\GitHub\\ARIA — Real-Time AI Assistant\\iisupp-net-deploy\\senior-director-state\\director-operating-board.md"}
{"ts":"2026-06-18T06:01:51.408Z","message":"openclaw mission brief attempted","ok":false,"code":1}
{"ts":"2026-06-18T06:16:55.178Z","message":"worker tick","reason":"interval","openclaw":true}
{"ts":"2026-06-18T06:16:56.321Z","message":"aria health checked","bad":0}
{"ts":"2026-06-18T06:32:00.768Z","message":"worker tick","reason":"interval","openclaw":true}
{"ts":"2026-06-18T06:32:01.957Z","message":"aria health checked","bad":0}
{"ts":"2026-06-18T06:32:02.024Z","message":"operating board updated","file":"C:\\Users\\Ahmad Wasee\\Documents\\GitHub\\ARIA — Real-Time AI Assistant\\iisupp-net-deploy\\senior-director-state\\director-operating-board.md"}
{"ts":"2026-06-18T06:47:05.780Z","message":"worker tick","reason":"interval","openclaw":true}
{"ts":"2026-06-18T06:47:07.020Z","message":"aria health checked","bad":0}
{"ts":"2026-06-18T07:02:11.371Z","message":"worker tick","reason":"interval","openclaw":true}
{"ts":"2026-06-18T07:02:12.604Z","message":"aria health checked","bad":0}
{"ts":"2026-06-18T07:02:12.688Z","message":"lead scan complete","count":9,"newCount":0,"openclawUsed":0}
{"ts":"2026-06-18T07:02:12.743Z","message":"operating board updated","file":"C:\\Users\\Ahmad Wasee\\Documents\\GitHub\\ARIA — Real-Time AI Assistant\\iisupp-net-deploy\\senior-director-state\\director-operating-board.md"}
{"ts":"2026-06-18T07:17:16.779Z","message":"worker tick","reason":"interval","openclaw":true}
{"ts":"2026-06-18T07:17:18.054Z","message":"aria health checked","bad":0}
{"ts":"2026-06-18T07:32:21.852Z","message":"worker tick","reason":"interval","openclaw":true}
{"ts":"2026-06-18T07:32:23.382Z","message":"aria health checked","bad":0}
{"ts":"2026-06-18T07:32:23.436Z","message":"operating board updated","file":"C:\\Users\\Ahmad Wasee\\Documents\\GitHub\\ARIA — Real-Time AI Assistant\\iisupp-net-deploy\\senior-director-state\\director-operating-board.md"}
{"ts":"2026-06-18T07:47:26.710Z","message":"worker tick","reason":"interval","openclaw":true}
{"ts":"2026-06-18T07:47:28.076Z","message":"aria health checked","bad":0}
{"ts":"2026-06-18T08:02:32.387Z","message":"worker tick","reason":"interval","openclaw":true}
{"ts":"2026-06-18T08:02:33.710Z","message":"aria health checked","bad":0}
{"ts":"2026-06-18T08:02:33.770Z","message":"lead scan complete","count":9,"newCount":0,"openclawUsed":0}
{"ts":"2026-06-18T08:02:33.826Z","message":"operating board updated","file":"C:\\Users\\Ahmad Wasee\\Documents\\GitHub\\ARIA — Real-Time AI Assistant\\iisupp-net-deploy\\senior-director-state\\director-operating-board.md"}
{"ts":"2026-06-18T08:02:36.037Z","message":"openclaw mission brief attempted","ok":false,"code":1}
{"ts":"2026-06-18T08:17:39.634Z","message":"worker tick","reason":"interval","openclaw":true}
{"ts":"2026-06-18T08:17:40.983Z","message":"aria health checked","bad":0}
{"ts":"2026-06-18T08:32:44.903Z","message":"worker tick","reason":"interval","openclaw":true}
{"ts":"2026-06-18T08:32:46.160Z","message":"aria health checked","bad":0}
{"ts":"2026-06-18T08:32:46.215Z","message":"operating board updated","file":"C:\\Users\\Ahmad Wasee\\Documents\\GitHub\\ARIA — Real-Time AI Assistant\\iisupp-net-deploy\\senior-director-state\\director-operating-board.md"}
{"ts":"2026-06-18T08:47:50.430Z","message":"worker tick","reason":"interval","openclaw":true}
{"ts":"2026-06-18T08:47:51.830Z","message":"aria health checked","bad":0}
{"ts":"2026-06-18T09:02:55.466Z","message":"worker tick","reason":"interval","openclaw":true}
{"ts":"2026-06-18T09:02:56.903Z","message":"aria health checked","bad":0}
{"ts":"2026-06-18T09:02:56.930Z","message":"lead scan complete","count":9,"newCount":0,"openclawUsed":0}
{"ts":"2026-06-18T09:02:57.115Z","message":"operating board updated","file":"C:\\Users\\Ahmad Wasee\\Documents\\GitHub\\ARIA — Real-Time AI Assistant\\iisupp-net-deploy\\senior-director-state\\director-operating-board.md"}
{"ts":"2026-06-18T09:18:00.577Z","message":"worker tick","reason":"interval","openclaw":true}
{"ts":"2026-06-18T09:18:01.980Z","message":"aria health checked","bad":0}
{"ts":"2026-06-18T09:33:05.352Z","message":"worker tick","reason":"interval","openclaw":true}
{"ts":"2026-06-18T09:33:06.813Z","message":"aria health checked","bad":0}
{"ts":"2026-06-18T09:33:06.878Z","message":"operating board updated","file":"C:\\Users\\Ahmad Wasee\\Documents\\GitHub\\ARIA — Real-Time AI Assistant\\iisupp-net-deploy\\senior-director-state\\director-operating-board.md"}
{"ts":"2026-06-18T09:48:10.790Z","message":"worker tick","reason":"interval","openclaw":true}
{"ts":"2026-06-18T09:48:12.125Z","message":"aria health checked","bad":0}
{"ts":"2026-06-18T10:03:15.659Z","message":"worker tick","reason":"interval","openclaw":true}
{"ts":"2026-06-18T10:03:17.101Z","message":"aria health checked","bad":0}
{"ts":"2026-06-18T10:03:17.129Z","message":"lead scan complete","count":9,"newCount":0,"openclawUsed":0}
{"ts":"2026-06-18T10:03:17.510Z","message":"operating board updated","file":"C:\\Users\\Ahmad Wasee\\Documents\\GitHub\\ARIA — Real-Time AI Assistant\\iisupp-net-deploy\\senior-director-state\\director-operating-board.md"}
{"ts":"2026-06-18T10:03:19.805Z","message":"openclaw mission brief attempted","ok":false,"code":1}
{"ts":"2026-06-18T10:18:23.702Z","message":"worker tick","reason":"interval","openclaw":true}
{"ts":"2026-06-18T10:18:24.850Z","message":"aria health checked","bad":0}
{"ts":"2026-06-18T10:33:29.847Z","message":"worker tick","reason":"interval","openclaw":true}
{"ts":"2026-06-18T10:33:30.918Z","message":"aria health checked","bad":0}
{"ts":"2026-06-18T10:33:30.972Z","message":"operating board updated","file":"C:\\Users\\Ahmad Wasee\\Documents\\GitHub\\ARIA — Real-Time AI Assistant\\iisupp-net-deploy\\senior-director-state\\director-operating-board.md"}
{"ts":"2026-06-18T10:48:34.653Z","message":"worker tick","reason":"interval","openclaw":true}
{"ts":"2026-06-18T10:48:35.690Z","message":"aria health checked","bad":0}
{"ts":"2026-06-18T11:03:39.453Z","message":"worker tick","reason":"interval","openclaw":true}
{"ts":"2026-06-18T11:03:40.676Z","message":"aria health checked","bad":0}
{"ts":"2026-06-18T11:03:40.716Z","message":"lead scan complete","count":0,"newCount":0,"openclawUsed":0}
{"ts":"2026-06-18T11:03:40.769Z","message":"operating board updated","file":"C:\\Users\\Ahmad Wasee\\Documents\\GitHub\\ARIA — Real-Time AI Assistant\\iisupp-net-deploy\\senior-director-state\\director-operating-board.md"}
{"ts":"2026-06-18T11:18:44.553Z","message":"worker tick","reason":"interval","openclaw":true}
{"ts":"2026-06-18T11:18:45.525Z","message":"aria health checked","bad":0}
{"ts":"2026-06-18T11:33:49.039Z","message":"worker tick","reason":"interval","openclaw":true}
{"ts":"2026-06-18T11:33:50.115Z","message":"aria health checked","bad":0}
{"ts":"2026-06-18T11:33:50.172Z","message":"operating board updated","file":"C:\\Users\\Ahmad Wasee\\Documents\\GitHub\\ARIA — Real-Time AI Assistant\\iisupp-net-deploy\\senior-director-state\\director-operating-board.md"}
{"ts":"2026-06-18T11:48:53.992Z","message":"worker tick","reason":"interval","openclaw":true}
{"ts":"2026-06-18T11:48:55.063Z","message":"aria health checked","bad":0}
{"ts":"2026-06-18T12:03:58.897Z","message":"worker tick","reason":"interval","openclaw":true}
{"ts":"2026-06-18T12:03:59.961Z","message":"aria health checked","bad":0}
{"ts":"2026-06-18T12:03:59.989Z","message":"lead scan complete","count":0,"newCount":0,"openclawUsed":0}
{"ts":"2026-06-18T12:04:00.044Z","message":"operating board updated","file":"C:\\Users\\Ahmad Wasee\\Documents\\GitHub\\ARIA — Real-Time AI Assistant\\iisupp-net-deploy\\senior-director-state\\director-operating-board.md"}
{"ts":"2026-06-18T12:04:02.476Z","message":"openclaw mission brief attempted","ok":false,"code":1}
{"ts":"2026-06-18T12:19:06.155Z","message":"worker tick","reason":"interval","openclaw":true}
{"ts":"2026-06-18T12:19:07.359Z","message":"aria health checked","bad":0}
{"ts":"2026-06-18T12:34:10.949Z","message":"worker tick","reason":"interval","openclaw":true}
{"ts":"2026-06-18T12:34:11.971Z","message":"aria health checked","bad":0}
{"ts":"2026-06-18T12:34:12.025Z","message":"operating board updated","file":"C:\\Users\\Ahmad Wasee\\Documents\\GitHub\\ARIA — Real-Time AI Assistant\\iisupp-net-deploy\\senior-director-state\\director-operating-board.md"}
{"ts":"2026-06-18T12:49:15.489Z","message":"worker tick","reason":"interval","openclaw":true}
{"ts":"2026-06-18T12:49:16.529Z","message":"aria health checked","bad":0}
{"ts":"2026-06-18T13:04:20.291Z","message":"worker tick","reason":"interval","openclaw":true}
{"ts":"2026-06-18T13:04:21.526Z","message":"aria health checked","bad":0}
{"ts":"2026-06-18T13:04:21.554Z","message":"lead scan complete","count":0,"newCount":0,"openclawUsed":0}
{"ts":"2026-06-18T13:04:21.609Z","message":"operating board updated","file":"C:\\Users\\Ahmad Wasee\\Documents\\GitHub\\ARIA — Real-Time AI Assistant\\iisupp-net-deploy\\senior-director-state\\director-operating-board.md"}
{"ts":"2026-06-18T13:19:25.145Z","message":"worker tick","reason":"interval","openclaw":true}
{"ts":"2026-06-18T13:19:26.366Z","message":"aria health checked","bad":0}
{"ts":"2026-06-18T13:34:30.063Z","message":"worker tick","reason":"interval","openclaw":true}
{"ts":"2026-06-18T13:34:31.270Z","message":"aria health checked","bad":0}
{"ts":"2026-06-18T13:34:31.328Z","message":"operating board updated","file":"C:\\Users\\Ahmad Wasee\\Documents\\GitHub\\ARIA — Real-Time AI Assistant\\iisupp-net-deploy\\senior-director-state\\director-operating-board.md"}
{"ts":"2026-06-18T13:49:35.147Z","message":"worker tick","reason":"interval","openclaw":true}
{"ts":"2026-06-18T13:49:36.357Z","message":"aria health checked","bad":0}
{"ts":"2026-06-18T14:04:40.268Z","message":"worker tick","reason":"interval","openclaw":true}
{"ts":"2026-06-18T14:04:41.679Z","message":"aria health checked","bad":0}
{"ts":"2026-06-18T14:04:41.762Z","message":"lead scan complete","count":0,"newCount":0,"openclawUsed":0}
{"ts":"2026-06-18T14:05:20.329Z","message":"mcp registry scan complete","count":414,"unique":197,"recommended":12}
{"ts":"2026-06-18T14:05:20.381Z","message":"operating board updated","file":"C:\\Users\\Ahmad Wasee\\Documents\\GitHub\\ARIA — Real-Time AI Assistant\\iisupp-net-deploy\\senior-director-state\\director-operating-board.md"}
{"ts":"2026-06-18T14:05:22.698Z","message":"openclaw mission brief attempted","ok":false,"code":1}
{"ts":"2026-06-18T14:20:26.164Z","message":"worker tick","reason":"interval","openclaw":true}
{"ts":"2026-06-18T14:20:27.363Z","message":"aria health checked","bad":0}
{"ts":"2026-06-18T14:35:31.162Z","message":"worker tick","reason":"interval","openclaw":true}
{"ts":"2026-06-18T14:35:32.293Z","message":"aria health checked","bad":0}
{"ts":"2026-06-18T14:35:32.351Z","message":"operating board updated","file":"C:\\Users\\Ahmad Wasee\\Documents\\GitHub\\ARIA — Real-Time AI Assistant\\iisupp-net-deploy\\senior-director-state\\director-operating-board.md"}
{"ts":"2026-06-18T14:50:36.442Z","message":"worker tick","reason":"interval","openclaw":true}
{"ts":"2026-06-18T14:50:37.612Z","message":"aria health checked","bad":0}
{"ts":"2026-06-18T15:05:41.461Z","message":"worker tick","reason":"interval","openclaw":true}
{"ts":"2026-06-18T15:05:42.788Z","message":"aria health checked","bad":0}
{"ts":"2026-06-18T15:05:42.814Z","message":"lead scan complete","count":0,"newCount":0,"openclawUsed":0}
{"ts":"2026-06-18T15:05:43.021Z","message":"operating board updated","file":"C:\\Users\\Ahmad Wasee\\Documents\\GitHub\\ARIA — Real-Time AI Assistant\\iisupp-net-deploy\\senior-director-state\\director-operating-board.md"}
{"ts":"2026-06-18T15:20:46.849Z","message":"worker tick","reason":"interval","openclaw":true}
{"ts":"2026-06-18T15:20:48.122Z","message":"aria health checked","bad":0}
{"ts":"2026-06-18T15:35:51.810Z","message":"worker tick","reason":"interval","openclaw":true}
{"ts":"2026-06-18T15:35:52.905Z","message":"aria health checked","bad":0}
{"ts":"2026-06-18T15:35:53.007Z","message":"operating board updated","file":"C:\\Users\\Ahmad Wasee\\Documents\\GitHub\\ARIA — Real-Time AI Assistant\\iisupp-net-deploy\\senior-director-state\\director-operating-board.md"}
{"ts":"2026-06-18T15:50:57.346Z","message":"worker tick","reason":"interval","openclaw":true}
{"ts":"2026-06-18T15:50:58.545Z","message":"aria health checked","bad":0}
{"ts":"2026-06-18T16:06:02.279Z","message":"worker tick","reason":"interval","openclaw":true}
{"ts":"2026-06-18T16:06:03.402Z","message":"aria health checked","bad":0}
{"ts":"2026-06-18T16:06:03.438Z","message":"lead scan complete","count":0,"newCount":0,"openclawUsed":0}
{"ts":"2026-06-18T16:06:03.492Z","message":"operating board updated","file":"C:\\Users\\Ahmad Wasee\\Documents\\GitHub\\ARIA — Real-Time AI Assistant\\iisupp-net-deploy\\senior-director-state\\director-operating-board.md"}
{"ts":"2026-06-18T16:06:06.413Z","message":"openclaw mission brief attempted","ok":false,"code":1}
{"ts":"2026-06-18T16:21:10.931Z","message":"worker tick","reason":"interval","openclaw":true}
{"ts":"2026-06-18T16:21:12.219Z","message":"aria health checked","bad":0}
{"ts":"2026-06-18T16:36:16.017Z","message":"worker tick","reason":"interval","openclaw":true}
{"ts":"2026-06-18T16:36:17.320Z","message":"aria health checked","bad":0}
{"ts":"2026-06-18T16:36:17.377Z","message":"operating board updated","file":"C:\\Users\\Ahmad Wasee\\Documents\\GitHub\\ARIA — Real-Time AI Assistant\\iisupp-net-deploy\\senior-director-state\\director-operating-board.md"}
{"ts":"2026-06-18T16:51:21.435Z","message":"worker tick","reason":"interval","openclaw":true}
{"ts":"2026-06-18T16:51:22.602Z","message":"aria health checked","bad":0}
{"ts":"2026-06-18T17:06:26.560Z","message":"worker tick","reason":"interval","openclaw":true}
{"ts":"2026-06-18T17:06:27.756Z","message":"aria health checked","bad":0}
{"ts":"2026-06-18T17:06:27.791Z","message":"lead scan complete","count":2,"newCount":2,"openclawUsed":0}
{"ts":"2026-06-18T17:06:27.851Z","message":"operating board updated","file":"C:\\Users\\Ahmad Wasee\\Documents\\GitHub\\ARIA — Real-Time AI Assistant\\iisupp-net-deploy\\senior-director-state\\director-operating-board.md"}
{"ts":"2026-06-18T17:21:32.014Z","message":"worker tick","reason":"interval","openclaw":true}
{"ts":"2026-06-18T17:21:33.302Z","message":"aria health checked","bad":0}
{"ts":"2026-06-18T17:36:37.597Z","message":"worker tick","reason":"interval","openclaw":true}
{"ts":"2026-06-18T17:36:38.753Z","message":"aria health checked","bad":0}
{"ts":"2026-06-18T17:36:38.904Z","message":"operating board updated","file":"C:\\Users\\Ahmad Wasee\\Documents\\GitHub\\ARIA — Real-Time AI Assistant\\iisupp-net-deploy\\senior-director-state\\director-operating-board.md"}
{"ts":"2026-06-18T17:51:42.767Z","message":"worker tick","reason":"interval","openclaw":true}
{"ts":"2026-06-18T17:51:43.981Z","message":"aria health checked","bad":0}
{"ts":"2026-06-18T18:06:48.599Z","message":"worker tick","reason":"interval","openclaw":true}
{"ts":"2026-06-18T18:06:49.822Z","message":"aria health checked","bad":0}
{"ts":"2026-06-18T18:06:49.850Z","message":"lead scan complete","count":2,"newCount":0,"openclawUsed":0}
{"ts":"2026-06-18T18:06:49.909Z","message":"operating board updated","file":"C:\\Users\\Ahmad Wasee\\Documents\\GitHub\\ARIA — Real-Time AI Assistant\\iisupp-net-deploy\\senior-director-state\\director-operating-board.md"}
{"ts":"2026-06-18T18:06:52.754Z","message":"openclaw mission brief attempted","ok":false,"code":1}
{"ts":"2026-06-18T18:21:57.096Z","message":"worker tick","reason":"interval","openclaw":true}
{"ts":"2026-06-18T18:21:58.268Z","message":"aria health checked","bad":0}
{"ts":"2026-06-18T18:37:02.157Z","message":"worker tick","reason":"interval","openclaw":true}
{"ts":"2026-06-18T18:37:03.313Z","message":"aria health checked","bad":0}
{"ts":"2026-06-18T18:37:03.374Z","message":"operating board updated","file":"C:\\Users\\Ahmad Wasee\\Documents\\GitHub\\ARIA — Real-Time AI Assistant\\iisupp-net-deploy\\senior-director-state\\director-operating-board.md"}
{"ts":"2026-06-18T18:52:07.165Z","message":"worker tick","reason":"interval","openclaw":true}
{"ts":"2026-06-18T18:52:08.496Z","message":"aria health checked","bad":0}
{"ts":"2026-06-18T19:07:12.692Z","message":"worker tick","reason":"interval","openclaw":true}
{"ts":"2026-06-18T19:07:14.067Z","message":"aria health checked","bad":0}
{"ts":"2026-06-18T19:07:14.098Z","message":"lead scan complete","count":3,"newCount":1,"openclawUsed":0}
{"ts":"2026-06-18T19:07:14.937Z","message":"operating board updated","file":"C:\\Users\\Ahmad Wasee\\Documents\\GitHub\\ARIA — Real-Time AI Assistant\\iisupp-net-deploy\\senior-director-state\\director-operating-board.md"}
{"ts":"2026-06-18T19:22:18.874Z","message":"worker tick","reason":"interval","openclaw":true}
{"ts":"2026-06-18T19:22:20.122Z","message":"aria health checked","bad":0}
{"ts":"2026-06-18T19:37:24.382Z","message":"worker tick","reason":"interval","openclaw":true}
{"ts":"2026-06-18T19:37:25.587Z","message":"aria health checked","bad":0}
{"ts":"2026-06-18T19:37:25.646Z","message":"operating board updated","file":"C:\\Users\\Ahmad Wasee\\Documents\\GitHub\\ARIA — Real-Time AI Assistant\\iisupp-net-deploy\\senior-director-state\\director-operating-board.md"}
{"ts":"2026-06-18T19:52:29.764Z","message":"worker tick","reason":"interval","openclaw":true}
{"ts":"2026-06-18T19:52:31.125Z","message":"aria health checked","bad":0}
{"ts":"2026-06-18T20:07:34.735Z","message":"worker tick","reason":"interval","openclaw":true}
{"ts":"2026-06-18T20:07:35.911Z","message":"aria health checked","bad":0}
{"ts":"2026-06-18T20:07:35.941Z","message":"lead scan complete","count":3,"newCount":0,"openclawUsed":0}
{"ts":"2026-06-18T20:07:36.464Z","message":"operating board updated","file":"C:\\Users\\Ahmad Wasee\\Documents\\GitHub\\ARIA — Real-Time AI Assistant\\iisupp-net-deploy\\senior-director-state\\director-operating-board.md"}
{"ts":"2026-06-18T20:07:39.192Z","message":"openclaw mission brief attempted","ok":false,"code":1}
{"ts":"2026-06-18T20:22:42.747Z","message":"worker tick","reason":"interval","openclaw":true}
{"ts":"2026-06-18T20:22:44.000Z","message":"aria health checked","bad":0}
{"ts":"2026-06-18T22:21:24.065Z","message":"worker tick","reason":"daemon","openclaw":true}
{"ts":"2026-06-18T22:21:25.334Z","message":"aria health checked","bad":0}
{"ts":"2026-06-18T22:21:25.419Z","message":"lead scan complete","count":4,"newCount":1,"openclawUsed":0}
{"ts":"2026-06-18T22:21:25.866Z","message":"operating board updated","file":"C:\\Users\\Ahmad Wasee\\Documents\\GitHub\\ARIA — Real-Time AI Assistant\\iisupp-net-deploy\\senior-director-state\\director-operating-board.md"}
{"ts":"2026-06-18T22:21:28.823Z","message":"openclaw mission brief attempted","ok":false,"code":1}
{"ts":"2026-06-18T22:36:32.115Z","message":"worker tick","reason":"interval","openclaw":true}
{"ts":"2026-06-18T22:36:33.433Z","message":"aria health checked","bad":0}
{"ts":"2026-06-18T22:43:53.685Z","message":"another worker is already running","pid":34968}
{"ts":"2026-06-18T22:44:34.278Z","message":"worker tick","reason":"once","openclaw":true}
{"ts":"2026-06-18T22:44:35.633Z","message":"aria health checked","bad":0}
{"ts":"2026-06-18T22:44:46.898Z","message":"worker tick","reason":"daemon","openclaw":true}
{"ts":"2026-06-18T22:44:47.334Z","message":"aria health checked","bad":0}
{"ts":"2026-06-18T22:59:50.500Z","message":"worker tick","reason":"interval","openclaw":true}
{"ts":"2026-06-18T22:59:51.766Z","message":"aria health checked","bad":0}
{"ts":"2026-06-18T22:59:52.001Z","message":"operating board updated","file":"C:\\Users\\Ahmad Wasee\\Documents\\GitHub\\ARIA — Real-Time AI Assistant\\iisupp-net-deploy\\senior-director-state\\director-operating-board.md"}
{"ts":"2026-06-18T23:14:55.245Z","message":"worker tick","reason":"interval","openclaw":true}
{"ts":"2026-06-18T23:14:56.488Z","message":"aria health checked","bad":0}
{"ts":"2026-06-18T23:29:59.979Z","message":"worker tick","reason":"interval","openclaw":true}
{"ts":"2026-06-18T23:30:01.215Z","message":"aria health checked","bad":0}
{"ts":"2026-06-18T23:30:01.252Z","message":"lead scan complete","count":4,"newCount":0,"openclawUsed":0}
{"ts":"2026-06-18T23:30:01.476Z","message":"operating board updated","file":"C:\\Users\\Ahmad Wasee\\Documents\\GitHub\\ARIA — Real-Time AI Assistant\\iisupp-net-deploy\\senior-director-state\\director-operating-board.md"}
{"ts":"2026-06-18T23:45:04.765Z","message":"worker tick","reason":"interval","openclaw":true}
{"ts":"2026-06-18T23:45:06.014Z","message":"aria health checked","bad":0}
{"ts":"2026-06-19T00:00:09.308Z","message":"worker tick","reason":"interval","openclaw":true}
{"ts":"2026-06-19T00:00:10.623Z","message":"aria health checked","bad":0}
{"ts":"2026-06-19T00:00:10.860Z","message":"operating board updated","file":"C:\\Users\\Ahmad Wasee\\Documents\\GitHub\\ARIA — Real-Time AI Assistant\\iisupp-net-deploy\\senior-director-state\\director-operating-board.md"}
{"ts":"2026-06-19T00:15:14.325Z","message":"worker tick","reason":"interval","openclaw":true}
{"ts":"2026-06-19T00:15:15.512Z","message":"aria health checked","bad":0}
{"ts":"2026-06-19T00:30:19.058Z","message":"worker tick","reason":"interval","openclaw":true}
{"ts":"2026-06-19T00:30:20.607Z","message":"aria health checked","bad":0}
{"ts":"2026-06-19T00:30:20.702Z","message":"lead scan complete","count":4,"newCount":0,"openclawUsed":0}
{"ts":"2026-06-19T00:30:20.964Z","message":"operating board updated","file":"C:\\Users\\Ahmad Wasee\\Documents\\GitHub\\ARIA — Real-Time AI Assistant\\iisupp-net-deploy\\senior-director-state\\director-operating-board.md"}
{"ts":"2026-06-19T00:30:23.371Z","message":"openclaw mission brief attempted","ok":false,"code":1}
{"ts":"2026-06-19T00:45:26.891Z","message":"worker tick","reason":"interval","openclaw":true}
{"ts":"2026-06-19T00:45:28.483Z","message":"aria health checked","bad":0}
{"ts":"2026-06-19T01:00:31.984Z","message":"worker tick","reason":"interval","openclaw":true}
{"ts":"2026-06-19T01:00:33.180Z","message":"aria health checked","bad":0}
{"ts":"2026-06-19T01:00:33.414Z","message":"operating board updated","file":"C:\\Users\\Ahmad Wasee\\Documents\\GitHub\\ARIA — Real-Time AI Assistant\\iisupp-net-deploy\\senior-director-state\\director-operating-board.md"}
{"ts":"2026-06-19T01:15:37.120Z","message":"worker tick","reason":"interval","openclaw":true}
{"ts":"2026-06-19T01:15:38.237Z","message":"aria health checked","bad":0}
{"ts":"2026-06-19T01:30:42.383Z","message":"worker tick","reason":"interval","openclaw":true}
{"ts":"2026-06-19T01:30:43.559Z","message":"aria health checked","bad":0}
{"ts":"2026-06-19T01:30:43.591Z","message":"lead scan complete","count":4,"newCount":0,"openclawUsed":0}
{"ts":"2026-06-19T01:30:43.845Z","message":"operating board updated","file":"C:\\Users\\Ahmad Wasee\\Documents\\GitHub\\ARIA — Real-Time AI Assistant\\iisupp-net-deploy\\senior-director-state\\director-operating-board.md"}
{"ts":"2026-06-19T01:45:47.585Z","message":"worker tick","reason":"interval","openclaw":true}
{"ts":"2026-06-19T01:45:48.838Z","message":"aria health checked","bad":0}
{"ts":"2026-06-19T02:00:52.658Z","message":"worker tick","reason":"interval","openclaw":true}
{"ts":"2026-06-19T02:00:53.965Z","message":"aria health checked","bad":0}
{"ts":"2026-06-19T02:00:54.393Z","message":"operating board updated","file":"C:\\Users\\Ahmad Wasee\\Documents\\GitHub\\ARIA — Real-Time AI Assistant\\iisupp-net-deploy\\senior-director-state\\director-operating-board.md"}
{"ts":"2026-06-19T02:15:58.436Z","message":"worker tick","reason":"interval","openclaw":true}
{"ts":"2026-06-19T02:15:59.614Z","message":"aria health checked","bad":0}
{"ts":"2026-06-19T02:31:03.238Z","message":"worker tick","reason":"interval","openclaw":true}
{"ts":"2026-06-19T02:31:04.403Z","message":"aria health checked","bad":0}
{"ts":"2026-06-19T02:31:04.524Z","message":"lead scan complete","count":4,"newCount":0,"openclawUsed":0}
{"ts":"2026-06-19T02:31:04.940Z","message":"operating board updated","file":"C:\\Users\\Ahmad Wasee\\Documents\\GitHub\\ARIA — Real-Time AI Assistant\\iisupp-net-deploy\\senior-director-state\\director-operating-board.md"}
{"ts":"2026-06-19T02:31:07.355Z","message":"openclaw mission brief attempted","ok":false,"code":1}
{"ts":"2026-06-19T02:46:10.788Z","message":"worker tick","reason":"interval","openclaw":true}
{"ts":"2026-06-19T02:46:12.045Z","message":"aria health checked","bad":0}
{"ts":"2026-06-19T03:01:15.784Z","message":"worker tick","reason":"interval","openclaw":true}
{"ts":"2026-06-19T03:01:17.081Z","message":"aria health checked","bad":0}
{"ts":"2026-06-19T03:01:17.327Z","message":"operating board updated","file":"C:\\Users\\Ahmad Wasee\\Documents\\GitHub\\ARIA — Real-Time AI Assistant\\iisupp-net-deploy\\senior-director-state\\director-operating-board.md"}
{"ts":"2026-06-19T03:16:20.879Z","message":"worker tick","reason":"interval","openclaw":true}
{"ts":"2026-06-19T03:16:22.087Z","message":"aria health checked","bad":0}
{"ts":"2026-06-19T03:31:25.702Z","message":"worker tick","reason":"interval","openclaw":true}
{"ts":"2026-06-19T03:31:26.907Z","message":"aria health checked","bad":0}
{"ts":"2026-06-19T03:31:26.965Z","message":"lead scan complete","count":4,"newCount":0,"openclawUsed":0}
{"ts":"2026-06-19T03:31:27.205Z","message":"operating board updated","file":"C:\\Users\\Ahmad Wasee\\Documents\\GitHub\\ARIA — Real-Time AI Assistant\\iisupp-net-deploy\\senior-director-state\\director-operating-board.md"}
{"ts":"2026-06-19T03:46:31.096Z","message":"worker tick","reason":"interval","openclaw":true}
{"ts":"2026-06-19T03:46:32.420Z","message":"aria health checked","bad":0}
{"ts":"2026-06-19T04:01:36.411Z","message":"worker tick","reason":"interval","openclaw":true}
{"ts":"2026-06-19T04:01:37.565Z","message":"aria health checked","bad":0}
{"ts":"2026-06-19T04:01:37.811Z","message":"operating board updated","file":"C:\\Users\\Ahmad Wasee\\Documents\\GitHub\\ARIA — Real-Time AI Assistant\\iisupp-net-deploy\\senior-director-state\\director-operating-board.md"}
{"ts":"2026-06-19T04:16:40.884Z","message":"worker tick","reason":"interval","openclaw":true}
{"ts":"2026-06-19T04:16:42.096Z","message":"aria health checked","bad":0}
{"ts":"2026-06-19T04:31:44.973Z","message":"worker tick","reason":"interval","openclaw":true}
{"ts":"2026-06-19T04:31:46.363Z","message":"aria health checked","bad":0}
{"ts":"2026-06-19T04:31:46.395Z","message":"lead scan complete","count":4,"newCount":0,"openclawUsed":0}
{"ts":"2026-06-19T04:31:46.640Z","message":"operating board updated","file":"C:\\Users\\Ahmad Wasee\\Documents\\GitHub\\ARIA — Real-Time AI Assistant\\iisupp-net-deploy\\senior-director-state\\director-operating-board.md"}
{"ts":"2026-06-19T04:31:49.217Z","message":"openclaw mission brief attempted","ok":false,"code":1}
{"ts":"2026-06-19T04:46:52.314Z","message":"worker tick","reason":"interval","openclaw":true}
{"ts":"2026-06-19T04:46:53.568Z","message":"aria health checked","bad":0}
{"ts":"2026-06-19T05:01:56.533Z","message":"worker tick","reason":"interval","openclaw":true}
{"ts":"2026-06-19T05:01:57.696Z","message":"aria health checked","bad":0}
{"ts":"2026-06-19T05:01:57.947Z","message":"operating board updated","file":"C:\\Users\\Ahmad Wasee\\Documents\\GitHub\\ARIA — Real-Time AI Assistant\\iisupp-net-deploy\\senior-director-state\\director-operating-board.md"}
{"ts":"2026-06-19T05:17:00.790Z","message":"worker tick","reason":"interval","openclaw":true}
{"ts":"2026-06-19T05:17:01.958Z","message":"aria health checked","bad":0}
{"ts":"2026-06-19T05:32:04.790Z","message":"worker tick","reason":"interval","openclaw":true}
{"ts":"2026-06-19T05:32:06.043Z","message":"aria health checked","bad":0}
{"ts":"2026-06-19T05:32:06.079Z","message":"lead scan complete","count":4,"newCount":0,"openclawUsed":0}
{"ts":"2026-06-19T05:32:06.323Z","message":"operating board updated","file":"C:\\Users\\Ahmad Wasee\\Documents\\GitHub\\ARIA — Real-Time AI Assistant\\iisupp-net-deploy\\senior-director-state\\director-operating-board.md"}
{"ts":"2026-06-19T05:47:09.217Z","message":"worker tick","reason":"interval","openclaw":true}
{"ts":"2026-06-19T05:47:10.476Z","message":"aria health checked","bad":0}
{"ts":"2026-06-19T05:51:21.846Z","message":"another worker is already running","pid":13096}
{"ts":"2026-06-19T06:02:13.405Z","message":"worker tick","reason":"interval","openclaw":true}
{"ts":"2026-06-19T06:02:14.137Z","message":"aria health checked","bad":0}
{"ts":"2026-06-19T06:02:14.386Z","message":"operating board updated","file":"C:\\Users\\Ahmad Wasee\\Documents\\GitHub\\ARIA — Real-Time AI Assistant\\iisupp-net-deploy\\senior-director-state\\director-operating-board.md"}
{"ts":"2026-06-19T06:17:17.407Z","message":"worker tick","reason":"interval","openclaw":true}
{"ts":"2026-06-19T06:17:18.676Z","message":"aria health checked","bad":0}
{"ts":"2026-06-19T06:32:21.761Z","message":"worker tick","reason":"interval","openclaw":true}
{"ts":"2026-06-19T06:32:23.020Z","message":"aria health checked","bad":0}
{"ts":"2026-06-19T06:32:23.048Z","message":"lead scan complete","count":4,"newCount":0,"openclawUsed":0}
{"ts":"2026-06-19T06:32:23.303Z","message":"operating board updated","file":"C:\\Users\\Ahmad Wasee\\Documents\\GitHub\\ARIA — Real-Time AI Assistant\\iisupp-net-deploy\\senior-director-state\\director-operating-board.md"}
{"ts":"2026-06-19T06:32:26.103Z","message":"openclaw mission brief attempted","ok":false,"code":1}
{"ts":"2026-06-19T06:47:29.116Z","message":"worker tick","reason":"interval","openclaw":true}
{"ts":"2026-06-19T06:47:30.748Z","message":"aria health checked","bad":0}
{"ts":"2026-06-19T07:02:33.865Z","message":"worker tick","reason":"interval","openclaw":true}
{"ts":"2026-06-19T07:02:35.052Z","message":"aria health checked","bad":0}
{"ts":"2026-06-19T07:02:35.304Z","message":"operating board updated","file":"C:\\Users\\Ahmad Wasee\\Documents\\GitHub\\ARIA — Real-Time AI Assistant\\iisupp-net-deploy\\senior-director-state\\director-operating-board.md"}
{"ts":"2026-06-19T07:17:39.159Z","message":"worker tick","reason":"interval","openclaw":true}
{"ts":"2026-06-19T07:17:40.336Z","message":"aria health checked","bad":0}
{"ts":"2026-06-19T07:32:43.612Z","message":"worker tick","reason":"interval","openclaw":true}
{"ts":"2026-06-19T07:32:44.869Z","message":"aria health checked","bad":0}
{"ts":"2026-06-19T07:32:44.897Z","message":"lead scan complete","count":4,"newCount":0,"openclawUsed":0}
{"ts":"2026-06-19T07:32:45.155Z","message":"operating board updated","file":"C:\\Users\\Ahmad Wasee\\Documents\\GitHub\\ARIA — Real-Time AI Assistant\\iisupp-net-deploy\\senior-director-state\\director-operating-board.md"}
{"ts":"2026-06-19T07:47:48.644Z","message":"worker tick","reason":"interval","openclaw":true}
{"ts":"2026-06-19T07:47:49.881Z","message":"aria health checked","bad":0}
{"ts":"2026-06-19T08:02:53.000Z","message":"worker tick","reason":"interval","openclaw":true}
{"ts":"2026-06-19T08:02:54.242Z","message":"aria health checked","bad":0}
{"ts":"2026-06-19T08:02:54.496Z","message":"operating board updated","file":"C:\\Users\\Ahmad Wasee\\Documents\\GitHub\\ARIA — Real-Time AI Assistant\\iisupp-net-deploy\\senior-director-state\\director-operating-board.md"}
{"ts":"2026-06-19T08:17:57.741Z","message":"worker tick","reason":"interval","openclaw":true}
{"ts":"2026-06-19T08:17:58.914Z","message":"aria health checked","bad":0}
{"ts":"2026-06-19T08:33:02.092Z","message":"worker tick","reason":"interval","openclaw":true}
{"ts":"2026-06-19T08:33:03.280Z","message":"aria health checked","bad":0}
{"ts":"2026-06-19T08:33:03.320Z","message":"lead scan complete","count":4,"newCount":0,"openclawUsed":0}
{"ts":"2026-06-19T08:33:03.575Z","message":"operating board updated","file":"C:\\Users\\Ahmad Wasee\\Documents\\GitHub\\ARIA — Real-Time AI Assistant\\iisupp-net-deploy\\senior-director-state\\director-operating-board.md"}
{"ts":"2026-06-19T08:33:07.191Z","message":"openclaw mission brief attempted","ok":false,"code":1}
{"ts":"2026-06-19T08:48:10.875Z","message":"worker tick","reason":"interval","openclaw":true}
{"ts":"2026-06-19T08:48:12.188Z","message":"aria health checked","bad":0}
{"ts":"2026-06-19T08:51:32.981Z","message":"another worker is already running","pid":13096}
{"ts":"2026-06-19T09:03:15.536Z","message":"worker tick","reason":"interval","openclaw":true}
{"ts":"2026-06-19T09:03:16.701Z","message":"aria health checked","bad":0}
{"ts":"2026-06-19T09:03:17.139Z","message":"operating board updated","file":"C:\\Users\\Ahmad Wasee\\Documents\\GitHub\\ARIA — Real-Time AI Assistant\\iisupp-net-deploy\\senior-director-state\\director-operating-board.md"}
{"ts":"2026-06-19T09:18:20.144Z","message":"worker tick","reason":"interval","openclaw":true}
{"ts":"2026-06-19T09:18:21.369Z","message":"aria health checked","bad":0}
{"ts":"2026-06-19T09:33:24.289Z","message":"worker tick","reason":"interval","openclaw":true}
{"ts":"2026-06-19T09:33:25.482Z","message":"aria health checked","bad":0}
{"ts":"2026-06-19T09:33:25.526Z","message":"lead scan complete","count":4,"newCount":0,"openclawUsed":0}
{"ts":"2026-06-19T09:33:25.785Z","message":"operating board updated","file":"C:\\Users\\Ahmad Wasee\\Documents\\GitHub\\ARIA — Real-Time AI Assistant\\iisupp-net-deploy\\senior-director-state\\director-operating-board.md"}
{"ts":"2026-06-19T09:48:28.782Z","message":"worker tick","reason":"interval","openclaw":true}
{"ts":"2026-06-19T09:48:29.917Z","message":"aria health checked","bad":0}
{"ts":"2026-06-19T09:51:00.148Z","message":"another worker is already running","pid":13096}
{"ts":"2026-06-19T10:03:33.044Z","message":"worker tick","reason":"interval","openclaw":true}
{"ts":"2026-06-19T10:03:34.238Z","message":"aria health checked","bad":0}
{"ts":"2026-06-19T10:03:34.479Z","message":"operating board updated","file":"C:\\Users\\Ahmad Wasee\\Documents\\GitHub\\ARIA — Real-Time AI Assistant\\iisupp-net-deploy\\senior-director-state\\director-operating-board.md"}
{"ts":"2026-06-19T10:18:37.671Z","message":"worker tick","reason":"interval","openclaw":true}
{"ts":"2026-06-19T10:18:38.841Z","message":"aria health checked","bad":0}
{"ts":"2026-06-19T10:33:41.949Z","message":"worker tick","reason":"interval","openclaw":true}
{"ts":"2026-06-19T10:33:42.989Z","message":"aria health checked","bad":0}
{"ts":"2026-06-19T10:33:43.073Z","message":"lead scan complete","count":1,"newCount":1,"openclawUsed":0}
{"ts":"2026-06-19T10:33:43.328Z","message":"operating board updated","file":"C:\\Users\\Ahmad Wasee\\Documents\\GitHub\\ARIA — Real-Time AI Assistant\\iisupp-net-deploy\\senior-director-state\\director-operating-board.md"}
{"ts":"2026-06-19T10:33:45.901Z","message":"openclaw mission brief attempted","ok":false,"code":1}
{"ts":"2026-06-19T10:48:48.779Z","message":"worker tick","reason":"interval","openclaw":true}
{"ts":"2026-06-19T10:48:49.847Z","message":"aria health checked","bad":0}
{"ts":"2026-06-19T11:03:52.724Z","message":"worker tick","reason":"interval","openclaw":true}
{"ts":"2026-06-19T11:03:53.771Z","message":"aria health checked","bad":0}
{"ts":"2026-06-19T11:03:54.006Z","message":"operating board updated","file":"C:\\Users\\Ahmad Wasee\\Documents\\GitHub\\ARIA — Real-Time AI Assistant\\iisupp-net-deploy\\senior-director-state\\director-operating-board.md"}
{"ts":"2026-06-19T11:18:57.033Z","message":"worker tick","reason":"interval","openclaw":true}
{"ts":"2026-06-19T11:18:58.103Z","message":"aria health checked","bad":0}
{"ts":"2026-06-19T11:34:01.116Z","message":"worker tick","reason":"interval","openclaw":true}
{"ts":"2026-06-19T11:34:02.238Z","message":"aria health checked","bad":0}
{"ts":"2026-06-19T11:34:02.351Z","message":"lead scan complete","count":1,"newCount":0,"openclawUsed":0}
{"ts":"2026-06-19T11:34:02.611Z","message":"operating board updated","file":"C:\\Users\\Ahmad Wasee\\Documents\\GitHub\\ARIA — Real-Time AI Assistant\\iisupp-net-deploy\\senior-director-state\\director-operating-board.md"}
{"ts":"2026-06-19T11:49:05.506Z","message":"worker tick","reason":"interval","openclaw":true}
{"ts":"2026-06-19T11:49:06.562Z","message":"aria health checked","bad":0}
{"ts":"2026-06-19T12:04:09.715Z","message":"worker tick","reason":"interval","openclaw":true}
{"ts":"2026-06-19T12:04:10.988Z","message":"aria health checked","bad":0}
{"ts":"2026-06-19T12:04:11.228Z","message":"operating board updated","file":"C:\\Users\\Ahmad Wasee\\Documents\\GitHub\\ARIA — Real-Time AI Assistant\\iisupp-net-deploy\\senior-director-state\\director-operating-board.md"}
{"ts":"2026-06-19T12:19:14.115Z","message":"worker tick","reason":"interval","openclaw":true}
{"ts":"2026-06-19T12:19:15.211Z","message":"aria health checked","bad":0}
{"ts":"2026-06-19T12:34:18.508Z","message":"worker tick","reason":"interval","openclaw":true}
{"ts":"2026-06-19T12:34:19.647Z","message":"aria health checked","bad":0}
{"ts":"2026-06-19T12:34:19.805Z","message":"lead scan complete","count":1,"newCount":0,"openclawUsed":0}
{"ts":"2026-06-19T12:34:20.077Z","message":"operating board updated","file":"C:\\Users\\Ahmad Wasee\\Documents\\GitHub\\ARIA — Real-Time AI Assistant\\iisupp-net-deploy\\senior-director-state\\director-operating-board.md"}
{"ts":"2026-06-19T12:34:22.722Z","message":"openclaw mission brief attempted","ok":false,"code":1}
{"ts":"2026-06-19T12:49:25.708Z","message":"worker tick","reason":"interval","openclaw":true}
{"ts":"2026-06-19T12:49:26.778Z","message":"aria health checked","bad":0}
{"ts":"2026-06-19T13:04:29.745Z","message":"worker tick","reason":"interval","openclaw":true}
{"ts":"2026-06-19T13:04:30.856Z","message":"aria health checked","bad":0}
{"ts":"2026-06-19T13:04:31.097Z","message":"operating board updated","file":"C:\\Users\\Ahmad Wasee\\Documents\\GitHub\\ARIA — Real-Time AI Assistant\\iisupp-net-deploy\\senior-director-state\\director-operating-board.md"}
{"ts":"2026-06-19T13:19:34.071Z","message":"worker tick","reason":"interval","openclaw":true}
{"ts":"2026-06-19T13:19:35.231Z","message":"aria health checked","bad":0}
{"ts":"2026-06-19T13:34:38.427Z","message":"worker tick","reason":"interval","openclaw":true}
{"ts":"2026-06-19T13:34:39.516Z","message":"aria health checked","bad":0}
{"ts":"2026-06-19T13:34:39.612Z","message":"lead scan complete","count":1,"newCount":0,"openclawUsed":0}
{"ts":"2026-06-19T13:34:40.039Z","message":"operating board updated","file":"C:\\Users\\Ahmad Wasee\\Documents\\GitHub\\ARIA — Real-Time AI Assistant\\iisupp-net-deploy\\senior-director-state\\director-operating-board.md"}
{"ts":"2026-06-19T13:49:43.035Z","message":"worker tick","reason":"interval","openclaw":true}
{"ts":"2026-06-19T13:49:44.233Z","message":"aria health checked","bad":0}
{"ts":"2026-06-19T13:57:50.396Z","message":"another worker is already running","pid":13096}
{"ts":"2026-06-19T14:04:47.187Z","message":"worker tick","reason":"interval","openclaw":true}
{"ts":"2026-06-19T14:04:48.377Z","message":"aria health checked","bad":0}
{"ts":"2026-06-19T14:05:07.927Z","message":"mcp registry scan complete","count":414,"unique":197,"recommended":12}
{"ts":"2026-06-19T14:05:08.169Z","message":"operating board updated","file":"C:\\Users\\Ahmad Wasee\\Documents\\GitHub\\ARIA — Real-Time AI Assistant\\iisupp-net-deploy\\senior-director-state\\director-operating-board.md"}
{"ts":"2026-06-19T14:20:11.164Z","message":"worker tick","reason":"interval","openclaw":true}
{"ts":"2026-06-19T14:20:12.405Z","message":"aria health checked","bad":0}
{"ts":"2026-06-19T14:35:16.352Z","message":"worker tick","reason":"interval","openclaw":true}
{"ts":"2026-06-19T14:35:17.597Z","message":"aria health checked","bad":0}
{"ts":"2026-06-19T14:35:17.638Z","message":"lead scan complete","count":2,"newCount":1,"openclawUsed":0}
{"ts":"2026-06-19T14:35:17.873Z","message":"operating board updated","file":"C:\\Users\\Ahmad Wasee\\Documents\\GitHub\\ARIA — Real-Time AI Assistant\\iisupp-net-deploy\\senior-director-state\\director-operating-board.md"}
{"ts":"2026-06-19T14:35:21.188Z","message":"openclaw mission brief attempted","ok":false,"code":1}
{"ts":"2026-06-19T14:50:24.283Z","message":"worker tick","reason":"interval","openclaw":true}
{"ts":"2026-06-19T14:50:25.593Z","message":"aria health checked","bad":0}
{"ts":"2026-06-19T15:05:29.426Z","message":"worker tick","reason":"interval","openclaw":true}
{"ts":"2026-06-19T15:05:30.616Z","message":"aria health checked","bad":0}
{"ts":"2026-06-19T15:05:30.853Z","message":"operating board updated","file":"C:\\Users\\Ahmad Wasee\\Documents\\GitHub\\ARIA — Real-Time AI Assistant\\iisupp-net-deploy\\senior-director-state\\director-operating-board.md"}
{"ts":"2026-06-19T15:20:33.900Z","message":"worker tick","reason":"interval","openclaw":true}
{"ts":"2026-06-19T15:20:35.186Z","message":"aria health checked","bad":0}
{"ts":"2026-06-19T15:35:38.717Z","message":"worker tick","reason":"interval","openclaw":true}
{"ts":"2026-06-19T15:35:39.858Z","message":"aria health checked","bad":0}
{"ts":"2026-06-19T15:35:39.971Z","message":"lead scan complete","count":2,"newCount":0,"openclawUsed":0}
{"ts":"2026-06-19T15:35:40.217Z","message":"operating board updated","file":"C:\\Users\\Ahmad Wasee\\Documents\\GitHub\\ARIA — Real-Time AI Assistant\\iisupp-net-deploy\\senior-director-state\\director-operating-board.md"}
{"ts":"2026-06-19T15:50:43.442Z","message":"worker tick","reason":"interval","openclaw":true}
{"ts":"2026-06-19T15:50:44.775Z","message":"aria health checked","bad":0}
{"ts":"2026-06-19T15:58:23.207Z","message":"another worker is already running","pid":13096}
{"ts":"2026-06-19T16:05:47.764Z","message":"worker tick","reason":"interval","openclaw":true}
{"ts":"2026-06-19T16:05:48.999Z","message":"aria health checked","bad":0}
{"ts":"2026-06-19T16:05:49.740Z","message":"operating board updated","file":"C:\\Users\\Ahmad Wasee\\Documents\\GitHub\\ARIA — Real-Time AI Assistant\\iisupp-net-deploy\\senior-director-state\\director-operating-board.md"}
{"ts":"2026-06-19T16:20:52.937Z","message":"worker tick","reason":"interval","openclaw":true}
{"ts":"2026-06-19T16:20:54.048Z","message":"aria health checked","bad":0}
{"ts":"2026-06-19T16:35:57.046Z","message":"worker tick","reason":"interval","openclaw":true}
{"ts":"2026-06-19T16:35:58.083Z","message":"aria health checked","bad":0}
{"ts":"2026-06-19T16:35:58.168Z","message":"lead scan complete","count":2,"newCount":0,"openclawUsed":0}
{"ts":"2026-06-19T16:35:58.609Z","message":"operating board updated","file":"C:\\Users\\Ahmad Wasee\\Documents\\GitHub\\ARIA — Real-Time AI Assistant\\iisupp-net-deploy\\senior-director-state\\director-operating-board.md"}
{"ts":"2026-06-19T16:36:01.651Z","message":"openclaw mission brief attempted","ok":false,"code":1}
{"ts":"2026-06-19T16:51:04.632Z","message":"worker tick","reason":"interval","openclaw":true}
{"ts":"2026-06-19T16:51:05.636Z","message":"aria health checked","bad":0}
{"ts":"2026-06-19T17:06:08.630Z","message":"worker tick","reason":"interval","openclaw":true}
{"ts":"2026-06-19T17:06:10.033Z","message":"aria health checked","bad":0}
{"ts":"2026-06-19T17:06:10.265Z","message":"operating board updated","file":"C:\\Users\\Ahmad Wasee\\Documents\\GitHub\\ARIA — Real-Time AI Assistant\\iisupp-net-deploy\\senior-director-state\\director-operating-board.md"}
{"ts":"2026-06-19T17:21:13.781Z","message":"worker tick","reason":"interval","openclaw":true}
{"ts":"2026-06-19T17:21:15.218Z","message":"aria health checked","bad":0}
{"ts":"2026-06-19T17:36:18.122Z","message":"worker tick","reason":"interval","openclaw":true}
{"ts":"2026-06-19T17:36:19.226Z","message":"aria health checked","bad":0}
{"ts":"2026-06-19T17:36:19.290Z","message":"lead scan complete","count":2,"newCount":0,"openclawUsed":0}
{"ts":"2026-06-19T17:36:19.529Z","message":"operating board updated","file":"C:\\Users\\Ahmad Wasee\\Documents\\GitHub\\ARIA — Real-Time AI Assistant\\iisupp-net-deploy\\senior-director-state\\director-operating-board.md"}
{"ts":"2026-06-19T17:51:23.047Z","message":"worker tick","reason":"interval","openclaw":true}
{"ts":"2026-06-19T17:51:24.086Z","message":"aria health checked","bad":0}
{"ts":"2026-06-19T18:06:26.942Z","message":"worker tick","reason":"interval","openclaw":true}
{"ts":"2026-06-19T18:06:28.140Z","message":"aria health checked","bad":0}
{"ts":"2026-06-19T18:06:28.559Z","message":"operating board updated","file":"C:\\Users\\Ahmad Wasee\\Documents\\GitHub\\ARIA — Real-Time AI Assistant\\iisupp-net-deploy\\senior-director-state\\director-operating-board.md"}
{"ts":"2026-06-19T18:21:31.969Z","message":"worker tick","reason":"interval","openclaw":true}
{"ts":"2026-06-19T18:21:33.117Z","message":"aria health checked","bad":0}
{"ts":"2026-06-19T18:36:36.144Z","message":"worker tick","reason":"interval","openclaw":true}
{"ts":"2026-06-19T18:36:37.234Z","message":"aria health checked","bad":0}
{"ts":"2026-06-19T18:36:37.266Z","message":"lead scan complete","count":2,"newCount":0,"openclawUsed":0}
{"ts":"2026-06-19T18:36:37.514Z","message":"operating board updated","file":"C:\\Users\\Ahmad Wasee\\Documents\\GitHub\\ARIA — Real-Time AI Assistant\\iisupp-net-deploy\\senior-director-state\\director-operating-board.md"}
{"ts":"2026-06-19T18:36:40.221Z","message":"openclaw mission brief attempted","ok":false,"code":1}
{"ts":"2026-06-19T18:51:43.378Z","message":"worker tick","reason":"interval","openclaw":true}
{"ts":"2026-06-19T18:51:44.837Z","message":"aria health checked","bad":0}
{"ts":"2026-06-19T19:06:47.840Z","message":"worker tick","reason":"interval","openclaw":true}
{"ts":"2026-06-19T19:06:49.003Z","message":"aria health checked","bad":0}
{"ts":"2026-06-19T19:06:49.247Z","message":"operating board updated","file":"C:\\Users\\Ahmad Wasee\\Documents\\GitHub\\ARIA — Real-Time AI Assistant\\iisupp-net-deploy\\senior-director-state\\director-operating-board.md"}
{"ts":"2026-06-19T19:21:52.094Z","message":"worker tick","reason":"interval","openclaw":true}
{"ts":"2026-06-19T19:21:53.172Z","message":"aria health checked","bad":0}
{"ts":"2026-06-19T19:36:56.222Z","message":"worker tick","reason":"interval","openclaw":true}
{"ts":"2026-06-19T19:36:57.270Z","message":"aria health checked","bad":0}
{"ts":"2026-06-19T19:36:57.370Z","message":"lead scan complete","count":2,"newCount":0,"openclawUsed":0}
{"ts":"2026-06-19T19:36:57.606Z","message":"operating board updated","file":"C:\\Users\\Ahmad Wasee\\Documents\\GitHub\\ARIA — Real-Time AI Assistant\\iisupp-net-deploy\\senior-director-state\\director-operating-board.md"}
{"ts":"2026-06-19T19:52:00.885Z","message":"worker tick","reason":"interval","openclaw":true}
{"ts":"2026-06-19T19:52:02.176Z","message":"aria health checked","bad":0}
{"ts":"2026-06-19T20:07:05.151Z","message":"worker tick","reason":"interval","openclaw":true}
{"ts":"2026-06-19T20:07:06.396Z","message":"aria health checked","bad":0}
{"ts":"2026-06-19T20:07:06.639Z","message":"operating board updated","file":"C:\\Users\\Ahmad Wasee\\Documents\\GitHub\\ARIA — Real-Time AI Assistant\\iisupp-net-deploy\\senior-director-state\\director-operating-board.md"}
{"ts":"2026-06-19T20:22:09.637Z","message":"worker tick","reason":"interval","openclaw":true}
{"ts":"2026-06-19T20:22:10.933Z","message":"aria health checked","bad":0}
{"ts":"2026-06-19T20:37:14.932Z","message":"worker tick","reason":"interval","openclaw":true}
{"ts":"2026-06-19T20:37:16.365Z","message":"aria health checked","bad":0}
{"ts":"2026-06-19T20:37:16.398Z","message":"lead scan complete","count":4,"newCount":2,"openclawUsed":0}
{"ts":"2026-06-19T20:37:16.456Z","message":"operating board updated","file":"C:\\Users\\Ahmad Wasee\\Documents\\GitHub\\ARIA — Real-Time AI Assistant\\iisupp-net-deploy\\senior-director-state\\director-operating-board.md"}
{"ts":"2026-06-19T20:37:18.939Z","message":"openclaw mission brief attempted","ok":false,"code":1}
{"ts":"2026-06-19T20:52:22.182Z","message":"worker tick","reason":"interval","openclaw":true}
{"ts":"2026-06-19T20:52:23.403Z","message":"aria health checked","bad":0}
{"ts":"2026-06-19T21:07:27.935Z","message":"worker tick","reason":"interval","openclaw":true}
{"ts":"2026-06-19T21:07:29.137Z","message":"aria health checked","bad":0}
{"ts":"2026-06-19T21:07:29.197Z","message":"operating board updated","file":"C:\\Users\\Ahmad Wasee\\Documents\\GitHub\\ARIA — Real-Time AI Assistant\\iisupp-net-deploy\\senior-director-state\\director-operating-board.md"}
{"ts":"2026-06-19T21:22:32.592Z","message":"worker tick","reason":"interval","openclaw":true}
{"ts":"2026-06-19T21:22:33.836Z","message":"aria health checked","bad":0}
{"ts":"2026-06-19T21:37:37.311Z","message":"worker tick","reason":"interval","openclaw":true}
{"ts":"2026-06-19T21:37:38.493Z","message":"aria health checked","bad":0}
{"ts":"2026-06-19T21:37:38.573Z","message":"lead scan complete","count":4,"newCount":0,"openclawUsed":0}
{"ts":"2026-06-19T21:37:38.801Z","message":"operating board updated","file":"C:\\Users\\Ahmad Wasee\\Documents\\GitHub\\ARIA — Real-Time AI Assistant\\iisupp-net-deploy\\senior-director-state\\director-operating-board.md"}
{"ts":"2026-06-19T21:52:42.292Z","message":"worker tick","reason":"interval","openclaw":true}
{"ts":"2026-06-19T21:52:43.498Z","message":"aria health checked","bad":0}
{"ts":"2026-06-19T22:07:47.038Z","message":"worker tick","reason":"interval","openclaw":true}
{"ts":"2026-06-19T22:07:48.383Z","message":"aria health checked","bad":0}
{"ts":"2026-06-19T22:07:48.446Z","message":"operating board updated","file":"C:\\Users\\Ahmad Wasee\\Documents\\GitHub\\ARIA — Real-Time AI Assistant\\iisupp-net-deploy\\senior-director-state\\director-operating-board.md"}
{"ts":"2026-06-19T22:22:51.774Z","message":"worker tick","reason":"interval","openclaw":true}
{"ts":"2026-06-19T22:22:52.906Z","message":"aria health checked","bad":0}
{"ts":"2026-06-19T22:37:55.995Z","message":"worker tick","reason":"interval","openclaw":true}
{"ts":"2026-06-19T22:37:57.235Z","message":"aria health checked","bad":0}
{"ts":"2026-06-19T22:37:57.267Z","message":"lead scan complete","count":4,"newCount":1,"openclawUsed":0}
{"ts":"2026-06-19T22:37:57.326Z","message":"operating board updated","file":"C:\\Users\\Ahmad Wasee\\Documents\\GitHub\\ARIA — Real-Time AI Assistant\\iisupp-net-deploy\\senior-director-state\\director-operating-board.md"}
{"ts":"2026-06-19T22:38:00.589Z","message":"openclaw mission brief attempted","ok":false,"code":1}
{"ts":"2026-06-19T22:53:03.511Z","message":"worker tick","reason":"interval","openclaw":true}
{"ts":"2026-06-19T22:53:04.648Z","message":"aria health checked","bad":0}
{"ts":"2026-06-19T23:08:07.798Z","message":"worker tick","reason":"interval","openclaw":true}
{"ts":"2026-06-19T23:08:08.932Z","message":"aria health checked","bad":0}
{"ts":"2026-06-19T23:08:08.994Z","message":"operating board updated","file":"C:\\Users\\Ahmad Wasee\\Documents\\GitHub\\ARIA — Real-Time AI Assistant\\iisupp-net-deploy\\senior-director-state\\director-operating-board.md"}
{"ts":"2026-06-19T23:23:12.627Z","message":"worker tick","reason":"interval","openclaw":true}
{"ts":"2026-06-19T23:23:14.212Z","message":"aria health checked","bad":0}
{"ts":"2026-06-19T23:38:18.102Z","message":"worker tick","reason":"interval","openclaw":true}
{"ts":"2026-06-19T23:38:19.373Z","message":"aria health checked","bad":0}
{"ts":"2026-06-19T23:38:19.408Z","message":"lead scan complete","count":4,"newCount":0,"openclawUsed":0}
{"ts":"2026-06-19T23:38:19.470Z","message":"operating board updated","file":"C:\\Users\\Ahmad Wasee\\Documents\\GitHub\\ARIA — Real-Time AI Assistant\\iisupp-net-deploy\\senior-director-state\\director-operating-board.md"}
{"ts":"2026-06-19T23:53:22.654Z","message":"worker tick","reason":"interval","openclaw":true}
{"ts":"2026-06-19T23:53:24.008Z","message":"aria health checked","bad":0}
{"ts":"2026-06-20T00:08:27.206Z","message":"worker tick","reason":"interval","openclaw":true}
{"ts":"2026-06-20T00:08:28.382Z","message":"aria health checked","bad":0}
{"ts":"2026-06-20T00:08:28.443Z","message":"operating board updated","file":"C:\\Users\\Ahmad Wasee\\Documents\\GitHub\\ARIA — Real-Time AI Assistant\\iisupp-net-deploy\\senior-director-state\\director-operating-board.md"}
{"ts":"2026-06-20T00:23:31.751Z","message":"worker tick","reason":"interval","openclaw":true}
{"ts":"2026-06-20T00:23:32.868Z","message":"aria health checked","bad":0}
{"ts":"2026-06-20T00:38:36.132Z","message":"worker tick","reason":"interval","openclaw":true}
{"ts":"2026-06-20T00:38:37.496Z","message":"aria health checked","bad":0}
{"ts":"2026-06-20T00:38:37.803Z","message":"lead scan complete","count":5,"newCount":1,"openclawUsed":0}
{"ts":"2026-06-20T00:38:37.870Z","message":"operating board updated","file":"C:\\Users\\Ahmad Wasee\\Documents\\GitHub\\ARIA — Real-Time AI Assistant\\iisupp-net-deploy\\senior-director-state\\director-operating-board.md"}
{"ts":"2026-06-20T00:38:40.488Z","message":"openclaw mission brief attempted","ok":false,"code":1}
{"ts":"2026-06-20T00:53:43.606Z","message":"worker tick","reason":"interval","openclaw":true}
{"ts":"2026-06-20T00:53:44.930Z","message":"aria health checked","bad":0}
{"ts":"2026-06-20T01:08:48.118Z","message":"worker tick","reason":"interval","openclaw":true}
{"ts":"2026-06-20T01:08:49.636Z","message":"aria health checked","bad":0}
{"ts":"2026-06-20T01:08:49.826Z","message":"operating board updated","file":"C:\\Users\\Ahmad Wasee\\Documents\\GitHub\\ARIA — Real-Time AI Assistant\\iisupp-net-deploy\\senior-director-state\\director-operating-board.md"}
{"ts":"2026-06-20T01:23:53.084Z","message":"worker tick","reason":"interval","openclaw":true}
{"ts":"2026-06-20T01:23:54.227Z","message":"aria health checked","bad":0}
{"ts":"2026-06-20T01:38:57.541Z","message":"worker tick","reason":"interval","openclaw":true}
{"ts":"2026-06-20T01:38:58.852Z","message":"aria health checked","bad":0}
{"ts":"2026-06-20T01:38:58.940Z","message":"lead scan complete","count":5,"newCount":0,"openclawUsed":0}
{"ts":"2026-06-20T01:38:59.001Z","message":"operating board updated","file":"C:\\Users\\Ahmad Wasee\\Documents\\GitHub\\ARIA — Real-Time AI Assistant\\iisupp-net-deploy\\senior-director-state\\director-operating-board.md"}
{"ts":"2026-06-20T01:54:01.884Z","message":"worker tick","reason":"interval","openclaw":true}
{"ts":"2026-06-20T01:54:03.295Z","message":"aria health checked","bad":0}
{"ts":"2026-06-20T02:09:06.772Z","message":"worker tick","reason":"interval","openclaw":true}
{"ts":"2026-06-20T02:09:07.941Z","message":"aria health checked","bad":0}
{"ts":"2026-06-20T02:09:08.001Z","message":"operating board updated","file":"C:\\Users\\Ahmad Wasee\\Documents\\GitHub\\ARIA — Real-Time AI Assistant\\iisupp-net-deploy\\senior-director-state\\director-operating-board.md"}
{"ts":"2026-06-20T02:24:11.366Z","message":"worker tick","reason":"interval","openclaw":true}
{"ts":"2026-06-20T02:24:12.598Z","message":"aria health checked","bad":0}
{"ts":"2026-06-20T02:39:15.897Z","message":"worker tick","reason":"interval","openclaw":true}
{"ts":"2026-06-20T02:39:17.102Z","message":"aria health checked","bad":0}
{"ts":"2026-06-20T02:39:17.191Z","message":"lead scan complete","count":5,"newCount":0,"openclawUsed":0}
{"ts":"2026-06-20T02:39:17.254Z","message":"operating board updated","file":"C:\\Users\\Ahmad Wasee\\Documents\\GitHub\\ARIA — Real-Time AI Assistant\\iisupp-net-deploy\\senior-director-state\\director-operating-board.md"}
{"ts":"2026-06-20T02:39:20.237Z","message":"openclaw mission brief attempted","ok":false,"code":1}
{"ts":"2026-06-20T02:54:23.628Z","message":"worker tick","reason":"interval","openclaw":true}
{"ts":"2026-06-20T02:54:24.833Z","message":"aria health checked","bad":0}
{"ts":"2026-06-20T03:09:28.037Z","message":"worker tick","reason":"interval","openclaw":true}
{"ts":"2026-06-20T03:09:29.165Z","message":"aria health checked","bad":0}
{"ts":"2026-06-20T03:09:29.226Z","message":"operating board updated","file":"C:\\Users\\Ahmad Wasee\\Documents\\GitHub\\ARIA — Real-Time AI Assistant\\iisupp-net-deploy\\senior-director-state\\director-operating-board.md"}
{"ts":"2026-06-20T03:24:32.649Z","message":"worker tick","reason":"interval","openclaw":true}
{"ts":"2026-06-20T03:24:33.879Z","message":"aria health checked","bad":0}
{"ts":"2026-06-20T03:39:37.941Z","message":"worker tick","reason":"interval","openclaw":true}
{"ts":"2026-06-20T03:39:39.119Z","message":"aria health checked","bad":0}
{"ts":"2026-06-20T03:39:39.201Z","message":"lead scan complete","count":5,"newCount":0,"openclawUsed":0}
{"ts":"2026-06-20T03:39:39.261Z","message":"operating board updated","file":"C:\\Users\\Ahmad Wasee\\Documents\\GitHub\\ARIA — Real-Time AI Assistant\\iisupp-net-deploy\\senior-director-state\\director-operating-board.md"}
{"ts":"2026-06-20T03:54:42.251Z","message":"worker tick","reason":"interval","openclaw":true}
{"ts":"2026-06-20T03:54:43.452Z","message":"aria health checked","bad":0}
{"ts":"2026-06-20T04:09:46.528Z","message":"worker tick","reason":"interval","openclaw":true}
{"ts":"2026-06-20T04:09:47.682Z","message":"aria health checked","bad":0}
{"ts":"2026-06-20T04:09:47.743Z","message":"operating board updated","file":"C:\\Users\\Ahmad Wasee\\Documents\\GitHub\\ARIA — Real-Time AI Assistant\\iisupp-net-deploy\\senior-director-state\\director-operating-board.md"}
{"ts":"2026-06-20T04:24:51.323Z","message":"worker tick","reason":"interval","openclaw":true}
{"ts":"2026-06-20T04:24:52.565Z","message":"aria health checked","bad":0}
{"ts":"2026-06-20T04:39:56.334Z","message":"worker tick","reason":"interval","openclaw":true}
{"ts":"2026-06-20T04:39:57.508Z","message":"aria health checked","bad":0}
{"ts":"2026-06-20T04:39:57.596Z","message":"lead scan complete","count":5,"newCount":0,"openclawUsed":0}
{"ts":"2026-06-20T04:39:57.880Z","message":"operating board updated","file":"C:\\Users\\Ahmad Wasee\\Documents\\GitHub\\ARIA — Real-Time AI Assistant\\iisupp-net-deploy\\senior-director-state\\director-operating-board.md"}
{"ts":"2026-06-20T04:40:01.052Z","message":"openclaw mission brief attempted","ok":false,"code":1}
{"ts":"2026-06-20T04:55:04.715Z","message":"worker tick","reason":"interval","openclaw":true}
{"ts":"2026-06-20T04:55:06.010Z","message":"aria health checked","bad":0}
{"ts":"2026-06-20T05:10:09.363Z","message":"worker tick","reason":"interval","openclaw":true}
{"ts":"2026-06-20T05:10:10.659Z","message":"aria health checked","bad":0}
{"ts":"2026-06-20T05:10:10.731Z","message":"operating board updated","file":"C:\\Users\\Ahmad Wasee\\Documents\\GitHub\\ARIA — Real-Time AI Assistant\\iisupp-net-deploy\\senior-director-state\\director-operating-board.md"}
{"ts":"2026-06-20T05:25:14.220Z","message":"worker tick","reason":"interval","openclaw":true}
{"ts":"2026-06-20T05:25:15.698Z","message":"aria health checked","bad":0}
{"ts":"2026-06-20T05:40:19.115Z","message":"worker tick","reason":"interval","openclaw":true}
{"ts":"2026-06-20T05:40:20.434Z","message":"aria health checked","bad":0}
{"ts":"2026-06-20T05:40:20.495Z","message":"lead scan complete","count":5,"newCount":0,"openclawUsed":0}
{"ts":"2026-06-20T05:40:20.555Z","message":"operating board updated","file":"C:\\Users\\Ahmad Wasee\\Documents\\GitHub\\ARIA — Real-Time AI Assistant\\iisupp-net-deploy\\senior-director-state\\director-operating-board.md"}
{"ts":"2026-06-20T05:55:24.372Z","message":"worker tick","reason":"interval","openclaw":true}
{"ts":"2026-06-20T05:55:25.555Z","message":"aria health checked","bad":0}
{"ts":"2026-06-20T06:10:28.795Z","message":"worker tick","reason":"interval","openclaw":true}
{"ts":"2026-06-20T06:10:30.008Z","message":"aria health checked","bad":0}
{"ts":"2026-06-20T06:10:30.068Z","message":"operating board updated","file":"C:\\Users\\Ahmad Wasee\\Documents\\GitHub\\ARIA — Real-Time AI Assistant\\iisupp-net-deploy\\senior-director-state\\director-operating-board.md"}
{"ts":"2026-06-20T06:25:33.237Z","message":"worker tick","reason":"interval","openclaw":true}
{"ts":"2026-06-20T06:25:34.533Z","message":"aria health checked","bad":0}
{"ts":"2026-06-20T06:40:38.024Z","message":"worker tick","reason":"interval","openclaw":true}
{"ts":"2026-06-20T06:40:39.255Z","message":"aria health checked","bad":0}
{"ts":"2026-06-20T06:40:39.330Z","message":"lead scan complete","count":5,"newCount":0,"openclawUsed":0}
{"ts":"2026-06-20T06:40:39.389Z","message":"operating board updated","file":"C:\\Users\\Ahmad Wasee\\Documents\\GitHub\\ARIA — Real-Time AI Assistant\\iisupp-net-deploy\\senior-director-state\\director-operating-board.md"}
{"ts":"2026-06-20T06:40:42.969Z","message":"openclaw mission brief attempted","ok":false,"code":1}
{"ts":"2026-06-20T06:55:46.854Z","message":"worker tick","reason":"interval","openclaw":true}
{"ts":"2026-06-20T06:55:48.392Z","message":"aria health checked","bad":0}
{"ts":"2026-06-20T07:10:51.888Z","message":"worker tick","reason":"interval","openclaw":true}
{"ts":"2026-06-20T07:10:53.497Z","message":"aria health checked","bad":0}
{"ts":"2026-06-20T07:10:53.560Z","message":"operating board updated","file":"C:\\Users\\Ahmad Wasee\\Documents\\GitHub\\ARIA — Real-Time AI Assistant\\iisupp-net-deploy\\senior-director-state\\director-operating-board.md"}
{"ts":"2026-06-20T07:25:57.434Z","message":"worker tick","reason":"interval","openclaw":true}
{"ts":"2026-06-20T07:25:58.641Z","message":"aria health checked","bad":0}
{"ts":"2026-06-20T10:48:48.857Z","message":"worker tick","reason":"daemon","openclaw":true}
{"ts":"2026-06-20T10:48:50.024Z","message":"aria health checked","bad":0}
{"ts":"2026-06-20T10:48:50.065Z","message":"lead scan complete","count":3,"newCount":3,"openclawUsed":0}
{"ts":"2026-06-20T10:48:50.152Z","message":"operating board updated","file":"C:\\Users\\Ahmad Wasee\\Documents\\GitHub\\ARIA — Real-Time AI Assistant\\iisupp-net-deploy\\senior-director-state\\director-operating-board.md"}
{"ts":"2026-06-20T10:48:53.123Z","message":"openclaw mission brief attempted","ok":false,"code":1}
{"ts":"2026-06-20T11:03:56.158Z","message":"worker tick","reason":"interval","openclaw":true}
{"ts":"2026-06-20T11:03:57.325Z","message":"aria health checked","bad":0}
{"ts":"2026-06-20T11:19:00.230Z","message":"worker tick","reason":"interval","openclaw":true}
{"ts":"2026-06-20T11:19:01.417Z","message":"aria health checked","bad":0}
{"ts":"2026-06-20T11:19:01.476Z","message":"operating board updated","file":"C:\\Users\\Ahmad Wasee\\Documents\\GitHub\\ARIA — Real-Time AI Assistant\\iisupp-net-deploy\\senior-director-state\\director-operating-board.md"}
{"ts":"2026-06-20T11:34:04.410Z","message":"worker tick","reason":"interval","openclaw":true}
{"ts":"2026-06-20T11:34:05.558Z","message":"aria health checked","bad":0}
{"ts":"2026-06-20T11:49:08.604Z","message":"worker tick","reason":"interval","openclaw":true}
{"ts":"2026-06-20T11:49:09.943Z","message":"aria health checked","bad":0}
{"ts":"2026-06-20T11:49:09.972Z","message":"lead scan complete","count":3,"newCount":0,"openclawUsed":0}
{"ts":"2026-06-20T11:49:10.025Z","message":"operating board updated","file":"C:\\Users\\Ahmad Wasee\\Documents\\GitHub\\ARIA — Real-Time AI Assistant\\iisupp-net-deploy\\senior-director-state\\director-operating-board.md"}
{"ts":"2026-06-20T12:04:13.015Z","message":"worker tick","reason":"interval","openclaw":true}
{"ts":"2026-06-20T12:04:14.610Z","message":"aria health checked","bad":0}
{"ts":"2026-06-20T12:19:17.727Z","message":"worker tick","reason":"interval","openclaw":true}
{"ts":"2026-06-20T12:19:19.017Z","message":"aria health checked","bad":0}
{"ts":"2026-06-20T12:19:19.072Z","message":"operating board updated","file":"C:\\Users\\Ahmad Wasee\\Documents\\GitHub\\ARIA — Real-Time AI Assistant\\iisupp-net-deploy\\senior-director-state\\director-operating-board.md"}
{"ts":"2026-06-20T12:34:21.977Z","message":"worker tick","reason":"interval","openclaw":true}
{"ts":"2026-06-20T12:34:23.084Z","message":"aria health checked","bad":0}
{"ts":"2026-06-20T12:49:26.408Z","message":"worker tick","reason":"interval","openclaw":true}
{"ts":"2026-06-20T12:49:27.722Z","message":"aria health checked","bad":0}
{"ts":"2026-06-20T12:49:27.849Z","message":"lead scan complete","count":3,"newCount":0,"openclawUsed":0}
{"ts":"2026-06-20T12:49:27.907Z","message":"operating board updated","file":"C:\\Users\\Ahmad Wasee\\Documents\\GitHub\\ARIA — Real-Time AI Assistant\\iisupp-net-deploy\\senior-director-state\\director-operating-board.md"}
{"ts":"2026-06-20T12:49:30.341Z","message":"openclaw mission brief attempted","ok":false,"code":1}
{"ts":"2026-06-20T13:04:35.435Z","message":"worker tick","reason":"interval","openclaw":true}
{"ts":"2026-06-20T13:04:36.855Z","message":"aria health checked","bad":0}
{"ts":"2026-06-20T13:19:41.196Z","message":"worker tick","reason":"interval","openclaw":true}
{"ts":"2026-06-20T13:19:42.908Z","message":"aria health checked","bad":0}
{"ts":"2026-06-20T13:19:43.830Z","message":"operating board updated","file":"C:\\Users\\Ahmad Wasee\\Documents\\GitHub\\ARIA — Real-Time AI Assistant\\iisupp-net-deploy\\senior-director-state\\director-operating-board.md"}
{"ts":"2026-06-20T13:34:48.590Z","message":"worker tick","reason":"interval","openclaw":true}
{"ts":"2026-06-20T13:34:49.773Z","message":"aria health checked","bad":0}
{"ts":"2026-06-20T13:49:54.992Z","message":"worker tick","reason":"interval","openclaw":true}
{"ts":"2026-06-20T13:49:56.070Z","message":"aria health checked","bad":0}
{"ts":"2026-06-20T13:49:56.172Z","message":"lead scan complete","count":3,"newCount":0,"openclawUsed":0}
{"ts":"2026-06-20T13:49:57.151Z","message":"operating board updated","file":"C:\\Users\\Ahmad Wasee\\Documents\\GitHub\\ARIA — Real-Time AI Assistant\\iisupp-net-deploy\\senior-director-state\\director-operating-board.md"}
{"ts":"2026-06-20T14:05:02.097Z","message":"worker tick","reason":"interval","openclaw":true}
{"ts":"2026-06-20T14:05:03.507Z","message":"aria health checked","bad":0}
{"ts":"2026-06-20T14:05:42.269Z","message":"mcp registry scan complete","count":414,"unique":197,"recommended":12}
{"ts":"2026-06-20T14:20:47.442Z","message":"worker tick","reason":"interval","openclaw":true}
{"ts":"2026-06-20T14:20:48.581Z","message":"aria health checked","bad":0}
{"ts":"2026-06-20T14:20:49.531Z","message":"operating board updated","file":"C:\\Users\\Ahmad Wasee\\Documents\\GitHub\\ARIA — Real-Time AI Assistant\\iisupp-net-deploy\\senior-director-state\\director-operating-board.md"}
{"ts":"2026-06-20T14:35:55.002Z","message":"worker tick","reason":"interval","openclaw":true}
{"ts":"2026-06-20T14:35:56.130Z","message":"aria health checked","bad":0}
{"ts":"2026-06-20T14:51:01.193Z","message":"worker tick","reason":"interval","openclaw":true}
{"ts":"2026-06-20T14:51:02.450Z","message":"aria health checked","bad":0}
{"ts":"2026-06-20T14:51:02.501Z","message":"lead scan complete","count":3,"newCount":0,"openclawUsed":0}
{"ts":"2026-06-20T14:51:02.566Z","message":"operating board updated","file":"C:\\Users\\Ahmad Wasee\\Documents\\GitHub\\ARIA — Real-Time AI Assistant\\iisupp-net-deploy\\senior-director-state\\director-operating-board.md"}
{"ts":"2026-06-20T14:51:05.868Z","message":"openclaw mission brief attempted","ok":false,"code":1}
{"ts":"2026-06-20T15:06:10.783Z","message":"worker tick","reason":"interval","openclaw":true}
{"ts":"2026-06-20T15:06:11.983Z","message":"aria health checked","bad":0}
{"ts":"2026-06-20T15:21:16.818Z","message":"worker tick","reason":"interval","openclaw":true}
{"ts":"2026-06-20T15:21:17.985Z","message":"aria health checked","bad":0}
{"ts":"2026-06-20T15:21:18.079Z","message":"operating board updated","file":"C:\\Users\\Ahmad Wasee\\Documents\\GitHub\\ARIA — Real-Time AI Assistant\\iisupp-net-deploy\\senior-director-state\\director-operating-board.md"}
{"ts":"2026-06-20T15:36:22.889Z","message":"worker tick","reason":"interval","openclaw":true}
{"ts":"2026-06-20T15:36:24.055Z","message":"aria health checked","bad":0}
{"ts":"2026-06-20T15:51:29.310Z","message":"worker tick","reason":"interval","openclaw":true}
{"ts":"2026-06-20T15:51:30.541Z","message":"aria health checked","bad":0}
{"ts":"2026-06-20T15:51:30.570Z","message":"lead scan complete","count":3,"newCount":0,"openclawUsed":0}
{"ts":"2026-06-20T15:51:30.631Z","message":"operating board updated","file":"C:\\Users\\Ahmad Wasee\\Documents\\GitHub\\ARIA — Real-Time AI Assistant\\iisupp-net-deploy\\senior-director-state\\director-operating-board.md"}
{"ts":"2026-06-20T16:06:36.059Z","message":"worker tick","reason":"interval","openclaw":true}
{"ts":"2026-06-20T16:06:37.115Z","message":"aria health checked","bad":0}
{"ts":"2026-06-20T16:21:42.258Z","message":"worker tick","reason":"interval","openclaw":true}
{"ts":"2026-06-20T16:21:43.373Z","message":"aria health checked","bad":0}
{"ts":"2026-06-20T16:21:43.434Z","message":"operating board updated","file":"C:\\Users\\Ahmad Wasee\\Documents\\GitHub\\ARIA — Real-Time AI Assistant\\iisupp-net-deploy\\senior-director-state\\director-operating-board.md"}
{"ts":"2026-06-20T16:36:48.439Z","message":"worker tick","reason":"interval","openclaw":true}
{"ts":"2026-06-20T16:36:49.576Z","message":"aria health checked","bad":0}
{"ts":"2026-06-20T16:51:54.345Z","message":"worker tick","reason":"interval","openclaw":true}
{"ts":"2026-06-20T16:51:55.381Z","message":"aria health checked","bad":0}
{"ts":"2026-06-20T16:51:55.443Z","message":"lead scan complete","count":3,"newCount":0,"openclawUsed":0}
{"ts":"2026-06-20T16:51:55.506Z","message":"operating board updated","file":"C:\\Users\\Ahmad Wasee\\Documents\\GitHub\\ARIA — Real-Time AI Assistant\\iisupp-net-deploy\\senior-director-state\\director-operating-board.md"}
{"ts":"2026-06-20T16:51:58.708Z","message":"openclaw mission brief attempted","ok":false,"code":1}
{"ts":"2026-06-20T17:07:03.259Z","message":"worker tick","reason":"interval","openclaw":true}
{"ts":"2026-06-20T17:07:04.375Z","message":"aria health checked","bad":0}
{"ts":"2026-06-20T17:22:09.141Z","message":"worker tick","reason":"interval","openclaw":true}
{"ts":"2026-06-20T17:22:10.345Z","message":"aria health checked","bad":0}
{"ts":"2026-06-20T17:22:10.412Z","message":"operating board updated","file":"C:\\Users\\Ahmad Wasee\\Documents\\GitHub\\ARIA — Real-Time AI Assistant\\iisupp-net-deploy\\senior-director-state\\director-operating-board.md"}
{"ts":"2026-06-20T17:37:15.392Z","message":"worker tick","reason":"interval","openclaw":true}
{"ts":"2026-06-20T17:37:16.539Z","message":"aria health checked","bad":0}
{"ts":"2026-06-20T17:52:21.518Z","message":"worker tick","reason":"interval","openclaw":true}
{"ts":"2026-06-20T17:52:23.915Z","message":"aria health checked","bad":0}
{"ts":"2026-06-20T17:52:24.027Z","message":"lead scan complete","count":3,"newCount":0,"openclawUsed":0}
{"ts":"2026-06-20T17:52:24.093Z","message":"operating board updated","file":"C:\\Users\\Ahmad Wasee\\Documents\\GitHub\\ARIA — Real-Time AI Assistant\\iisupp-net-deploy\\senior-director-state\\director-operating-board.md"}
{"ts":"2026-06-20T18:07:29.252Z","message":"worker tick","reason":"interval","openclaw":true}
{"ts":"2026-06-20T18:07:30.341Z","message":"aria health checked","bad":0}
{"ts":"2026-06-20T18:22:35.727Z","message":"worker tick","reason":"interval","openclaw":true}
{"ts":"2026-06-20T18:22:36.953Z","message":"aria health checked","bad":0}
{"ts":"2026-06-20T18:22:37.021Z","message":"operating board updated","file":"C:\\Users\\Ahmad Wasee\\Documents\\GitHub\\ARIA — Real-Time AI Assistant\\iisupp-net-deploy\\senior-director-state\\director-operating-board.md"}
{"ts":"2026-06-20T18:37:42.106Z","message":"worker tick","reason":"interval","openclaw":true}
{"ts":"2026-06-20T18:37:42.857Z","message":"aria health checked","bad":0}
{"ts":"2026-06-20T18:52:48.104Z","message":"worker tick","reason":"interval","openclaw":true}
{"ts":"2026-06-20T18:52:49.280Z","message":"aria health checked","bad":0}
{"ts":"2026-06-20T18:52:49.317Z","message":"lead scan complete","count":3,"newCount":0,"openclawUsed":0}
{"ts":"2026-06-20T18:52:49.383Z","message":"operating board updated","file":"C:\\Users\\Ahmad Wasee\\Documents\\GitHub\\ARIA — Real-Time AI Assistant\\iisupp-net-deploy\\senior-director-state\\director-operating-board.md"}
{"ts":"2026-06-20T18:52:52.798Z","message":"openclaw mission brief attempted","ok":false,"code":1}
{"ts":"2026-06-20T19:07:57.687Z","message":"worker tick","reason":"interval","openclaw":true}
{"ts":"2026-06-20T19:07:58.725Z","message":"aria health checked","bad":0}
{"ts":"2026-06-20T19:23:03.489Z","message":"worker tick","reason":"interval","openclaw":true}
{"ts":"2026-06-20T19:23:04.587Z","message":"aria health checked","bad":0}
{"ts":"2026-06-20T19:23:04.655Z","message":"operating board updated","file":"C:\\Users\\Ahmad Wasee\\Documents\\GitHub\\ARIA — Real-Time AI Assistant\\iisupp-net-deploy\\senior-director-state\\director-operating-board.md"}
{"ts":"2026-06-20T19:38:09.388Z","message":"worker tick","reason":"interval","openclaw":true}
{"ts":"2026-06-20T19:38:10.098Z","message":"aria health checked","bad":0}
{"ts":"2026-06-20T19:53:15.149Z","message":"worker tick","reason":"interval","openclaw":true}
{"ts":"2026-06-20T19:53:16.328Z","message":"aria health checked","bad":0}
{"ts":"2026-06-20T19:53:16.360Z","message":"lead scan complete","count":3,"newCount":0,"openclawUsed":0}
{"ts":"2026-06-20T19:53:16.425Z","message":"operating board updated","file":"C:\\Users\\Ahmad Wasee\\Documents\\GitHub\\ARIA — Real-Time AI Assistant\\iisupp-net-deploy\\senior-director-state\\director-operating-board.md"}
{"ts":"2026-06-20T20:08:21.461Z","message":"worker tick","reason":"interval","openclaw":true}
{"ts":"2026-06-20T20:08:22.550Z","message":"aria health checked","bad":0}
{"ts":"2026-06-20T20:23:27.646Z","message":"worker tick","reason":"interval","openclaw":true}
{"ts":"2026-06-20T20:23:28.984Z","message":"aria health checked","bad":0}
{"ts":"2026-06-20T20:23:29.045Z","message":"operating board updated","file":"C:\\Users\\Ahmad Wasee\\Documents\\GitHub\\ARIA — Real-Time AI Assistant\\iisupp-net-deploy\\senior-director-state\\director-operating-board.md"}
{"ts":"2026-06-21T17:16:29.204Z","message":"worker tick","reason":"daemon","openclaw":true}
{"ts":"2026-06-21T17:16:30.174Z","message":"aria health checked","bad":0}
{"ts":"2026-06-21T17:16:30.304Z","message":"lead scan complete","count":0,"newCount":0,"openclawUsed":0}
{"ts":"2026-06-21T17:18:51.094Z","message":"mcp registry scan complete","count":416,"unique":199,"recommended":12}
{"ts":"2026-06-21T17:18:51.198Z","message":"operating board updated","file":"C:\\Users\\Ahmad Wasee\\Documents\\GitHub\\ARIA — Real-Time AI Assistant\\iisupp-net-deploy\\senior-director-state\\director-operating-board.md"}
{"ts":"2026-06-21T17:18:54.838Z","message":"openclaw mission brief attempted","ok":false,"code":1}
{"ts":"2026-06-21T17:34:00.137Z","message":"worker tick","reason":"interval","openclaw":true}
{"ts":"2026-06-21T17:34:01.270Z","message":"aria health checked","bad":0}
{"ts":"2026-06-21T17:49:07.259Z","message":"worker tick","reason":"interval","openclaw":true}
{"ts":"2026-06-21T17:49:08.200Z","message":"aria health checked","bad":0}
{"ts":"2026-06-21T17:49:08.293Z","message":"operating board updated","file":"C:\\Users\\Ahmad Wasee\\Documents\\GitHub\\ARIA — Real-Time AI Assistant\\iisupp-net-deploy\\senior-director-state\\director-operating-board.md"}
{"ts":"2026-06-21T18:04:13.711Z","message":"worker tick","reason":"interval","openclaw":true}
{"ts":"2026-06-21T18:04:14.733Z","message":"aria health checked","bad":0}
{"ts":"2026-06-21T18:19:20.045Z","message":"worker tick","reason":"interval","openclaw":true}
{"ts":"2026-06-21T18:19:21.152Z","message":"aria health checked","bad":0}
{"ts":"2026-06-21T18:19:21.189Z","message":"lead scan complete","count":0,"newCount":0,"openclawUsed":0}
{"ts":"2026-06-21T18:19:22.181Z","message":"operating board updated","file":"C:\\Users\\Ahmad Wasee\\Documents\\GitHub\\ARIA — Real-Time AI Assistant\\iisupp-net-deploy\\senior-director-state\\director-operating-board.md"}
{"ts":"2026-06-21T18:34:27.801Z","message":"worker tick","reason":"interval","openclaw":true}
{"ts":"2026-06-21T18:34:29.076Z","message":"aria health checked","bad":0}
{"ts":"2026-06-21T18:49:34.578Z","message":"worker tick","reason":"interval","openclaw":true}
{"ts":"2026-06-21T18:49:35.747Z","message":"aria health checked","bad":0}
{"ts":"2026-06-21T18:49:36.950Z","message":"operating board updated","file":"C:\\Users\\Ahmad Wasee\\Documents\\GitHub\\ARIA — Real-Time AI Assistant\\iisupp-net-deploy\\senior-director-state\\director-operating-board.md"}
{"ts":"2026-06-21T19:04:42.138Z","message":"worker tick","reason":"interval","openclaw":true}
{"ts":"2026-06-21T19:04:43.251Z","message":"aria health checked","bad":0}
{"ts":"2026-06-21T19:19:49.412Z","message":"worker tick","reason":"interval","openclaw":true}
{"ts":"2026-06-21T19:19:50.639Z","message":"aria health checked","bad":0}
{"ts":"2026-06-21T19:19:50.669Z","message":"lead scan complete","count":0,"newCount":0,"openclawUsed":0}
{"ts":"2026-06-21T19:19:51.641Z","message":"operating board updated","file":"C:\\Users\\Ahmad Wasee\\Documents\\GitHub\\ARIA — Real-Time AI Assistant\\iisupp-net-deploy\\senior-director-state\\director-operating-board.md"}
{"ts":"2026-06-21T19:19:56.571Z","message":"openclaw mission brief attempted","ok":false,"code":1}
{"ts":"2026-06-21T19:35:01.458Z","message":"worker tick","reason":"interval","openclaw":true}
{"ts":"2026-06-21T19:35:02.638Z","message":"aria health checked","bad":0}
{"ts":"2026-06-21T19:50:07.947Z","message":"worker tick","reason":"interval","openclaw":true}
{"ts":"2026-06-21T19:50:09.145Z","message":"aria health checked","bad":0}
{"ts":"2026-06-21T19:50:10.119Z","message":"operating board updated","file":"C:\\Users\\Ahmad Wasee\\Documents\\GitHub\\ARIA — Real-Time AI Assistant\\iisupp-net-deploy\\senior-director-state\\director-operating-board.md"}
{"ts":"2026-06-21T20:05:15.076Z","message":"worker tick","reason":"interval","openclaw":true}
{"ts":"2026-06-21T20:05:16.148Z","message":"aria health checked","bad":0}
{"ts":"2026-06-21T20:20:21.304Z","message":"worker tick","reason":"interval","openclaw":true}
{"ts":"2026-06-21T20:20:22.515Z","message":"aria health checked","bad":0}
{"ts":"2026-06-21T20:20:22.549Z","message":"lead scan complete","count":0,"newCount":0,"openclawUsed":0}
{"ts":"2026-06-21T20:20:23.504Z","message":"operating board updated","file":"C:\\Users\\Ahmad Wasee\\Documents\\GitHub\\ARIA — Real-Time AI Assistant\\iisupp-net-deploy\\senior-director-state\\director-operating-board.md"}
{"ts":"2026-06-21T20:35:29.068Z","message":"worker tick","reason":"interval","openclaw":true}
{"ts":"2026-06-21T20:35:30.095Z","message":"aria health checked","bad":0}
{"ts":"2026-06-21T20:50:35.186Z","message":"worker tick","reason":"interval","openclaw":true}
{"ts":"2026-06-21T20:50:36.237Z","message":"aria health checked","bad":0}
{"ts":"2026-06-21T20:50:36.302Z","message":"operating board updated","file":"C:\\Users\\Ahmad Wasee\\Documents\\GitHub\\ARIA — Real-Time AI Assistant\\iisupp-net-deploy\\senior-director-state\\director-operating-board.md"}
{"ts":"2026-06-21T21:05:42.207Z","message":"worker tick","reason":"interval","openclaw":true}
{"ts":"2026-06-21T21:05:43.429Z","message":"aria health checked","bad":0}
{"ts":"2026-06-21T21:20:48.498Z","message":"worker tick","reason":"interval","openclaw":true}
{"ts":"2026-06-21T21:20:49.724Z","message":"aria health checked","bad":0}
{"ts":"2026-06-21T21:20:49.757Z","message":"lead scan complete","count":0,"newCount":0,"openclawUsed":0}
{"ts":"2026-06-21T21:20:49.978Z","message":"operating board updated","file":"C:\\Users\\Ahmad Wasee\\Documents\\GitHub\\ARIA — Real-Time AI Assistant\\iisupp-net-deploy\\senior-director-state\\director-operating-board.md"}
{"ts":"2026-06-21T21:20:53.647Z","message":"openclaw mission brief attempted","ok":false,"code":1}
{"ts":"2026-06-21T21:35:59.201Z","message":"worker tick","reason":"interval","openclaw":true}
{"ts":"2026-06-21T21:36:00.261Z","message":"aria health checked","bad":0}
{"ts":"2026-06-21T21:51:05.410Z","message":"worker tick","reason":"interval","openclaw":true}
{"ts":"2026-06-21T21:51:06.751Z","message":"aria health checked","bad":0}
{"ts":"2026-06-21T21:51:06.823Z","message":"operating board updated","file":"C:\\Users\\Ahmad Wasee\\Documents\\GitHub\\ARIA — Real-Time AI Assistant\\iisupp-net-deploy\\senior-director-state\\director-operating-board.md"}
{"ts":"2026-06-21T22:06:13.213Z","message":"worker tick","reason":"interval","openclaw":true}
{"ts":"2026-06-21T22:06:22.611Z","message":"aria health checked","bad":0}
{"ts":"2026-06-21T22:21:27.972Z","message":"worker tick","reason":"interval","openclaw":true}
{"ts":"2026-06-21T22:21:29.272Z","message":"aria health checked","bad":0}
{"ts":"2026-06-21T22:21:29.305Z","message":"lead scan complete","count":0,"newCount":0,"openclawUsed":0}
{"ts":"2026-06-21T22:21:29.454Z","message":"operating board updated","file":"C:\\Users\\Ahmad Wasee\\Documents\\GitHub\\ARIA — Real-Time AI Assistant\\iisupp-net-deploy\\senior-director-state\\director-operating-board.md"}
{"ts":"2026-06-21T22:36:35.027Z","message":"worker tick","reason":"interval","openclaw":true}
{"ts":"2026-06-21T22:36:36.206Z","message":"aria health checked","bad":0}
{"ts":"2026-06-21T22:51:41.718Z","message":"worker tick","reason":"interval","openclaw":true}
{"ts":"2026-06-21T22:51:42.752Z","message":"aria health checked","bad":0}
{"ts":"2026-06-21T22:51:43.285Z","message":"operating board updated","file":"C:\\Users\\Ahmad Wasee\\Documents\\GitHub\\ARIA — Real-Time AI Assistant\\iisupp-net-deploy\\senior-director-state\\director-operating-board.md"}
{"ts":"2026-06-21T23:06:48.942Z","message":"worker tick","reason":"interval","openclaw":true}
{"ts":"2026-06-21T23:06:50.038Z","message":"aria health checked","bad":0}
{"ts":"2026-06-21T23:21:55.107Z","message":"worker tick","reason":"interval","openclaw":true}
{"ts":"2026-06-21T23:21:56.295Z","message":"aria health checked","bad":0}
{"ts":"2026-06-21T23:21:56.324Z","message":"lead scan complete","count":0,"newCount":0,"openclawUsed":0}
{"ts":"2026-06-21T23:21:56.386Z","message":"operating board updated","file":"C:\\Users\\Ahmad Wasee\\Documents\\GitHub\\ARIA — Real-Time AI Assistant\\iisupp-net-deploy\\senior-director-state\\director-operating-board.md"}
{"ts":"2026-06-21T23:21:59.983Z","message":"openclaw mission brief attempted","ok":false,"code":1}
{"ts":"2026-06-21T23:37:05.456Z","message":"worker tick","reason":"interval","openclaw":true}
{"ts":"2026-06-21T23:37:06.683Z","message":"aria health checked","bad":0}
{"ts":"2026-06-21T23:52:12.265Z","message":"worker tick","reason":"interval","openclaw":true}
{"ts":"2026-06-21T23:52:13.396Z","message":"aria health checked","bad":0}
{"ts":"2026-06-21T23:52:13.464Z","message":"operating board updated","file":"C:\\Users\\Ahmad Wasee\\Documents\\GitHub\\ARIA — Real-Time AI Assistant\\iisupp-net-deploy\\senior-director-state\\director-operating-board.md"}
{"ts":"2026-06-22T00:07:19.060Z","message":"worker tick","reason":"interval","openclaw":true}
{"ts":"2026-06-22T00:07:20.256Z","message":"aria health checked","bad":0}
{"ts":"2026-06-22T04:30:33.222Z","message":"worker tick","reason":"daemon","openclaw":true}
{"ts":"2026-06-22T04:30:34.288Z","message":"aria health checked","bad":0}
{"ts":"2026-06-22T04:30:34.322Z","message":"lead scan complete","count":0,"newCount":0,"openclawUsed":0}
{"ts":"2026-06-22T04:30:34.409Z","message":"operating board updated","file":"C:\\Users\\Ahmad Wasee\\Documents\\GitHub\\ARIA — Real-Time AI Assistant\\iisupp-net-deploy\\senior-director-state\\director-operating-board.md"}
{"ts":"2026-06-22T04:30:38.518Z","message":"openclaw mission brief attempted","ok":false,"code":1}
{"ts":"2026-06-22T04:45:43.524Z","message":"worker tick","reason":"interval","openclaw":true}
{"ts":"2026-06-22T04:45:44.699Z","message":"aria health checked","bad":0}
{"ts":"2026-06-22T05:00:50.654Z","message":"worker tick","reason":"interval","openclaw":true}
{"ts":"2026-06-22T05:00:52.032Z","message":"aria health checked","bad":0}
{"ts":"2026-06-22T05:00:52.111Z","message":"operating board updated","file":"C:\\Users\\Ahmad Wasee\\Documents\\GitHub\\ARIA — Real-Time AI Assistant\\iisupp-net-deploy\\senior-director-state\\director-operating-board.md"}
{"ts":"2026-06-22T05:15:57.306Z","message":"worker tick","reason":"interval","openclaw":true}
{"ts":"2026-06-22T05:15:58.392Z","message":"aria health checked","bad":0}
{"ts":"2026-06-22T05:31:03.404Z","message":"worker tick","reason":"interval","openclaw":true}
{"ts":"2026-06-22T05:31:04.547Z","message":"aria health checked","bad":0}
{"ts":"2026-06-22T05:31:04.581Z","message":"lead scan complete","count":0,"newCount":0,"openclawUsed":0}
{"ts":"2026-06-22T05:31:04.643Z","message":"operating board updated","file":"C:\\Users\\Ahmad Wasee\\Documents\\GitHub\\ARIA — Real-Time AI Assistant\\iisupp-net-deploy\\senior-director-state\\director-operating-board.md"}
{"ts":"2026-06-22T05:46:09.512Z","message":"worker tick","reason":"interval","openclaw":true}
{"ts":"2026-06-22T05:46:10.639Z","message":"aria health checked","bad":0}
{"ts":"2026-06-22T06:01:15.950Z","message":"worker tick","reason":"interval","openclaw":true}
{"ts":"2026-06-22T06:01:17.075Z","message":"aria health checked","bad":0}
{"ts":"2026-06-22T06:01:17.156Z","message":"operating board updated","file":"C:\\Users\\Ahmad Wasee\\Documents\\GitHub\\ARIA — Real-Time AI Assistant\\iisupp-net-deploy\\senior-director-state\\director-operating-board.md"}
{"ts":"2026-06-22T06:16:21.983Z","message":"worker tick","reason":"interval","openclaw":true}
{"ts":"2026-06-22T06:16:23.039Z","message":"aria health checked","bad":0}
{"ts":"2026-06-22T06:31:28.199Z","message":"worker tick","reason":"interval","openclaw":true}
{"ts":"2026-06-22T06:31:29.489Z","message":"aria health checked","bad":0}
{"ts":"2026-06-22T06:31:29.539Z","message":"lead scan complete","count":0,"newCount":0,"openclawUsed":0}
{"ts":"2026-06-22T06:31:30.690Z","message":"operating board updated","file":"C:\\Users\\Ahmad Wasee\\Documents\\GitHub\\ARIA — Real-Time AI Assistant\\iisupp-net-deploy\\senior-director-state\\director-operating-board.md"}
{"ts":"2026-06-22T06:31:35.337Z","message":"openclaw mission brief attempted","ok":false,"code":1}
{"ts":"2026-06-22T06:46:40.672Z","message":"worker tick","reason":"interval","openclaw":true}
{"ts":"2026-06-22T06:46:41.788Z","message":"aria health checked","bad":0}
{"ts":"2026-06-22T07:01:46.758Z","message":"worker tick","reason":"interval","openclaw":true}
{"ts":"2026-06-22T07:01:48.004Z","message":"aria health checked","bad":0}
{"ts":"2026-06-22T07:01:48.964Z","message":"operating board updated","file":"C:\\Users\\Ahmad Wasee\\Documents\\GitHub\\ARIA — Real-Time AI Assistant\\iisupp-net-deploy\\senior-director-state\\director-operating-board.md"}
{"ts":"2026-06-22T07:16:54.111Z","message":"worker tick","reason":"interval","openclaw":true}
{"ts":"2026-06-22T07:16:55.142Z","message":"aria health checked","bad":0}
{"ts":"2026-06-22T07:32:00.173Z","message":"worker tick","reason":"interval","openclaw":true}
{"ts":"2026-06-22T07:32:01.280Z","message":"aria health checked","bad":0}
{"ts":"2026-06-22T07:32:01.311Z","message":"lead scan complete","count":0,"newCount":0,"openclawUsed":0}
{"ts":"2026-06-22T07:32:02.248Z","message":"operating board updated","file":"C:\\Users\\Ahmad Wasee\\Documents\\GitHub\\ARIA — Real-Time AI Assistant\\iisupp-net-deploy\\senior-director-state\\director-operating-board.md"}
{"ts":"2026-06-22T07:47:06.848Z","message":"worker tick","reason":"interval","openclaw":true}
{"ts":"2026-06-22T07:47:08.048Z","message":"aria health checked","bad":0}
{"ts":"2026-06-22T08:02:12.939Z","message":"worker tick","reason":"interval","openclaw":true}
{"ts":"2026-06-22T08:02:14.307Z","message":"aria health checked","bad":0}
{"ts":"2026-06-22T08:02:15.521Z","message":"operating board updated","file":"C:\\Users\\Ahmad Wasee\\Documents\\GitHub\\ARIA — Real-Time AI Assistant\\iisupp-net-deploy\\senior-director-state\\director-operating-board.md"}
{"ts":"2026-06-22T08:17:20.561Z","message":"worker tick","reason":"interval","openclaw":true}
{"ts":"2026-06-22T08:17:21.812Z","message":"aria health checked","bad":0}
{"ts":"2026-06-22T08:32:26.998Z","message":"worker tick","reason":"interval","openclaw":true}
{"ts":"2026-06-22T08:32:28.274Z","message":"aria health checked","bad":0}
{"ts":"2026-06-22T08:32:28.320Z","message":"lead scan complete","count":0,"newCount":0,"openclawUsed":0}
{"ts":"2026-06-22T08:32:29.334Z","message":"operating board updated","file":"C:\\Users\\Ahmad Wasee\\Documents\\GitHub\\ARIA — Real-Time AI Assistant\\iisupp-net-deploy\\senior-director-state\\director-operating-board.md"}
{"ts":"2026-06-22T08:32:33.916Z","message":"openclaw mission brief attempted","ok":false,"code":1}
{"ts":"2026-06-22T08:47:38.976Z","message":"worker tick","reason":"interval","openclaw":true}
{"ts":"2026-06-22T08:47:40.050Z","message":"aria health checked","bad":0}
{"ts":"2026-06-22T09:02:45.237Z","message":"worker tick","reason":"interval","openclaw":true}
{"ts":"2026-06-22T09:02:46.500Z","message":"aria health checked","bad":0}
{"ts":"2026-06-22T09:02:46.571Z","message":"operating board updated","file":"C:\\Users\\Ahmad Wasee\\Documents\\GitHub\\ARIA — Real-Time AI Assistant\\iisupp-net-deploy\\senior-director-state\\director-operating-board.md"}
{"ts":"2026-06-22T14:56:03.654Z","message":"worker tick","reason":"daemon","openclaw":true}
{"ts":"2026-06-22T14:56:04.759Z","message":"aria health checked","bad":0}
{"ts":"2026-06-22T14:56:04.792Z","message":"lead scan complete","count":1,"newCount":1,"openclawUsed":0}
{"ts":"2026-06-22T14:56:04.874Z","message":"operating board updated","file":"C:\\Users\\Ahmad Wasee\\Documents\\GitHub\\ARIA — Real-Time AI Assistant\\iisupp-net-deploy\\senior-director-state\\director-operating-board.md"}
{"ts":"2026-06-22T14:56:09.953Z","message":"openclaw mission brief attempted","ok":false,"code":1}
{"ts":"2026-06-22T15:11:15.383Z","message":"worker tick","reason":"interval","openclaw":true}
{"ts":"2026-06-22T15:11:16.619Z","message":"aria health checked","bad":0}
{"ts":"2026-06-22T15:26:21.212Z","message":"worker tick","reason":"interval","openclaw":true}
{"ts":"2026-06-22T15:26:22.374Z","message":"aria health checked","bad":0}
{"ts":"2026-06-22T15:26:22.436Z","message":"operating board updated","file":"C:\\Users\\Ahmad Wasee\\Documents\\GitHub\\ARIA — Real-Time AI Assistant\\iisupp-net-deploy\\senior-director-state\\director-operating-board.md"}
{"ts":"2026-06-22T15:41:27.279Z","message":"worker tick","reason":"interval","openclaw":true}
{"ts":"2026-06-22T15:41:28.498Z","message":"aria health checked","bad":0}
{"ts":"2026-06-22T15:56:33.326Z","message":"worker tick","reason":"interval","openclaw":true}
{"ts":"2026-06-22T15:56:34.572Z","message":"aria health checked","bad":0}
{"ts":"2026-06-22T15:56:34.617Z","message":"lead scan complete","count":1,"newCount":0,"openclawUsed":0}
{"ts":"2026-06-22T15:56:34.868Z","message":"operating board updated","file":"C:\\Users\\Ahmad Wasee\\Documents\\GitHub\\ARIA — Real-Time AI Assistant\\iisupp-net-deploy\\senior-director-state\\director-operating-board.md"}
{"ts":"2026-06-22T16:11:39.358Z","message":"worker tick","reason":"interval","openclaw":true}
{"ts":"2026-06-22T16:11:41.175Z","message":"aria health checked","bad":0}
{"ts":"2026-06-22T16:26:45.812Z","message":"worker tick","reason":"interval","openclaw":true}
{"ts":"2026-06-22T16:26:47.006Z","message":"aria health checked","bad":0}
{"ts":"2026-06-22T16:26:47.099Z","message":"operating board updated","file":"C:\\Users\\Ahmad Wasee\\Documents\\GitHub\\ARIA — Real-Time AI Assistant\\iisupp-net-deploy\\senior-director-state\\director-operating-board.md"}
{"ts":"2026-06-22T16:41:52.341Z","message":"worker tick","reason":"interval","openclaw":true}
{"ts":"2026-06-22T16:41:53.598Z","message":"aria health checked","bad":0}
{"ts":"2026-06-22T16:56:58.313Z","message":"worker tick","reason":"interval","openclaw":true}
{"ts":"2026-06-22T16:56:59.880Z","message":"aria health checked","bad":0}
{"ts":"2026-06-22T16:56:59.911Z","message":"lead scan complete","count":2,"newCount":1,"openclawUsed":0}
{"ts":"2026-06-22T16:57:00.178Z","message":"operating board updated","file":"C:\\Users\\Ahmad Wasee\\Documents\\GitHub\\ARIA — Real-Time AI Assistant\\iisupp-net-deploy\\senior-director-state\\director-operating-board.md"}
{"ts":"2026-06-22T16:57:03.411Z","message":"openclaw mission brief attempted","ok":false,"code":1}
{"ts":"2026-06-22T17:12:07.992Z","message":"worker tick","reason":"interval","openclaw":true}
{"ts":"2026-06-22T17:12:09.364Z","message":"aria health checked","bad":0}
{"ts":"2026-06-22T17:27:14.352Z","message":"worker tick","reason":"interval","openclaw":true}
{"ts":"2026-06-22T17:27:15.579Z","message":"aria health checked","bad":0}
{"ts":"2026-06-22T17:27:17.907Z","message":"mcp registry scan complete","count":416,"unique":199,"recommended":12}
{"ts":"2026-06-22T17:27:17.970Z","message":"operating board updated","file":"C:\\Users\\Ahmad Wasee\\Documents\\GitHub\\ARIA — Real-Time AI Assistant\\iisupp-net-deploy\\senior-director-state\\director-operating-board.md"}
{"ts":"2026-06-22T17:42:22.963Z","message":"worker tick","reason":"interval","openclaw":true}
{"ts":"2026-06-22T17:42:24.129Z","message":"aria health checked","bad":0}
{"ts":"2026-06-22T17:57:29.508Z","message":"worker tick","reason":"interval","openclaw":true}
{"ts":"2026-06-22T17:57:30.779Z","message":"aria health checked","bad":0}
{"ts":"2026-06-22T17:57:30.820Z","message":"lead scan complete","count":2,"newCount":0,"openclawUsed":0}
{"ts":"2026-06-22T17:57:30.895Z","message":"operating board updated","file":"C:\\Users\\Ahmad Wasee\\Documents\\GitHub\\ARIA — Real-Time AI Assistant\\iisupp-net-deploy\\senior-director-state\\director-operating-board.md"}
{"ts":"2026-06-22T18:12:35.767Z","message":"worker tick","reason":"interval","openclaw":true}
{"ts":"2026-06-22T18:12:36.996Z","message":"aria health checked","bad":0}
{"ts":"2026-06-22T18:27:41.800Z","message":"worker tick","reason":"interval","openclaw":true}
{"ts":"2026-06-22T18:27:43.097Z","message":"aria health checked","bad":0}
{"ts":"2026-06-22T18:27:43.362Z","message":"operating board updated","file":"C:\\Users\\Ahmad Wasee\\Documents\\GitHub\\ARIA — Real-Time AI Assistant\\iisupp-net-deploy\\senior-director-state\\director-operating-board.md"}
{"ts":"2026-06-22T18:42:49.034Z","message":"worker tick","reason":"interval","openclaw":true}
{"ts":"2026-06-22T18:42:50.194Z","message":"aria health checked","bad":0}
{"ts":"2026-06-22T18:57:55.639Z","message":"worker tick","reason":"interval","openclaw":true}
{"ts":"2026-06-22T18:57:57.019Z","message":"aria health checked","bad":0}
{"ts":"2026-06-22T18:57:57.064Z","message":"lead scan complete","count":2,"newCount":0,"openclawUsed":0}
{"ts":"2026-06-22T18:57:57.135Z","message":"operating board updated","file":"C:\\Users\\Ahmad Wasee\\Documents\\GitHub\\ARIA — Real-Time AI Assistant\\iisupp-net-deploy\\senior-director-state\\director-operating-board.md"}
{"ts":"2026-06-22T18:58:00.909Z","message":"openclaw mission brief attempted","ok":false,"code":1}
{"ts":"2026-06-22T19:13:06.111Z","message":"worker tick","reason":"interval","openclaw":true}
{"ts":"2026-06-22T19:13:07.494Z","message":"aria health checked","bad":0}
{"ts":"2026-06-22T19:28:12.537Z","message":"worker tick","reason":"interval","openclaw":true}
{"ts":"2026-06-22T19:28:14.354Z","message":"aria health checked","bad":0}
{"ts":"2026-06-22T19:28:14.423Z","message":"operating board updated","file":"C:\\Users\\Ahmad Wasee\\Documents\\GitHub\\ARIA — Real-Time AI Assistant\\iisupp-net-deploy\\senior-director-state\\director-operating-board.md"}
{"ts":"2026-06-22T19:43:19.632Z","message":"worker tick","reason":"interval","openclaw":true}
{"ts":"2026-06-22T19:43:20.896Z","message":"aria health checked","bad":0}
{"ts":"2026-06-22T19:58:26.009Z","message":"worker tick","reason":"interval","openclaw":true}
{"ts":"2026-06-22T19:58:27.378Z","message":"aria health checked","bad":0}
{"ts":"2026-06-22T19:58:27.414Z","message":"lead scan complete","count":2,"newCount":0,"openclawUsed":0}
{"ts":"2026-06-22T19:58:27.474Z","message":"operating board updated","file":"C:\\Users\\Ahmad Wasee\\Documents\\GitHub\\ARIA — Real-Time AI Assistant\\iisupp-net-deploy\\senior-director-state\\director-operating-board.md"}
{"ts":"2026-06-22T20:13:32.702Z","message":"worker tick","reason":"interval","openclaw":true}
{"ts":"2026-06-22T20:13:34.070Z","message":"aria health checked","bad":0}
{"ts":"2026-06-22T20:28:39.362Z","message":"worker tick","reason":"interval","openclaw":true}
{"ts":"2026-06-22T20:28:40.922Z","message":"aria health checked","bad":0}
{"ts":"2026-06-22T20:28:41.867Z","message":"operating board updated","file":"C:\\Users\\Ahmad Wasee\\Documents\\GitHub\\ARIA — Real-Time AI Assistant\\iisupp-net-deploy\\senior-director-state\\director-operating-board.md"}
{"ts":"2026-06-22T20:43:46.939Z","message":"worker tick","reason":"interval","openclaw":true}
{"ts":"2026-06-22T20:43:48.325Z","message":"aria health checked","bad":0}
{"ts":"2026-06-22T20:58:53.601Z","message":"worker tick","reason":"interval","openclaw":true}
{"ts":"2026-06-22T20:58:55.002Z","message":"aria health checked","bad":0}
{"ts":"2026-06-22T20:58:55.040Z","message":"lead scan complete","count":3,"newCount":1,"openclawUsed":0}
{"ts":"2026-06-22T20:58:55.647Z","message":"operating board updated","file":"C:\\Users\\Ahmad Wasee\\Documents\\GitHub\\ARIA — Real-Time AI Assistant\\iisupp-net-deploy\\senior-director-state\\director-operating-board.md"}
{"ts":"2026-06-22T20:58:59.932Z","message":"openclaw mission brief attempted","ok":false,"code":1}
{"ts":"2026-06-22T21:14:05.099Z","message":"worker tick","reason":"interval","openclaw":true}
{"ts":"2026-06-22T21:14:06.763Z","message":"aria health checked","bad":0}
{"ts":"2026-06-22T21:29:12.037Z","message":"worker tick","reason":"interval","openclaw":true}
{"ts":"2026-06-22T21:29:13.763Z","message":"aria health checked","bad":0}
{"ts":"2026-06-22T21:29:14.044Z","message":"operating board updated","file":"C:\\Users\\Ahmad Wasee\\Documents\\GitHub\\ARIA — Real-Time AI Assistant\\iisupp-net-deploy\\senior-director-state\\director-operating-board.md"}
{"ts":"2026-06-22T21:44:19.038Z","message":"worker tick","reason":"interval","openclaw":true}
{"ts":"2026-06-22T21:44:20.462Z","message":"aria health checked","bad":0}
{"ts":"2026-06-22T21:59:26.114Z","message":"worker tick","reason":"interval","openclaw":true}
{"ts":"2026-06-22T21:59:27.501Z","message":"aria health checked","bad":0}
{"ts":"2026-06-22T21:59:27.537Z","message":"lead scan complete","count":3,"newCount":0,"openclawUsed":0}
{"ts":"2026-06-22T21:59:27.614Z","message":"operating board updated","file":"C:\\Users\\Ahmad Wasee\\Documents\\GitHub\\ARIA — Real-Time AI Assistant\\iisupp-net-deploy\\senior-director-state\\director-operating-board.md"}
{"ts":"2026-06-22T22:14:32.636Z","message":"worker tick","reason":"interval","openclaw":true}
{"ts":"2026-06-22T22:14:33.854Z","message":"aria health checked","bad":0}
{"ts":"2026-06-22T22:29:38.857Z","message":"worker tick","reason":"interval","openclaw":true}
{"ts":"2026-06-22T22:29:40.275Z","message":"aria health checked","bad":0}
{"ts":"2026-06-22T22:29:40.355Z","message":"operating board updated","file":"C:\\Users\\Ahmad Wasee\\Documents\\GitHub\\ARIA — Real-Time AI Assistant\\iisupp-net-deploy\\senior-director-state\\director-operating-board.md"}
{"ts":"2026-06-22T22:44:45.111Z","message":"worker tick","reason":"interval","openclaw":true}
{"ts":"2026-06-22T22:44:46.389Z","message":"aria health checked","bad":0}
{"ts":"2026-06-22T22:59:51.322Z","message":"worker tick","reason":"interval","openclaw":true}
{"ts":"2026-06-22T22:59:52.582Z","message":"aria health checked","bad":0}
{"ts":"2026-06-22T22:59:52.621Z","message":"lead scan complete","count":4,"newCount":1,"openclawUsed":0}
{"ts":"2026-06-22T22:59:52.690Z","message":"operating board updated","file":"C:\\Users\\Ahmad Wasee\\Documents\\GitHub\\ARIA — Real-Time AI Assistant\\iisupp-net-deploy\\senior-director-state\\director-operating-board.md"}
{"ts":"2026-06-22T22:59:56.227Z","message":"openclaw mission brief attempted","ok":false,"code":1}
{"ts":"2026-06-22T23:15:01.280Z","message":"worker tick","reason":"interval","openclaw":true}
{"ts":"2026-06-22T23:15:02.369Z","message":"aria health checked","bad":0}
{"ts":"2026-06-22T23:30:07.532Z","message":"worker tick","reason":"interval","openclaw":true}
{"ts":"2026-06-22T23:30:08.820Z","message":"aria health checked","bad":0}
{"ts":"2026-06-22T23:30:08.900Z","message":"operating board updated","file":"C:\\Users\\Ahmad Wasee\\Documents\\GitHub\\ARIA — Real-Time AI Assistant\\iisupp-net-deploy\\senior-director-state\\director-operating-board.md"}
{"ts":"2026-06-22T23:45:13.894Z","message":"worker tick","reason":"interval","openclaw":true}
{"ts":"2026-06-22T23:45:15.312Z","message":"aria health checked","bad":0}
{"ts":"2026-06-23T00:00:20.167Z","message":"worker tick","reason":"interval","openclaw":true}
{"ts":"2026-06-23T00:00:21.405Z","message":"aria health checked","bad":0}
{"ts":"2026-06-23T00:00:21.445Z","message":"lead scan complete","count":4,"newCount":0,"openclawUsed":0}
{"ts":"2026-06-23T00:00:21.515Z","message":"operating board updated","file":"C:\\Users\\Ahmad Wasee\\Documents\\GitHub\\ARIA — Real-Time AI Assistant\\iisupp-net-deploy\\senior-director-state\\director-operating-board.md"}
{"ts":"2026-06-23T00:15:26.567Z","message":"worker tick","reason":"interval","openclaw":true}
{"ts":"2026-06-23T00:15:27.872Z","message":"aria health checked","bad":0}
{"ts":"2026-06-23T00:30:32.932Z","message":"worker tick","reason":"interval","openclaw":true}
{"ts":"2026-06-23T00:30:34.090Z","message":"aria health checked","bad":0}
{"ts":"2026-06-23T00:30:34.169Z","message":"operating board updated","file":"C:\\Users\\Ahmad Wasee\\Documents\\GitHub\\ARIA — Real-Time AI Assistant\\iisupp-net-deploy\\senior-director-state\\director-operating-board.md"}
{"ts":"2026-06-23T00:45:39.760Z","message":"worker tick","reason":"interval","openclaw":true}
{"ts":"2026-06-23T00:45:41.155Z","message":"aria health checked","bad":0}
{"ts":"2026-06-23T01:00:46.620Z","message":"worker tick","reason":"interval","openclaw":true}
{"ts":"2026-06-23T01:00:48.084Z","message":"aria health checked","bad":0}
{"ts":"2026-06-23T01:00:48.119Z","message":"lead scan complete","count":4,"newCount":0,"openclawUsed":0}
{"ts":"2026-06-23T01:00:48.191Z","message":"operating board updated","file":"C:\\Users\\Ahmad Wasee\\Documents\\GitHub\\ARIA — Real-Time AI Assistant\\iisupp-net-deploy\\senior-director-state\\director-operating-board.md"}
{"ts":"2026-06-23T01:00:51.556Z","message":"openclaw mission brief attempted","ok":false,"code":1}
{"ts":"2026-06-23T01:15:57.058Z","message":"worker tick","reason":"interval","openclaw":true}
{"ts":"2026-06-23T01:15:58.428Z","message":"aria health checked","bad":0}
{"ts":"2026-06-23T01:31:02.995Z","message":"worker tick","reason":"interval","openclaw":true}
{"ts":"2026-06-23T01:31:04.398Z","message":"aria health checked","bad":0}
{"ts":"2026-06-23T01:31:04.468Z","message":"operating board updated","file":"C:\\Users\\Ahmad Wasee\\Documents\\GitHub\\ARIA — Real-Time AI Assistant\\iisupp-net-deploy\\senior-director-state\\director-operating-board.md"}
{"ts":"2026-06-23T01:46:10.024Z","message":"worker tick","reason":"interval","openclaw":true}
{"ts":"2026-06-23T01:46:11.274Z","message":"aria health checked","bad":0}
{"ts":"2026-06-23T02:01:16.665Z","message":"worker tick","reason":"interval","openclaw":true}
{"ts":"2026-06-23T02:01:17.914Z","message":"aria health checked","bad":0}
{"ts":"2026-06-23T02:01:18.005Z","message":"lead scan complete","count":4,"newCount":0,"openclawUsed":0}
{"ts":"2026-06-23T02:01:18.082Z","message":"operating board updated","file":"C:\\Users\\Ahmad Wasee\\Documents\\GitHub\\ARIA — Real-Time AI Assistant\\iisupp-net-deploy\\senior-director-state\\director-operating-board.md"}
{"ts":"2026-06-23T02:16:23.363Z","message":"worker tick","reason":"interval","openclaw":true}
{"ts":"2026-06-23T02:16:24.553Z","message":"aria health checked","bad":0}
{"ts":"2026-06-23T02:31:29.807Z","message":"worker tick","reason":"interval","openclaw":true}
{"ts":"2026-06-23T02:31:31.238Z","message":"aria health checked","bad":0}
{"ts":"2026-06-23T02:31:31.337Z","message":"operating board updated","file":"C:\\Users\\Ahmad Wasee\\Documents\\GitHub\\ARIA — Real-Time AI Assistant\\iisupp-net-deploy\\senior-director-state\\director-operating-board.md"}
{"ts":"2026-06-23T02:46:36.459Z","message":"worker tick","reason":"interval","openclaw":true}
{"ts":"2026-06-23T02:46:37.763Z","message":"aria health checked","bad":0}
{"ts":"2026-06-23T03:01:43.385Z","message":"worker tick","reason":"interval","openclaw":true}
{"ts":"2026-06-23T03:01:44.577Z","message":"aria health checked","bad":0}
{"ts":"2026-06-23T03:01:44.607Z","message":"lead scan complete","count":4,"newCount":0,"openclawUsed":0}
{"ts":"2026-06-23T03:01:44.684Z","message":"operating board updated","file":"C:\\Users\\Ahmad Wasee\\Documents\\GitHub\\ARIA — Real-Time AI Assistant\\iisupp-net-deploy\\senior-director-state\\director-operating-board.md"}
{"ts":"2026-06-23T03:01:48.658Z","message":"openclaw mission brief attempted","ok":false,"code":1}
{"ts":"2026-06-23T03:16:54.483Z","message":"worker tick","reason":"interval","openclaw":true}
{"ts":"2026-06-23T03:16:55.929Z","message":"aria health checked","bad":0}
{"ts":"2026-06-23T03:32:01.142Z","message":"worker tick","reason":"interval","openclaw":true}
{"ts":"2026-06-23T03:32:02.592Z","message":"aria health checked","bad":0}
{"ts":"2026-06-23T03:32:02.685Z","message":"operating board updated","file":"C:\\Users\\Ahmad Wasee\\Documents\\GitHub\\ARIA — Real-Time AI Assistant\\iisupp-net-deploy\\senior-director-state\\director-operating-board.md"}
{"ts":"2026-06-23T03:47:07.843Z","message":"worker tick","reason":"interval","openclaw":true}
{"ts":"2026-06-23T03:47:09.466Z","message":"aria health checked","bad":0}
{"ts":"2026-06-23T04:02:14.442Z","message":"worker tick","reason":"interval","openclaw":true}
{"ts":"2026-06-23T04:02:15.992Z","message":"aria health checked","bad":0}
{"ts":"2026-06-23T04:02:16.023Z","message":"lead scan complete","count":4,"newCount":0,"openclawUsed":0}
{"ts":"2026-06-23T04:02:16.094Z","message":"operating board updated","file":"C:\\Users\\Ahmad Wasee\\Documents\\GitHub\\ARIA — Real-Time AI Assistant\\iisupp-net-deploy\\senior-director-state\\director-operating-board.md"}
{"ts":"2026-06-23T04:17:21.292Z","message":"worker tick","reason":"interval","openclaw":true}
{"ts":"2026-06-23T04:17:22.469Z","message":"aria health checked","bad":0}
{"ts":"2026-06-23T04:32:27.662Z","message":"worker tick","reason":"interval","openclaw":true}
{"ts":"2026-06-23T04:32:29.057Z","message":"aria health checked","bad":0}
{"ts":"2026-06-23T04:32:29.141Z","message":"operating board updated","file":"C:\\Users\\Ahmad Wasee\\Documents\\GitHub\\ARIA — Real-Time AI Assistant\\iisupp-net-deploy\\senior-director-state\\director-operating-board.md"}
{"ts":"2026-06-23T04:47:34.218Z","message":"worker tick","reason":"interval","openclaw":true}
{"ts":"2026-06-23T04:47:35.308Z","message":"aria health checked","bad":0}
{"ts":"2026-06-23T05:02:40.182Z","message":"worker tick","reason":"interval","openclaw":true}
{"ts":"2026-06-23T05:02:41.557Z","message":"aria health checked","bad":0}
{"ts":"2026-06-23T05:02:41.589Z","message":"lead scan complete","count":4,"newCount":0,"openclawUsed":0}
{"ts":"2026-06-23T05:02:41.661Z","message":"operating board updated","file":"C:\\Users\\Ahmad Wasee\\Documents\\GitHub\\ARIA — Real-Time AI Assistant\\iisupp-net-deploy\\senior-director-state\\director-operating-board.md"}
{"ts":"2026-06-23T05:02:44.802Z","message":"openclaw mission brief attempted","ok":false,"code":1}
{"ts":"2026-06-23T05:17:49.743Z","message":"worker tick","reason":"interval","openclaw":true}
{"ts":"2026-06-23T05:17:51.655Z","message":"aria health checked","bad":0}
{"ts":"2026-06-23T05:32:56.995Z","message":"worker tick","reason":"interval","openclaw":true}
{"ts":"2026-06-23T05:32:58.442Z","message":"aria health checked","bad":0}
{"ts":"2026-06-23T05:32:58.520Z","message":"operating board updated","file":"C:\\Users\\Ahmad Wasee\\Documents\\GitHub\\ARIA — Real-Time AI Assistant\\iisupp-net-deploy\\senior-director-state\\director-operating-board.md"}
{"ts":"2026-06-23T05:48:03.496Z","message":"worker tick","reason":"interval","openclaw":true}
{"ts":"2026-06-23T05:48:04.901Z","message":"aria health checked","bad":0}
{"ts":"2026-06-23T06:03:09.883Z","message":"worker tick","reason":"interval","openclaw":true}
{"ts":"2026-06-23T06:03:11.237Z","message":"aria health checked","bad":0}
{"ts":"2026-06-23T06:03:11.276Z","message":"lead scan complete","count":4,"newCount":0,"openclawUsed":0}
{"ts":"2026-06-23T06:03:11.351Z","message":"operating board updated","file":"C:\\Users\\Ahmad Wasee\\Documents\\GitHub\\ARIA — Real-Time AI Assistant\\iisupp-net-deploy\\senior-director-state\\director-operating-board.md"}
{"ts":"2026-06-23T06:18:16.139Z","message":"worker tick","reason":"interval","openclaw":true}
{"ts":"2026-06-23T06:18:17.291Z","message":"aria health checked","bad":0}
{"ts":"2026-06-23T06:33:22.154Z","message":"worker tick","reason":"interval","openclaw":true}
{"ts":"2026-06-23T06:33:23.304Z","message":"aria health checked","bad":0}
{"ts":"2026-06-23T06:33:23.375Z","message":"operating board updated","file":"C:\\Users\\Ahmad Wasee\\Documents\\GitHub\\ARIA — Real-Time AI Assistant\\iisupp-net-deploy\\senior-director-state\\director-operating-board.md"}
{"ts":"2026-06-23T06:48:28.338Z","message":"worker tick","reason":"interval","openclaw":true}
{"ts":"2026-06-23T06:48:29.618Z","message":"aria health checked","bad":0}
{"ts":"2026-06-23T07:03:35.695Z","message":"worker tick","reason":"interval","openclaw":true}
{"ts":"2026-06-23T07:03:37.043Z","message":"aria health checked","bad":0}
{"ts":"2026-06-23T07:03:37.077Z","message":"lead scan complete","count":4,"newCount":0,"openclawUsed":0}
{"ts":"2026-06-23T07:03:37.149Z","message":"operating board updated","file":"C:\\Users\\Ahmad Wasee\\Documents\\GitHub\\ARIA — Real-Time AI Assistant\\iisupp-net-deploy\\senior-director-state\\director-operating-board.md"}
{"ts":"2026-06-23T07:03:41.313Z","message":"openclaw mission brief attempted","ok":false,"code":1}
{"ts":"2026-06-23T07:18:45.770Z","message":"worker tick","reason":"interval","openclaw":true}
{"ts":"2026-06-23T07:18:47.130Z","message":"aria health checked","bad":0}
{"ts":"2026-06-23T07:33:51.403Z","message":"worker tick","reason":"interval","openclaw":true}
{"ts":"2026-06-23T07:33:52.679Z","message":"aria health checked","bad":0}
{"ts":"2026-06-23T07:33:52.762Z","message":"operating board updated","file":"C:\\Users\\Ahmad Wasee\\Documents\\GitHub\\ARIA — Real-Time AI Assistant\\iisupp-net-deploy\\senior-director-state\\director-operating-board.md"}
{"ts":"2026-06-23T07:48:57.201Z","message":"worker tick","reason":"interval","openclaw":true}
{"ts":"2026-06-23T07:48:58.601Z","message":"aria health checked","bad":0}
{"ts":"2026-06-23T08:04:02.486Z","message":"worker tick","reason":"interval","openclaw":true}
{"ts":"2026-06-23T08:04:03.737Z","message":"aria health checked","bad":0}
{"ts":"2026-06-23T08:04:03.770Z","message":"lead scan complete","count":4,"newCount":0,"openclawUsed":0}
{"ts":"2026-06-23T08:04:03.833Z","message":"operating board updated","file":"C:\\Users\\Ahmad Wasee\\Documents\\GitHub\\ARIA — Real-Time AI Assistant\\iisupp-net-deploy\\senior-director-state\\director-operating-board.md"}
{"ts":"2026-06-23T08:19:08.135Z","message":"worker tick","reason":"interval","openclaw":true}
{"ts":"2026-06-23T08:19:09.496Z","message":"aria health checked","bad":0}
{"ts":"2026-06-23T08:34:13.562Z","message":"worker tick","reason":"interval","openclaw":true}
{"ts":"2026-06-23T08:34:14.771Z","message":"aria health checked","bad":0}
{"ts":"2026-06-23T08:34:14.846Z","message":"operating board updated","file":"C:\\Users\\Ahmad Wasee\\Documents\\GitHub\\ARIA — Real-Time AI Assistant\\iisupp-net-deploy\\senior-director-state\\director-operating-board.md"}
{"ts":"2026-06-23T08:49:19.035Z","message":"worker tick","reason":"interval","openclaw":true}
{"ts":"2026-06-23T08:49:20.476Z","message":"aria health checked","bad":0}
{"ts":"2026-06-23T09:04:24.614Z","message":"worker tick","reason":"interval","openclaw":true}
{"ts":"2026-06-23T09:04:26.017Z","message":"aria health checked","bad":0}
{"ts":"2026-06-23T09:04:26.069Z","message":"lead scan complete","count":4,"newCount":0,"openclawUsed":0}
{"ts":"2026-06-23T09:04:26.148Z","message":"operating board updated","file":"C:\\Users\\Ahmad Wasee\\Documents\\GitHub\\ARIA — Real-Time AI Assistant\\iisupp-net-deploy\\senior-director-state\\director-operating-board.md"}
{"ts":"2026-06-23T09:04:29.426Z","message":"openclaw mission brief attempted","ok":false,"code":1}
{"ts":"2026-06-23T09:19:33.701Z","message":"worker tick","reason":"interval","openclaw":true}
{"ts":"2026-06-23T09:19:34.918Z","message":"aria health checked","bad":0}
{"ts":"2026-06-23T09:34:39.761Z","message":"worker tick","reason":"interval","openclaw":true}
{"ts":"2026-06-23T09:34:41.094Z","message":"aria health checked","bad":0}
{"ts":"2026-06-23T09:34:41.162Z","message":"operating board updated","file":"C:\\Users\\Ahmad Wasee\\Documents\\GitHub\\ARIA — Real-Time AI Assistant\\iisupp-net-deploy\\senior-director-state\\director-operating-board.md"}
{"ts":"2026-06-23T09:49:45.111Z","message":"worker tick","reason":"interval","openclaw":true}
{"ts":"2026-06-23T09:49:46.484Z","message":"aria health checked","bad":0}
{"ts":"2026-06-23T10:04:50.869Z","message":"worker tick","reason":"interval","openclaw":true}
{"ts":"2026-06-23T10:04:52.024Z","message":"aria health checked","bad":0}
{"ts":"2026-06-23T10:04:52.055Z","message":"lead scan complete","count":4,"newCount":0,"openclawUsed":0}
{"ts":"2026-06-23T10:04:52.128Z","message":"operating board updated","file":"C:\\Users\\Ahmad Wasee\\Documents\\GitHub\\ARIA — Real-Time AI Assistant\\iisupp-net-deploy\\senior-director-state\\director-operating-board.md"}
{"ts":"2026-06-23T10:19:56.389Z","message":"worker tick","reason":"interval","openclaw":true}
{"ts":"2026-06-23T10:19:57.968Z","message":"aria health checked","bad":0}
{"ts":"2026-06-23T10:35:02.766Z","message":"worker tick","reason":"interval","openclaw":true}
{"ts":"2026-06-23T10:35:03.873Z","message":"aria health checked","bad":0}
{"ts":"2026-06-23T10:35:03.952Z","message":"operating board updated","file":"C:\\Users\\Ahmad Wasee\\Documents\\GitHub\\ARIA — Real-Time AI Assistant\\iisupp-net-deploy\\senior-director-state\\director-operating-board.md"}
{"ts":"2026-06-23T10:50:08.536Z","message":"worker tick","reason":"interval","openclaw":true}
{"ts":"2026-06-23T10:50:09.823Z","message":"aria health checked","bad":0}
{"ts":"2026-06-23T11:05:14.589Z","message":"worker tick","reason":"interval","openclaw":true}
{"ts":"2026-06-23T11:05:15.862Z","message":"aria health checked","bad":0}
{"ts":"2026-06-23T11:05:15.980Z","message":"lead scan complete","count":2,"newCount":2,"openclawUsed":0}
{"ts":"2026-06-23T11:05:16.058Z","message":"operating board updated","file":"C:\\Users\\Ahmad Wasee\\Documents\\GitHub\\ARIA — Real-Time AI Assistant\\iisupp-net-deploy\\senior-director-state\\director-operating-board.md"}
{"ts":"2026-06-23T11:05:19.742Z","message":"openclaw mission brief attempted","ok":false,"code":1}
{"ts":"2026-06-23T11:20:24.517Z","message":"worker tick","reason":"interval","openclaw":true}
{"ts":"2026-06-23T11:20:25.743Z","message":"aria health checked","bad":0}
{"ts":"2026-06-23T11:35:30.749Z","message":"worker tick","reason":"interval","openclaw":true}
{"ts":"2026-06-23T11:35:31.996Z","message":"aria health checked","bad":0}
{"ts":"2026-06-23T11:35:32.074Z","message":"operating board updated","file":"C:\\Users\\Ahmad Wasee\\Documents\\GitHub\\ARIA — Real-Time AI Assistant\\iisupp-net-deploy\\senior-director-state\\director-operating-board.md"}
{"ts":"2026-06-23T11:50:36.355Z","message":"worker tick","reason":"interval","openclaw":true}
{"ts":"2026-06-23T11:50:37.647Z","message":"aria health checked","bad":0}
{"ts":"2026-06-23T12:05:41.982Z","message":"worker tick","reason":"interval","openclaw":true}
{"ts":"2026-06-23T12:05:43.106Z","message":"aria health checked","bad":0}
{"ts":"2026-06-23T12:05:43.204Z","message":"lead scan complete","count":2,"newCount":0,"openclawUsed":0}
{"ts":"2026-06-23T12:05:43.281Z","message":"operating board updated","file":"C:\\Users\\Ahmad Wasee\\Documents\\GitHub\\ARIA — Real-Time AI Assistant\\iisupp-net-deploy\\senior-director-state\\director-operating-board.md"}
{"ts":"2026-06-23T12:20:48.366Z","message":"worker tick","reason":"interval","openclaw":true}
{"ts":"2026-06-23T12:20:49.554Z","message":"aria health checked","bad":0}
{"ts":"2026-06-23T12:35:53.826Z","message":"worker tick","reason":"interval","openclaw":true}
{"ts":"2026-06-23T12:35:54.977Z","message":"aria health checked","bad":0}
{"ts":"2026-06-23T12:35:55.055Z","message":"operating board updated","file":"C:\\Users\\Ahmad Wasee\\Documents\\GitHub\\ARIA — Real-Time AI Assistant\\iisupp-net-deploy\\senior-director-state\\director-operating-board.md"}
{"ts":"2026-06-23T12:50:59.197Z","message":"worker tick","reason":"interval","openclaw":true}
{"ts":"2026-06-23T12:51:00.578Z","message":"aria health checked","bad":0}
{"ts":"2026-06-23T13:06:04.915Z","message":"worker tick","reason":"interval","openclaw":true}
{"ts":"2026-06-23T13:06:06.285Z","message":"aria health checked","bad":0}
{"ts":"2026-06-23T13:06:06.329Z","message":"lead scan complete","count":2,"newCount":0,"openclawUsed":0}
{"ts":"2026-06-23T13:06:06.405Z","message":"operating board updated","file":"C:\\Users\\Ahmad Wasee\\Documents\\GitHub\\ARIA — Real-Time AI Assistant\\iisupp-net-deploy\\senior-director-state\\director-operating-board.md"}
{"ts":"2026-06-23T13:06:10.755Z","message":"openclaw mission brief attempted","ok":false,"code":1}
{"ts":"2026-06-23T13:21:14.946Z","message":"worker tick","reason":"interval","openclaw":true}
{"ts":"2026-06-23T13:21:16.106Z","message":"aria health checked","bad":0}
{"ts":"2026-06-23T13:36:20.412Z","message":"worker tick","reason":"interval","openclaw":true}
{"ts":"2026-06-23T13:36:21.463Z","message":"aria health checked","bad":0}
{"ts":"2026-06-23T13:36:21.839Z","message":"operating board updated","file":"C:\\Users\\Ahmad Wasee\\Documents\\GitHub\\ARIA — Real-Time AI Assistant\\iisupp-net-deploy\\senior-director-state\\director-operating-board.md"}
{"ts":"2026-06-23T13:51:25.941Z","message":"worker tick","reason":"interval","openclaw":true}
{"ts":"2026-06-23T13:51:27.258Z","message":"aria health checked","bad":0}
{"ts":"2026-06-23T14:06:31.791Z","message":"worker tick","reason":"interval","openclaw":true}
{"ts":"2026-06-23T14:06:33.029Z","message":"aria health checked","bad":0}
{"ts":"2026-06-23T14:06:33.060Z","message":"lead scan complete","count":2,"newCount":0,"openclawUsed":0}
{"ts":"2026-06-23T14:06:33.134Z","message":"operating board updated","file":"C:\\Users\\Ahmad Wasee\\Documents\\GitHub\\ARIA — Real-Time AI Assistant\\iisupp-net-deploy\\senior-director-state\\director-operating-board.md"}
{"ts":"2026-06-23T14:21:37.695Z","message":"worker tick","reason":"interval","openclaw":true}
{"ts":"2026-06-23T14:21:38.935Z","message":"aria health checked","bad":0}
{"ts":"2026-06-23T14:36:43.072Z","message":"worker tick","reason":"interval","openclaw":true}
{"ts":"2026-06-23T14:36:44.231Z","message":"aria health checked","bad":0}
{"ts":"2026-06-23T14:36:44.315Z","message":"operating board updated","file":"C:\\Users\\Ahmad Wasee\\Documents\\GitHub\\ARIA — Real-Time AI Assistant\\iisupp-net-deploy\\senior-director-state\\director-operating-board.md"}
{"ts":"2026-06-23T14:51:48.716Z","message":"worker tick","reason":"interval","openclaw":true}
{"ts":"2026-06-23T14:51:49.976Z","message":"aria health checked","bad":0}
{"ts":"2026-06-23T15:06:54.359Z","message":"worker tick","reason":"interval","openclaw":true}
{"ts":"2026-06-23T15:06:55.750Z","message":"aria health checked","bad":0}
{"ts":"2026-06-23T15:06:55.782Z","message":"lead scan complete","count":2,"newCount":0,"openclawUsed":0}
{"ts":"2026-06-23T15:06:55.857Z","message":"operating board updated","file":"C:\\Users\\Ahmad Wasee\\Documents\\GitHub\\ARIA — Real-Time AI Assistant\\iisupp-net-deploy\\senior-director-state\\director-operating-board.md"}
{"ts":"2026-06-23T15:06:59.216Z","message":"openclaw mission brief attempted","ok":false,"code":1}
{"ts":"2026-06-23T15:22:03.729Z","message":"worker tick","reason":"interval","openclaw":true}
{"ts":"2026-06-23T15:22:05.031Z","message":"aria health checked","bad":0}
{"ts":"2026-06-23T15:37:09.439Z","message":"worker tick","reason":"interval","openclaw":true}
{"ts":"2026-06-23T15:37:10.702Z","message":"aria health checked","bad":0}
{"ts":"2026-06-23T15:37:10.786Z","message":"operating board updated","file":"C:\\Users\\Ahmad Wasee\\Documents\\GitHub\\ARIA — Real-Time AI Assistant\\iisupp-net-deploy\\senior-director-state\\director-operating-board.md"}
{"ts":"2026-06-23T15:52:14.883Z","message":"worker tick","reason":"interval","openclaw":true}
{"ts":"2026-06-23T15:52:16.152Z","message":"aria health checked","bad":0}
{"ts":"2026-06-23T16:07:20.936Z","message":"worker tick","reason":"interval","openclaw":true}
{"ts":"2026-06-23T16:07:22.213Z","message":"aria health checked","bad":0}
{"ts":"2026-06-23T16:07:22.246Z","message":"lead scan complete","count":2,"newCount":0,"openclawUsed":0}
{"ts":"2026-06-23T16:07:22.540Z","message":"operating board updated","file":"C:\\Users\\Ahmad Wasee\\Documents\\GitHub\\ARIA — Real-Time AI Assistant\\iisupp-net-deploy\\senior-director-state\\director-operating-board.md"}
{"ts":"2026-06-23T16:22:26.597Z","message":"worker tick","reason":"interval","openclaw":true}
{"ts":"2026-06-23T16:22:27.960Z","message":"aria health checked","bad":0}
{"ts":"2026-06-23T16:37:32.127Z","message":"worker tick","reason":"interval","openclaw":true}
{"ts":"2026-06-23T16:37:33.333Z","message":"aria health checked","bad":0}
{"ts":"2026-06-23T16:37:33.425Z","message":"operating board updated","file":"C:\\Users\\Ahmad Wasee\\Documents\\GitHub\\ARIA — Real-Time AI Assistant\\iisupp-net-deploy\\senior-director-state\\director-operating-board.md"}
{"ts":"2026-06-23T16:52:37.572Z","message":"worker tick","reason":"interval","openclaw":true}
{"ts":"2026-06-23T16:52:38.709Z","message":"aria health checked","bad":0}
{"ts":"2026-06-23T17:07:43.433Z","message":"worker tick","reason":"interval","openclaw":true}
{"ts":"2026-06-23T17:07:44.632Z","message":"aria health checked","bad":0}
{"ts":"2026-06-23T17:07:44.670Z","message":"lead scan complete","count":3,"newCount":1,"openclawUsed":0}
{"ts":"2026-06-23T17:07:44.742Z","message":"operating board updated","file":"C:\\Users\\Ahmad Wasee\\Documents\\GitHub\\ARIA — Real-Time AI Assistant\\iisupp-net-deploy\\senior-director-state\\director-operating-board.md"}
{"ts":"2026-06-23T17:07:47.971Z","message":"openclaw mission brief attempted","ok":false,"code":1}
{"ts":"2026-06-23T17:22:52.439Z","message":"worker tick","reason":"interval","openclaw":true}
{"ts":"2026-06-23T17:22:53.951Z","message":"aria health checked","bad":0}
{"ts":"2026-06-23T17:37:58.405Z","message":"worker tick","reason":"interval","openclaw":true}
{"ts":"2026-06-23T17:37:59.772Z","message":"aria health checked","bad":0}
{"ts":"2026-06-23T17:38:31.266Z","message":"worker tick failed","error":"AbortError: This operation was aborted"}
{"ts":"2026-06-23T17:53:35.677Z","message":"worker tick","reason":"interval","openclaw":true}
{"ts":"2026-06-23T17:53:36.939Z","message":"aria health checked","bad":0}
{"ts":"2026-06-23T17:54:06.952Z","message":"worker tick failed","error":"AbortError: This operation was aborted"}
{"ts":"2026-06-23T18:09:11.711Z","message":"worker tick","reason":"interval","openclaw":true}
{"ts":"2026-06-23T18:09:13.210Z","message":"aria health checked","bad":0}
{"ts":"2026-06-23T18:09:13.245Z","message":"lead scan complete","count":3,"newCount":0,"openclawUsed":0}
{"ts":"2026-06-23T18:09:44.508Z","message":"worker tick failed","error":"AbortError: This operation was aborted"}
{"ts":"2026-06-23T18:24:49.192Z","message":"worker tick","reason":"interval","openclaw":true}
{"ts":"2026-06-23T18:24:50.366Z","message":"aria health checked","bad":0}
{"ts":"2026-06-23T18:24:50.403Z","message":"lead scan complete","count":5,"newCount":2,"openclawUsed":0}
{"ts":"2026-06-23T18:25:20.411Z","message":"worker tick failed","error":"AbortError: This operation was aborted"}
{"ts":"2026-06-23T18:40:24.958Z","message":"worker tick","reason":"interval","openclaw":true}
{"ts":"2026-06-23T18:40:26.122Z","message":"aria health checked","bad":0}
{"ts":"2026-06-23T18:40:26.154Z","message":"lead scan complete","count":5,"newCount":0,"openclawUsed":0}
{"ts":"2026-06-23T18:40:56.159Z","message":"worker tick failed","error":"AbortError: This operation was aborted"}
{"ts":"2026-06-23T18:56:00.881Z","message":"worker tick","reason":"interval","openclaw":true}
{"ts":"2026-06-23T18:56:02.033Z","message":"aria health checked","bad":0}
{"ts":"2026-06-23T18:56:02.066Z","message":"lead scan complete","count":5,"newCount":0,"openclawUsed":0}
{"ts":"2026-06-23T18:56:32.718Z","message":"worker tick failed","error":"AbortError: This operation was aborted"}
{"ts":"2026-06-23T19:11:37.132Z","message":"worker tick","reason":"interval","openclaw":true}
{"ts":"2026-06-23T19:11:38.546Z","message":"aria health checked","bad":0}
{"ts":"2026-06-23T19:11:38.583Z","message":"lead scan complete","count":5,"newCount":0,"openclawUsed":0}
{"ts":"2026-06-23T19:12:08.593Z","message":"worker tick failed","error":"AbortError: This operation was aborted"}
{"ts":"2026-06-23T19:27:14.157Z","message":"worker tick","reason":"interval","openclaw":true}
{"ts":"2026-06-23T19:27:15.604Z","message":"aria health checked","bad":0}
{"ts":"2026-06-23T19:27:15.655Z","message":"lead scan complete","count":5,"newCount":0,"openclawUsed":0}
{"ts":"2026-06-23T19:27:45.660Z","message":"worker tick failed","error":"AbortError: This operation was aborted"}
{"ts":"2026-06-23T19:42:50.478Z","message":"worker tick","reason":"interval","openclaw":true}
{"ts":"2026-06-23T19:42:51.795Z","message":"aria health checked","bad":0}
{"ts":"2026-06-23T19:42:51.830Z","message":"lead scan complete","count":5,"newCount":0,"openclawUsed":0}
{"ts":"2026-06-23T19:43:13.845Z","message":"mcp registry scan complete","count":418,"unique":199,"recommended":12}
{"ts":"2026-06-23T19:43:13.935Z","message":"operating board updated","file":"C:\\Users\\Ahmad Wasee\\Documents\\GitHub\\ARIA — Real-Time AI Assistant\\iisupp-net-deploy\\senior-director-state\\director-operating-board.md"}
{"ts":"2026-06-23T19:43:18.638Z","message":"openclaw mission brief attempted","ok":false,"code":1}
{"ts":"2026-06-23T19:58:22.946Z","message":"worker tick","reason":"interval","openclaw":true}
{"ts":"2026-06-23T19:58:24.172Z","message":"aria health checked","bad":0}
{"ts":"2026-06-23T20:13:29.658Z","message":"worker tick","reason":"interval","openclaw":true}
{"ts":"2026-06-23T20:13:30.977Z","message":"aria health checked","bad":0}
{"ts":"2026-06-23T20:13:31.069Z","message":"operating board updated","file":"C:\\Users\\Ahmad Wasee\\Documents\\GitHub\\ARIA — Real-Time AI Assistant\\iisupp-net-deploy\\senior-director-state\\director-operating-board.md"}
{"ts":"2026-06-23T20:28:35.509Z","message":"worker tick","reason":"interval","openclaw":true}
{"ts":"2026-06-23T20:28:36.848Z","message":"aria health checked","bad":0}
{"ts":"2026-06-23T20:43:41.131Z","message":"worker tick","reason":"interval","openclaw":true}
{"ts":"2026-06-23T20:43:42.500Z","message":"aria health checked","bad":0}
{"ts":"2026-06-23T20:43:51.551Z","message":"openclaw lead brief attempted","ok":false,"lead":"W7714-258715-2 Artificial intelligence-enabled software development applied to information technologies","code":1}
{"ts":"2026-06-23T20:43:51.555Z","message":"lead scan complete","count":7,"newCount":2,"openclawUsed":1}
{"ts":"2026-06-23T20:43:51.625Z","message":"operating board updated","file":"C:\\Users\\Ahmad Wasee\\Documents\\GitHub\\ARIA — Real-Time AI Assistant\\iisupp-net-deploy\\senior-director-state\\director-operating-board.md"}
{"ts":"2026-06-23T20:58:55.885Z","message":"worker tick","reason":"interval","openclaw":true}
{"ts":"2026-06-23T20:58:57.263Z","message":"aria health checked","bad":0}
{"ts":"2026-06-23T21:14:01.898Z","message":"worker tick","reason":"interval","openclaw":true}
{"ts":"2026-06-23T21:14:03.410Z","message":"aria health checked","bad":0}
{"ts":"2026-06-23T21:14:03.481Z","message":"operating board updated","file":"C:\\Users\\Ahmad Wasee\\Documents\\GitHub\\ARIA — Real-Time AI Assistant\\iisupp-net-deploy\\senior-director-state\\director-operating-board.md"}
{"ts":"2026-06-23T21:29:07.476Z","message":"worker tick","reason":"interval","openclaw":true}
{"ts":"2026-06-23T21:29:08.882Z","message":"aria health checked","bad":0}
{"ts":"2026-06-23T21:44:12.796Z","message":"worker tick","reason":"interval","openclaw":true}
{"ts":"2026-06-23T21:44:14.031Z","message":"aria health checked","bad":0}
{"ts":"2026-06-23T21:44:14.123Z","message":"lead scan complete","count":7,"newCount":0,"openclawUsed":0}
{"ts":"2026-06-23T21:44:14.195Z","message":"operating board updated","file":"C:\\Users\\Ahmad Wasee\\Documents\\GitHub\\ARIA — Real-Time AI Assistant\\iisupp-net-deploy\\senior-director-state\\director-operating-board.md"}
{"ts":"2026-06-23T21:44:17.695Z","message":"openclaw mission brief attempted","ok":false,"code":1}
{"ts":"2026-06-23T21:59:22.612Z","message":"worker tick","reason":"interval","openclaw":true}
{"ts":"2026-06-23T21:59:23.911Z","message":"aria health checked","bad":0}
{"ts":"2026-06-23T22:14:28.199Z","message":"worker tick","reason":"interval","openclaw":true}
{"ts":"2026-06-23T22:14:29.674Z","message":"aria health checked","bad":0}
{"ts":"2026-06-23T22:14:29.749Z","message":"operating board updated","file":"C:\\Users\\Ahmad Wasee\\Documents\\GitHub\\ARIA — Real-Time AI Assistant\\iisupp-net-deploy\\senior-director-state\\director-operating-board.md"}
{"ts":"2026-06-23T22:29:34.126Z","message":"worker tick","reason":"interval","openclaw":true}
{"ts":"2026-06-23T22:29:35.534Z","message":"aria health checked","bad":0}
{"ts":"2026-06-23T22:44:40.253Z","message":"worker tick","reason":"interval","openclaw":true}
{"ts":"2026-06-23T22:44:41.693Z","message":"aria health checked","bad":0}
{"ts":"2026-06-23T22:44:41.788Z","message":"lead scan complete","count":7,"newCount":1,"openclawUsed":0}
{"ts":"2026-06-23T22:44:41.855Z","message":"operating board updated","file":"C:\\Users\\Ahmad Wasee\\Documents\\GitHub\\ARIA — Real-Time AI Assistant\\iisupp-net-deploy\\senior-director-state\\director-operating-board.md"}
{"ts":"2026-06-23T22:59:45.820Z","message":"worker tick","reason":"interval","openclaw":true}
{"ts":"2026-06-23T22:59:47.179Z","message":"aria health checked","bad":0}
{"ts":"2026-06-23T23:14:51.336Z","message":"worker tick","reason":"interval","openclaw":true}
{"ts":"2026-06-23T23:14:52.662Z","message":"aria health checked","bad":0}
{"ts":"2026-06-23T23:14:53.007Z","message":"operating board updated","file":"C:\\Users\\Ahmad Wasee\\Documents\\GitHub\\ARIA — Real-Time AI Assistant\\iisupp-net-deploy\\senior-director-state\\director-operating-board.md"}
{"ts":"2026-06-23T23:29:57.657Z","message":"worker tick","reason":"interval","openclaw":true}
{"ts":"2026-06-23T23:29:59.070Z","message":"aria health checked","bad":0}
{"ts":"2026-06-23T23:45:02.955Z","message":"worker tick","reason":"interval","openclaw":true}
{"ts":"2026-06-23T23:45:04.286Z","message":"aria health checked","bad":0}
{"ts":"2026-06-23T23:45:04.383Z","message":"lead scan complete","count":7,"newCount":0,"openclawUsed":0}
{"ts":"2026-06-23T23:45:04.454Z","message":"operating board updated","file":"C:\\Users\\Ahmad Wasee\\Documents\\GitHub\\ARIA — Real-Time AI Assistant\\iisupp-net-deploy\\senior-director-state\\director-operating-board.md"}
{"ts":"2026-06-23T23:45:08.174Z","message":"openclaw mission brief attempted","ok":false,"code":1}
{"ts":"2026-06-24T00:00:12.059Z","message":"worker tick","reason":"interval","openclaw":true}
{"ts":"2026-06-24T00:00:13.565Z","message":"aria health checked","bad":0}
{"ts":"2026-06-24T00:15:17.906Z","message":"worker tick","reason":"interval","openclaw":true}
{"ts":"2026-06-24T00:15:19.313Z","message":"aria health checked","bad":0}
{"ts":"2026-06-24T00:15:19.601Z","message":"operating board updated","file":"C:\\Users\\Ahmad Wasee\\Documents\\GitHub\\ARIA — Real-Time AI Assistant\\iisupp-net-deploy\\senior-director-state\\director-operating-board.md"}
{"ts":"2026-06-24T00:30:24.206Z","message":"worker tick","reason":"interval","openclaw":true}
{"ts":"2026-06-24T00:30:25.561Z","message":"aria health checked","bad":0}
{"ts":"2026-06-24T00:45:29.866Z","message":"worker tick","reason":"interval","openclaw":true}
{"ts":"2026-06-24T00:45:31.210Z","message":"aria health checked","bad":0}
{"ts":"2026-06-24T00:45:31.243Z","message":"lead scan complete","count":7,"newCount":1,"openclawUsed":0}
{"ts":"2026-06-24T00:45:31.573Z","message":"operating board updated","file":"C:\\Users\\Ahmad Wasee\\Documents\\GitHub\\ARIA — Real-Time AI Assistant\\iisupp-net-deploy\\senior-director-state\\director-operating-board.md"}
{"ts":"2026-06-24T01:00:36.073Z","message":"worker tick","reason":"interval","openclaw":true}
{"ts":"2026-06-24T01:00:37.511Z","message":"aria health checked","bad":0}
{"ts":"2026-06-24T01:15:41.662Z","message":"worker tick","reason":"interval","openclaw":true}
{"ts":"2026-06-24T01:15:42.830Z","message":"aria health checked","bad":0}
{"ts":"2026-06-24T01:15:42.906Z","message":"operating board updated","file":"C:\\Users\\Ahmad Wasee\\Documents\\GitHub\\ARIA — Real-Time AI Assistant\\iisupp-net-deploy\\senior-director-state\\director-operating-board.md"}
{"ts":"2026-06-24T01:30:47.122Z","message":"worker tick","reason":"interval","openclaw":true}
{"ts":"2026-06-24T01:30:48.422Z","message":"aria health checked","bad":0}
{"ts":"2026-06-24T01:45:52.414Z","message":"worker tick","reason":"interval","openclaw":true}
{"ts":"2026-06-24T01:45:53.609Z","message":"aria health checked","bad":0}
{"ts":"2026-06-24T01:45:53.649Z","message":"lead scan complete","count":7,"newCount":0,"openclawUsed":0}
{"ts":"2026-06-24T01:45:53.717Z","message":"operating board updated","file":"C:\\Users\\Ahmad Wasee\\Documents\\GitHub\\ARIA — Real-Time AI Assistant\\iisupp-net-deploy\\senior-director-state\\director-operating-board.md"}
{"ts":"2026-06-24T01:45:57.078Z","message":"openclaw mission brief attempted","ok":false,"code":1}
{"ts":"2026-06-24T02:01:01.377Z","message":"worker tick","reason":"interval","openclaw":true}
{"ts":"2026-06-24T02:01:02.725Z","message":"aria health checked","bad":0}
{"ts":"2026-06-24T02:16:07.083Z","message":"worker tick","reason":"interval","openclaw":true}
{"ts":"2026-06-24T02:16:08.375Z","message":"aria health checked","bad":0}
{"ts":"2026-06-24T02:16:08.449Z","message":"operating board updated","file":"C:\\Users\\Ahmad Wasee\\Documents\\GitHub\\ARIA — Real-Time AI Assistant\\iisupp-net-deploy\\senior-director-state\\director-operating-board.md"}
{"ts":"2026-06-24T02:31:12.882Z","message":"worker tick","reason":"interval","openclaw":true}
{"ts":"2026-06-24T02:31:14.116Z","message":"aria health checked","bad":0}
{"ts":"2026-06-24T02:46:18.827Z","message":"worker tick","reason":"interval","openclaw":true}
{"ts":"2026-06-24T02:46:20.023Z","message":"aria health checked","bad":0}
{"ts":"2026-06-24T02:46:20.124Z","message":"lead scan complete","count":7,"newCount":0,"openclawUsed":0}
{"ts":"2026-06-24T02:46:20.209Z","message":"operating board updated","file":"C:\\Users\\Ahmad Wasee\\Documents\\GitHub\\ARIA — Real-Time AI Assistant\\iisupp-net-deploy\\senior-director-state\\director-operating-board.md"}
{"ts":"2026-06-24T03:01:24.885Z","message":"worker tick","reason":"interval","openclaw":true}
{"ts":"2026-06-24T03:01:26.307Z","message":"aria health checked","bad":0}
{"ts":"2026-06-24T03:16:30.724Z","message":"worker tick","reason":"interval","openclaw":true}
{"ts":"2026-06-24T03:16:31.956Z","message":"aria health checked","bad":0}
{"ts":"2026-06-24T03:16:32.026Z","message":"operating board updated","file":"C:\\Users\\Ahmad Wasee\\Documents\\GitHub\\ARIA — Real-Time AI Assistant\\iisupp-net-deploy\\senior-director-state\\director-operating-board.md"}
{"ts":"2026-06-24T03:31:36.485Z","message":"worker tick","reason":"interval","openclaw":true}
{"ts":"2026-06-24T03:31:37.994Z","message":"aria health checked","bad":0}
{"ts":"2026-06-24T03:46:42.064Z","message":"worker tick","reason":"interval","openclaw":true}
{"ts":"2026-06-24T03:46:43.486Z","message":"aria health checked","bad":0}
{"ts":"2026-06-24T03:46:43.574Z","message":"lead scan complete","count":7,"newCount":0,"openclawUsed":0}
{"ts":"2026-06-24T03:46:43.972Z","message":"operating board updated","file":"C:\\Users\\Ahmad Wasee\\Documents\\GitHub\\ARIA — Real-Time AI Assistant\\iisupp-net-deploy\\senior-director-state\\director-operating-board.md"}
{"ts":"2026-06-24T03:46:47.867Z","message":"openclaw mission brief attempted","ok":false,"code":1}
{"ts":"2026-06-24T04:01:52.116Z","message":"worker tick","reason":"interval","openclaw":true}
{"ts":"2026-06-24T04:01:53.564Z","message":"aria health checked","bad":0}
{"ts":"2026-06-24T04:16:58.519Z","message":"worker tick","reason":"interval","openclaw":true}
{"ts":"2026-06-24T04:16:59.922Z","message":"aria health checked","bad":0}
{"ts":"2026-06-24T04:17:00.517Z","message":"operating board updated","file":"C:\\Users\\Ahmad Wasee\\Documents\\GitHub\\ARIA — Real-Time AI Assistant\\iisupp-net-deploy\\senior-director-state\\director-operating-board.md"}
{"ts":"2026-06-24T04:32:04.687Z","message":"worker tick","reason":"interval","openclaw":true}
{"ts":"2026-06-24T04:32:05.889Z","message":"aria health checked","bad":0}
{"ts":"2026-06-24T04:47:10.053Z","message":"worker tick","reason":"interval","openclaw":true}
{"ts":"2026-06-24T04:47:11.329Z","message":"aria health checked","bad":0}
{"ts":"2026-06-24T04:47:11.365Z","message":"lead scan complete","count":7,"newCount":0,"openclawUsed":0}
{"ts":"2026-06-24T04:47:11.432Z","message":"operating board updated","file":"C:\\Users\\Ahmad Wasee\\Documents\\GitHub\\ARIA — Real-Time AI Assistant\\iisupp-net-deploy\\senior-director-state\\director-operating-board.md"}
{"ts":"2026-06-24T05:02:15.744Z","message":"worker tick","reason":"interval","openclaw":true}
{"ts":"2026-06-24T05:02:16.994Z","message":"aria health checked","bad":0}
{"ts":"2026-06-24T05:17:21.343Z","message":"worker tick","reason":"interval","openclaw":true}
{"ts":"2026-06-24T05:17:22.547Z","message":"aria health checked","bad":0}
{"ts":"2026-06-24T05:17:22.635Z","message":"operating board updated","file":"C:\\Users\\Ahmad Wasee\\Documents\\GitHub\\ARIA — Real-Time AI Assistant\\iisupp-net-deploy\\senior-director-state\\director-operating-board.md"}
{"ts":"2026-06-24T05:32:26.845Z","message":"worker tick","reason":"interval","openclaw":true}
{"ts":"2026-06-24T05:32:28.221Z","message":"aria health checked","bad":0}
{"ts":"2026-06-24T05:47:32.280Z","message":"worker tick","reason":"interval","openclaw":true}
{"ts":"2026-06-24T05:47:33.443Z","message":"aria health checked","bad":0}
{"ts":"2026-06-24T05:47:33.497Z","message":"lead scan complete","count":7,"newCount":0,"openclawUsed":0}
{"ts":"2026-06-24T05:47:33.560Z","message":"operating board updated","file":"C:\\Users\\Ahmad Wasee\\Documents\\GitHub\\ARIA — Real-Time AI Assistant\\iisupp-net-deploy\\senior-director-state\\director-operating-board.md"}
{"ts":"2026-06-24T05:47:37.105Z","message":"openclaw mission brief attempted","ok":false,"code":1}
{"ts":"2026-06-24T06:02:41.529Z","message":"worker tick","reason":"interval","openclaw":true}
{"ts":"2026-06-24T06:02:42.768Z","message":"aria health checked","bad":0}
{"ts":"2026-06-24T06:17:47.262Z","message":"worker tick","reason":"interval","openclaw":true}
{"ts":"2026-06-24T06:17:48.463Z","message":"aria health checked","bad":0}
{"ts":"2026-06-24T06:17:48.787Z","message":"operating board updated","file":"C:\\Users\\Ahmad Wasee\\Documents\\GitHub\\ARIA — Real-Time AI Assistant\\iisupp-net-deploy\\senior-director-state\\director-operating-board.md"}
{"ts":"2026-06-24T06:32:52.929Z","message":"worker tick","reason":"interval","openclaw":true}
{"ts":"2026-06-24T06:32:54.276Z","message":"aria health checked","bad":0}
{"ts":"2026-06-24T06:47:58.552Z","message":"worker tick","reason":"interval","openclaw":true}
{"ts":"2026-06-24T06:47:59.768Z","message":"aria health checked","bad":0}
{"ts":"2026-06-24T06:47:59.869Z","message":"lead scan complete","count":7,"newCount":0,"openclawUsed":0}
{"ts":"2026-06-24T06:47:59.957Z","message":"operating board updated","file":"C:\\Users\\Ahmad Wasee\\Documents\\GitHub\\ARIA — Real-Time AI Assistant\\iisupp-net-deploy\\senior-director-state\\director-operating-board.md"}
{"ts":"2026-06-24T07:03:04.081Z","message":"worker tick","reason":"interval","openclaw":true}
{"ts":"2026-06-24T07:03:05.424Z","message":"aria health checked","bad":0}
{"ts":"2026-06-24T07:18:09.593Z","message":"worker tick","reason":"interval","openclaw":true}
{"ts":"2026-06-24T07:18:10.938Z","message":"aria health checked","bad":0}
{"ts":"2026-06-24T07:18:11.009Z","message":"operating board updated","file":"C:\\Users\\Ahmad Wasee\\Documents\\GitHub\\ARIA — Real-Time AI Assistant\\iisupp-net-deploy\\senior-director-state\\director-operating-board.md"}
{"ts":"2026-06-24T07:33:15.436Z","message":"worker tick","reason":"interval","openclaw":true}
{"ts":"2026-06-24T07:33:16.612Z","message":"aria health checked","bad":0}
{"ts":"2026-06-24T07:48:22.058Z","message":"worker tick","reason":"interval","openclaw":true}
{"ts":"2026-06-24T07:48:23.399Z","message":"aria health checked","bad":0}
{"ts":"2026-06-24T07:48:23.494Z","message":"lead scan complete","count":7,"newCount":0,"openclawUsed":0}
{"ts":"2026-06-24T07:48:23.554Z","message":"operating board updated","file":"C:\\Users\\Ahmad Wasee\\Documents\\GitHub\\ARIA — Real-Time AI Assistant\\iisupp-net-deploy\\senior-director-state\\director-operating-board.md"}
{"ts":"2026-06-24T07:48:27.680Z","message":"openclaw mission brief attempted","ok":false,"code":1}
{"ts":"2026-06-24T08:03:33.064Z","message":"worker tick","reason":"interval","openclaw":true}
{"ts":"2026-06-24T08:03:34.224Z","message":"aria health checked","bad":0}
{"ts":"2026-06-24T08:18:38.620Z","message":"worker tick","reason":"interval","openclaw":true}
{"ts":"2026-06-24T08:18:39.871Z","message":"aria health checked","bad":0}
{"ts":"2026-06-24T08:18:39.953Z","message":"operating board updated","file":"C:\\Users\\Ahmad Wasee\\Documents\\GitHub\\ARIA — Real-Time AI Assistant\\iisupp-net-deploy\\senior-director-state\\director-operating-board.md"}
{"ts":"2026-06-24T08:33:43.834Z","message":"worker tick","reason":"interval","openclaw":true}
{"ts":"2026-06-24T08:33:45.075Z","message":"aria health checked","bad":0}
{"ts":"2026-06-24T08:48:49.042Z","message":"worker tick","reason":"interval","openclaw":true}
{"ts":"2026-06-24T08:48:50.328Z","message":"aria health checked","bad":0}
{"ts":"2026-06-24T08:48:50.362Z","message":"lead scan complete","count":7,"newCount":0,"openclawUsed":0}
{"ts":"2026-06-24T08:48:50.605Z","message":"operating board updated","file":"C:\\Users\\Ahmad Wasee\\Documents\\GitHub\\ARIA — Real-Time AI Assistant\\iisupp-net-deploy\\senior-director-state\\director-operating-board.md"}
{"ts":"2026-06-24T09:03:54.521Z","message":"worker tick","reason":"interval","openclaw":true}
{"ts":"2026-06-24T09:03:55.736Z","message":"aria health checked","bad":0}
{"ts":"2026-06-24T09:18:59.705Z","message":"worker tick","reason":"interval","openclaw":true}
{"ts":"2026-06-24T09:19:01.164Z","message":"aria health checked","bad":0}
{"ts":"2026-06-24T09:19:01.248Z","message":"operating board updated","file":"C:\\Users\\Ahmad Wasee\\Documents\\GitHub\\ARIA — Real-Time AI Assistant\\iisupp-net-deploy\\senior-director-state\\director-operating-board.md"}
{"ts":"2026-06-24T09:34:05.168Z","message":"worker tick","reason":"interval","openclaw":true}
{"ts":"2026-06-24T09:34:06.433Z","message":"aria health checked","bad":0}
{"ts":"2026-06-24T09:49:10.883Z","message":"worker tick","reason":"interval","openclaw":true}
{"ts":"2026-06-24T09:49:12.260Z","message":"aria health checked","bad":0}
{"ts":"2026-06-24T09:49:12.358Z","message":"lead scan complete","count":7,"newCount":0,"openclawUsed":0}
{"ts":"2026-06-24T09:49:12.428Z","message":"operating board updated","file":"C:\\Users\\Ahmad Wasee\\Documents\\GitHub\\ARIA — Real-Time AI Assistant\\iisupp-net-deploy\\senior-director-state\\director-operating-board.md"}
{"ts":"2026-06-24T09:49:15.661Z","message":"openclaw mission brief attempted","ok":false,"code":1}
{"ts":"2026-06-24T10:04:20.094Z","message":"worker tick","reason":"interval","openclaw":true}
{"ts":"2026-06-24T10:04:21.339Z","message":"aria health checked","bad":0}
{"ts":"2026-06-24T10:19:25.392Z","message":"worker tick","reason":"interval","openclaw":true}
{"ts":"2026-06-24T10:19:26.663Z","message":"aria health checked","bad":0}
{"ts":"2026-06-24T10:19:26.726Z","message":"operating board updated","file":"C:\\Users\\Ahmad Wasee\\Documents\\GitHub\\ARIA — Real-Time AI Assistant\\iisupp-net-deploy\\senior-director-state\\director-operating-board.md"}
{"ts":"2026-06-24T10:34:31.005Z","message":"worker tick","reason":"interval","openclaw":true}
{"ts":"2026-06-24T10:34:32.177Z","message":"aria health checked","bad":0}
{"ts":"2026-06-24T10:49:36.609Z","message":"worker tick","reason":"interval","openclaw":true}
{"ts":"2026-06-24T10:49:37.857Z","message":"aria health checked","bad":0}
{"ts":"2026-06-24T10:49:37.948Z","message":"lead scan complete","count":1,"newCount":1,"openclawUsed":0}
{"ts":"2026-06-24T10:49:38.006Z","message":"operating board updated","file":"C:\\Users\\Ahmad Wasee\\Documents\\GitHub\\ARIA — Real-Time AI Assistant\\iisupp-net-deploy\\senior-director-state\\director-operating-board.md"}
{"ts":"2026-06-24T11:04:42.286Z","message":"worker tick","reason":"interval","openclaw":true}
{"ts":"2026-06-24T11:04:43.628Z","message":"aria health checked","bad":0}
{"ts":"2026-06-24T11:19:47.929Z","message":"worker tick","reason":"interval","openclaw":true}
{"ts":"2026-06-24T11:19:49.016Z","message":"aria health checked","bad":0}
{"ts":"2026-06-24T11:19:49.074Z","message":"operating board updated","file":"C:\\Users\\Ahmad Wasee\\Documents\\GitHub\\ARIA — Real-Time AI Assistant\\iisupp-net-deploy\\senior-director-state\\director-operating-board.md"}
{"ts":"2026-06-24T11:34:53.385Z","message":"worker tick","reason":"interval","openclaw":true}
{"ts":"2026-06-24T11:34:54.349Z","message":"aria health checked","bad":0}
{"ts":"2026-06-24T11:49:58.240Z","message":"worker tick","reason":"interval","openclaw":true}
{"ts":"2026-06-24T11:49:59.469Z","message":"aria health checked","bad":0}
{"ts":"2026-06-24T11:49:59.582Z","message":"lead scan complete","count":1,"newCount":0,"openclawUsed":0}
{"ts":"2026-06-24T11:49:59.638Z","message":"operating board updated","file":"C:\\Users\\Ahmad Wasee\\Documents\\GitHub\\ARIA — Real-Time AI Assistant\\iisupp-net-deploy\\senior-director-state\\director-operating-board.md"}
{"ts":"2026-06-24T11:50:02.986Z","message":"openclaw mission brief attempted","ok":false,"code":1}
{"ts":"2026-06-24T12:05:07.533Z","message":"worker tick","reason":"interval","openclaw":true}
{"ts":"2026-06-24T12:05:08.678Z","message":"aria health checked","bad":0}
{"ts":"2026-06-24T12:20:12.804Z","message":"worker tick","reason":"interval","openclaw":true}
{"ts":"2026-06-24T12:20:14.181Z","message":"aria health checked","bad":0}
{"ts":"2026-06-24T12:20:14.248Z","message":"operating board updated","file":"C:\\Users\\Ahmad Wasee\\Documents\\GitHub\\ARIA — Real-Time AI Assistant\\iisupp-net-deploy\\senior-director-state\\director-operating-board.md"}
{"ts":"2026-06-24T12:35:18.551Z","message":"worker tick","reason":"interval","openclaw":true}
{"ts":"2026-06-24T12:35:19.680Z","message":"aria health checked","bad":0}
{"ts":"2026-06-24T12:50:23.963Z","message":"worker tick","reason":"interval","openclaw":true}
{"ts":"2026-06-24T12:50:25.273Z","message":"aria health checked","bad":0}
{"ts":"2026-06-24T12:50:25.382Z","message":"lead scan complete","count":1,"newCount":0,"openclawUsed":0}
{"ts":"2026-06-24T12:50:25.731Z","message":"operating board updated","file":"C:\\Users\\Ahmad Wasee\\Documents\\GitHub\\ARIA — Real-Time AI Assistant\\iisupp-net-deploy\\senior-director-state\\director-operating-board.md"}
{"ts":"2026-06-24T13:05:30.018Z","message":"worker tick","reason":"interval","openclaw":true}
{"ts":"2026-06-24T13:05:31.310Z","message":"aria health checked","bad":0}
{"ts":"2026-06-24T13:20:35.748Z","message":"worker tick","reason":"interval","openclaw":true}
{"ts":"2026-06-24T13:20:36.847Z","message":"aria health checked","bad":0}
{"ts":"2026-06-24T13:20:36.913Z","message":"operating board updated","file":"C:\\Users\\Ahmad Wasee\\Documents\\GitHub\\ARIA — Real-Time AI Assistant\\iisupp-net-deploy\\senior-director-state\\director-operating-board.md"}
{"ts":"2026-06-24T13:35:41.316Z","message":"worker tick","reason":"interval","openclaw":true}
{"ts":"2026-06-24T13:35:42.528Z","message":"aria health checked","bad":0}
{"ts":"2026-06-24T13:50:46.981Z","message":"worker tick","reason":"interval","openclaw":true}
{"ts":"2026-06-24T13:50:48.284Z","message":"aria health checked","bad":0}
{"ts":"2026-06-24T13:50:48.366Z","message":"lead scan complete","count":1,"newCount":0,"openclawUsed":0}
{"ts":"2026-06-24T13:50:48.421Z","message":"operating board updated","file":"C:\\Users\\Ahmad Wasee\\Documents\\GitHub\\ARIA — Real-Time AI Assistant\\iisupp-net-deploy\\senior-director-state\\director-operating-board.md"}
{"ts":"2026-06-24T13:50:51.714Z","message":"openclaw mission brief attempted","ok":false,"code":1}
{"ts":"2026-06-24T14:05:56.045Z","message":"worker tick","reason":"interval","openclaw":true}
{"ts":"2026-06-24T14:05:57.273Z","message":"aria health checked","bad":0}
{"ts":"2026-06-24T14:21:01.398Z","message":"worker tick","reason":"interval","openclaw":true}
{"ts":"2026-06-24T14:21:02.575Z","message":"aria health checked","bad":0}
{"ts":"2026-06-24T14:21:02.653Z","message":"operating board updated","file":"C:\\Users\\Ahmad Wasee\\Documents\\GitHub\\ARIA — Real-Time AI Assistant\\iisupp-net-deploy\\senior-director-state\\director-operating-board.md"}
{"ts":"2026-06-24T14:36:07.522Z","message":"worker tick","reason":"interval","openclaw":true}
{"ts":"2026-06-24T14:36:08.712Z","message":"aria health checked","bad":0}
{"ts":"2026-06-24T14:51:12.976Z","message":"worker tick","reason":"interval","openclaw":true}
{"ts":"2026-06-24T14:51:14.136Z","message":"aria health checked","bad":0}
{"ts":"2026-06-24T14:51:14.174Z","message":"lead scan complete","count":1,"newCount":0,"openclawUsed":0}
{"ts":"2026-06-24T14:51:14.229Z","message":"operating board updated","file":"C:\\Users\\Ahmad Wasee\\Documents\\GitHub\\ARIA — Real-Time AI Assistant\\iisupp-net-deploy\\senior-director-state\\director-operating-board.md"}
{"ts":"2026-06-24T15:06:18.598Z","message":"worker tick","reason":"interval","openclaw":true}
{"ts":"2026-06-24T15:06:19.720Z","message":"aria health checked","bad":0}
{"ts":"2026-06-24T15:21:24.066Z","message":"worker tick","reason":"interval","openclaw":true}
{"ts":"2026-06-24T15:21:25.179Z","message":"aria health checked","bad":0}
{"ts":"2026-06-24T15:21:25.530Z","message":"operating board updated","file":"C:\\Users\\Ahmad Wasee\\Documents\\GitHub\\ARIA — Real-Time AI Assistant\\iisupp-net-deploy\\senior-director-state\\director-operating-board.md"}
{"ts":"2026-06-24T15:36:29.621Z","message":"worker tick","reason":"interval","openclaw":true}
{"ts":"2026-06-24T15:36:30.809Z","message":"aria health checked","bad":0}
{"ts":"2026-06-24T15:51:35.256Z","message":"worker tick","reason":"interval","openclaw":true}
{"ts":"2026-06-24T15:51:36.378Z","message":"aria health checked","bad":0}
{"ts":"2026-06-24T15:51:36.469Z","message":"lead scan complete","count":1,"newCount":0,"openclawUsed":0}
{"ts":"2026-06-24T15:51:36.527Z","message":"operating board updated","file":"C:\\Users\\Ahmad Wasee\\Documents\\GitHub\\ARIA — Real-Time AI Assistant\\iisupp-net-deploy\\senior-director-state\\director-operating-board.md"}
{"ts":"2026-06-24T15:51:40.202Z","message":"openclaw mission brief attempted","ok":false,"code":1}
{"ts":"2026-06-24T16:06:44.566Z","message":"worker tick","reason":"interval","openclaw":true}
{"ts":"2026-06-24T16:06:45.733Z","message":"aria health checked","bad":0}
{"ts":"2026-06-24T16:21:50.204Z","message":"worker tick","reason":"interval","openclaw":true}
{"ts":"2026-06-24T16:21:51.337Z","message":"aria health checked","bad":0}
{"ts":"2026-06-24T16:21:51.402Z","message":"operating board updated","file":"C:\\Users\\Ahmad Wasee\\Documents\\GitHub\\ARIA — Real-Time AI Assistant\\iisupp-net-deploy\\senior-director-state\\director-operating-board.md"}
{"ts":"2026-06-24T16:36:55.955Z","message":"worker tick","reason":"interval","openclaw":true}
{"ts":"2026-06-24T16:36:57.009Z","message":"aria health checked","bad":0}
{"ts":"2026-06-24T16:52:01.604Z","message":"worker tick","reason":"interval","openclaw":true}
{"ts":"2026-06-24T16:52:02.785Z","message":"aria health checked","bad":0}
{"ts":"2026-06-24T16:52:02.820Z","message":"lead scan complete","count":3,"newCount":2,"openclawUsed":0}
{"ts":"2026-06-24T16:52:02.879Z","message":"operating board updated","file":"C:\\Users\\Ahmad Wasee\\Documents\\GitHub\\ARIA — Real-Time AI Assistant\\iisupp-net-deploy\\senior-director-state\\director-operating-board.md"}
{"ts":"2026-06-24T17:07:07.991Z","message":"worker tick","reason":"interval","openclaw":true}
{"ts":"2026-06-24T17:07:09.557Z","message":"aria health checked","bad":0}
{"ts":"2026-06-24T17:22:14.372Z","message":"worker tick","reason":"interval","openclaw":true}
{"ts":"2026-06-24T17:22:15.603Z","message":"aria health checked","bad":0}
{"ts":"2026-06-24T17:22:15.664Z","message":"operating board updated","file":"C:\\Users\\Ahmad Wasee\\Documents\\GitHub\\ARIA — Real-Time AI Assistant\\iisupp-net-deploy\\senior-director-state\\director-operating-board.md"}
{"ts":"2026-06-24T17:37:20.286Z","message":"worker tick","reason":"interval","openclaw":true}
{"ts":"2026-06-24T17:37:21.599Z","message":"aria health checked","bad":0}
{"ts":"2026-06-24T17:52:26.090Z","message":"worker tick","reason":"interval","openclaw":true}
{"ts":"2026-06-24T17:52:27.285Z","message":"aria health checked","bad":0}
{"ts":"2026-06-24T17:52:27.406Z","message":"lead scan complete","count":3,"newCount":0,"openclawUsed":0}
{"ts":"2026-06-24T17:52:27.765Z","message":"operating board updated","file":"C:\\Users\\Ahmad Wasee\\Documents\\GitHub\\ARIA — Real-Time AI Assistant\\iisupp-net-deploy\\senior-director-state\\director-operating-board.md"}
{"ts":"2026-06-24T17:52:31.823Z","message":"openclaw mission brief attempted","ok":false,"code":1}
{"ts":"2026-06-24T18:07:36.009Z","message":"worker tick","reason":"interval","openclaw":true}
{"ts":"2026-06-24T18:07:37.219Z","message":"aria health checked","bad":0}
{"ts":"2026-06-24T18:22:41.824Z","message":"worker tick","reason":"interval","openclaw":true}
{"ts":"2026-06-24T18:22:43.269Z","message":"aria health checked","bad":0}
{"ts":"2026-06-24T18:22:43.333Z","message":"operating board updated","file":"C:\\Users\\Ahmad Wasee\\Documents\\GitHub\\ARIA — Real-Time AI Assistant\\iisupp-net-deploy\\senior-director-state\\director-operating-board.md"}
{"ts":"2026-06-24T18:37:48.420Z","message":"worker tick","reason":"interval","openclaw":true}
{"ts":"2026-06-24T18:37:49.809Z","message":"aria health checked","bad":0}
{"ts":"2026-06-24T18:52:54.338Z","message":"worker tick","reason":"interval","openclaw":true}
{"ts":"2026-06-24T18:52:55.695Z","message":"aria health checked","bad":0}
{"ts":"2026-06-24T18:52:55.733Z","message":"lead scan complete","count":3,"newCount":0,"openclawUsed":0}
{"ts":"2026-06-24T18:52:56.060Z","message":"operating board updated","file":"C:\\Users\\Ahmad Wasee\\Documents\\GitHub\\ARIA — Real-Time AI Assistant\\iisupp-net-deploy\\senior-director-state\\director-operating-board.md"}
{"ts":"2026-06-24T19:08:00.774Z","message":"worker tick","reason":"interval","openclaw":true}
{"ts":"2026-06-24T19:08:02.358Z","message":"aria health checked","bad":0}
{"ts":"2026-06-24T19:23:08.319Z","message":"worker tick","reason":"interval","openclaw":true}
{"ts":"2026-06-24T19:23:09.666Z","message":"aria health checked","bad":0}
{"ts":"2026-06-24T19:23:09.737Z","message":"operating board updated","file":"C:\\Users\\Ahmad Wasee\\Documents\\GitHub\\ARIA — Real-Time AI Assistant\\iisupp-net-deploy\\senior-director-state\\director-operating-board.md"}
{"ts":"2026-06-24T19:38:14.340Z","message":"worker tick","reason":"interval","openclaw":true}
{"ts":"2026-06-24T19:38:15.658Z","message":"aria health checked","bad":0}
{"ts":"2026-06-24T19:53:20.620Z","message":"worker tick","reason":"interval","openclaw":true}
{"ts":"2026-06-24T19:53:21.886Z","message":"aria health checked","bad":0}
{"ts":"2026-06-24T19:53:21.919Z","message":"lead scan complete","count":3,"newCount":0,"openclawUsed":0}
{"ts":"2026-06-24T19:53:32.666Z","message":"mcp registry scan complete","count":420,"unique":200,"recommended":12}
{"ts":"2026-06-24T19:53:32.722Z","message":"operating board updated","file":"C:\\Users\\Ahmad Wasee\\Documents\\GitHub\\ARIA — Real-Time AI Assistant\\iisupp-net-deploy\\senior-director-state\\director-operating-board.md"}
{"ts":"2026-06-24T19:53:37.456Z","message":"openclaw mission brief attempted","ok":false,"code":1}
{"ts":"2026-06-24T20:08:42.283Z","message":"worker tick","reason":"interval","openclaw":true}
{"ts":"2026-06-24T20:08:43.562Z","message":"aria health checked","bad":0}
{"ts":"2026-06-24T20:23:48.512Z","message":"worker tick","reason":"interval","openclaw":true}
{"ts":"2026-06-24T20:23:49.754Z","message":"aria health checked","bad":0}
{"ts":"2026-06-24T20:23:49.824Z","message":"operating board updated","file":"C:\\Users\\Ahmad Wasee\\Documents\\GitHub\\ARIA — Real-Time AI Assistant\\iisupp-net-deploy\\senior-director-state\\director-operating-board.md"}
{"ts":"2026-06-24T20:38:54.382Z","message":"worker tick","reason":"interval","openclaw":true}
{"ts":"2026-06-24T20:38:55.689Z","message":"aria health checked","bad":0}
{"ts":"2026-06-24T20:54:00.072Z","message":"worker tick","reason":"interval","openclaw":true}
{"ts":"2026-06-24T20:54:01.625Z","message":"aria health checked","bad":0}
{"ts":"2026-06-24T20:54:01.659Z","message":"lead scan complete","count":4,"newCount":1,"openclawUsed":0}
{"ts":"2026-06-24T20:54:01.927Z","message":"operating board updated","file":"C:\\Users\\Ahmad Wasee\\Documents\\GitHub\\ARIA — Real-Time AI Assistant\\iisupp-net-deploy\\senior-director-state\\director-operating-board.md"}
{"ts":"2026-06-24T21:09:06.541Z","message":"worker tick","reason":"interval","openclaw":true}
{"ts":"2026-06-24T21:09:07.647Z","message":"aria health checked","bad":0}
{"ts":"2026-06-24T21:24:12.185Z","message":"worker tick","reason":"interval","openclaw":true}
{"ts":"2026-06-24T21:24:13.440Z","message":"aria health checked","bad":0}
{"ts":"2026-06-24T21:24:13.497Z","message":"operating board updated","file":"C:\\Users\\Ahmad Wasee\\Documents\\GitHub\\ARIA — Real-Time AI Assistant\\iisupp-net-deploy\\senior-director-state\\director-operating-board.md"}
{"ts":"2026-06-24T21:39:18.043Z","message":"worker tick","reason":"interval","openclaw":true}
{"ts":"2026-06-24T21:39:19.208Z","message":"aria health checked","bad":0}
{"ts":"2026-06-24T21:54:24.251Z","message":"worker tick","reason":"interval","openclaw":true}
{"ts":"2026-06-24T21:54:25.652Z","message":"aria health checked","bad":0}
{"ts":"2026-06-24T21:54:25.687Z","message":"lead scan complete","count":4,"newCount":0,"openclawUsed":0}
{"ts":"2026-06-24T21:54:25.741Z","message":"operating board updated","file":"C:\\Users\\Ahmad Wasee\\Documents\\GitHub\\ARIA — Real-Time AI Assistant\\iisupp-net-deploy\\senior-director-state\\director-operating-board.md"}
{"ts":"2026-06-24T21:54:29.500Z","message":"openclaw mission brief attempted","ok":false,"code":1}
{"ts":"2026-06-24T22:09:34.526Z","message":"worker tick","reason":"interval","openclaw":true}
{"ts":"2026-06-24T22:09:35.727Z","message":"aria health checked","bad":0}
{"ts":"2026-06-24T22:24:40.592Z","message":"worker tick","reason":"interval","openclaw":true}
{"ts":"2026-06-24T22:24:42.119Z","message":"aria health checked","bad":0}
{"ts":"2026-06-24T22:24:42.199Z","message":"operating board updated","file":"C:\\Users\\Ahmad Wasee\\Documents\\GitHub\\ARIA — Real-Time AI Assistant\\iisupp-net-deploy\\senior-director-state\\director-operating-board.md"}
{"ts":"2026-06-24T22:39:47.308Z","message":"worker tick","reason":"interval","openclaw":true}
{"ts":"2026-06-24T22:39:48.570Z","message":"aria health checked","bad":0}
{"ts":"2026-06-24T22:54:53.238Z","message":"worker tick","reason":"interval","openclaw":true}
{"ts":"2026-06-24T22:54:54.441Z","message":"aria health checked","bad":0}
{"ts":"2026-06-24T22:54:54.477Z","message":"lead scan complete","count":4,"newCount":0,"openclawUsed":0}
{"ts":"2026-06-24T22:54:54.543Z","message":"operating board updated","file":"C:\\Users\\Ahmad Wasee\\Documents\\GitHub\\ARIA — Real-Time AI Assistant\\iisupp-net-deploy\\senior-director-state\\director-operating-board.md"}
{"ts":"2026-06-24T23:09:59.124Z","message":"worker tick","reason":"interval","openclaw":true}
{"ts":"2026-06-24T23:10:01.362Z","message":"aria health checked","bad":0}
{"ts":"2026-06-24T23:25:05.794Z","message":"worker tick","reason":"interval","openclaw":true}
{"ts":"2026-06-24T23:25:06.973Z","message":"aria health checked","bad":0}
{"ts":"2026-06-24T23:25:07.029Z","message":"operating board updated","file":"C:\\Users\\Ahmad Wasee\\Documents\\GitHub\\ARIA — Real-Time AI Assistant\\iisupp-net-deploy\\senior-director-state\\director-operating-board.md"}
{"ts":"2026-06-24T23:40:11.679Z","message":"worker tick","reason":"interval","openclaw":true}
{"ts":"2026-06-24T23:40:12.892Z","message":"aria health checked","bad":0}
{"ts":"2026-06-24T23:55:17.832Z","message":"worker tick","reason":"interval","openclaw":true}
{"ts":"2026-06-24T23:55:19.231Z","message":"aria health checked","bad":0}
{"ts":"2026-06-24T23:55:19.273Z","message":"lead scan complete","count":4,"newCount":0,"openclawUsed":0}
{"ts":"2026-06-24T23:55:19.327Z","message":"operating board updated","file":"C:\\Users\\Ahmad Wasee\\Documents\\GitHub\\ARIA — Real-Time AI Assistant\\iisupp-net-deploy\\senior-director-state\\director-operating-board.md"}
{"ts":"2026-06-24T23:55:24.008Z","message":"openclaw mission brief attempted","ok":false,"code":1}
{"ts":"2026-06-25T00:10:28.662Z","message":"worker tick","reason":"interval","openclaw":true}
{"ts":"2026-06-25T00:10:29.943Z","message":"aria health checked","bad":0}
{"ts":"2026-06-25T00:25:34.486Z","message":"worker tick","reason":"interval","openclaw":true}
{"ts":"2026-06-25T00:25:35.810Z","message":"aria health checked","bad":0}
{"ts":"2026-06-25T00:25:35.885Z","message":"operating board updated","file":"C:\\Users\\Ahmad Wasee\\Documents\\GitHub\\ARIA — Real-Time AI Assistant\\iisupp-net-deploy\\senior-director-state\\director-operating-board.md"}
{"ts":"2026-06-25T00:40:40.207Z","message":"worker tick","reason":"interval","openclaw":true}
{"ts":"2026-06-25T00:40:41.301Z","message":"aria health checked","bad":0}
{"ts":"2026-06-25T00:55:45.772Z","message":"worker tick","reason":"interval","openclaw":true}
{"ts":"2026-06-25T00:55:46.979Z","message":"aria health checked","bad":0}
{"ts":"2026-06-25T00:55:47.011Z","message":"lead scan complete","count":4,"newCount":0,"openclawUsed":0}
{"ts":"2026-06-25T00:55:47.071Z","message":"operating board updated","file":"C:\\Users\\Ahmad Wasee\\Documents\\GitHub\\ARIA — Real-Time AI Assistant\\iisupp-net-deploy\\senior-director-state\\director-operating-board.md"}
{"ts":"2026-06-25T01:10:51.729Z","message":"worker tick","reason":"interval","openclaw":true}
{"ts":"2026-06-25T01:10:53.071Z","message":"aria health checked","bad":0}
{"ts":"2026-06-25T01:25:57.812Z","message":"worker tick","reason":"interval","openclaw":true}
{"ts":"2026-06-25T01:25:59.114Z","message":"aria health checked","bad":0}
{"ts":"2026-06-25T01:25:59.173Z","message":"operating board updated","file":"C:\\Users\\Ahmad Wasee\\Documents\\GitHub\\ARIA — Real-Time AI Assistant\\iisupp-net-deploy\\senior-director-state\\director-operating-board.md"}
{"ts":"2026-06-25T01:41:03.487Z","message":"worker tick","reason":"interval","openclaw":true}
{"ts":"2026-06-25T01:41:04.819Z","message":"aria health checked","bad":0}
{"ts":"2026-06-25T01:56:09.515Z","message":"worker tick","reason":"interval","openclaw":true}
{"ts":"2026-06-25T01:56:10.787Z","message":"aria health checked","bad":0}
{"ts":"2026-06-25T01:56:10.828Z","message":"lead scan complete","count":4,"newCount":0,"openclawUsed":0}
{"ts":"2026-06-25T01:56:10.886Z","message":"operating board updated","file":"C:\\Users\\Ahmad Wasee\\Documents\\GitHub\\ARIA — Real-Time AI Assistant\\iisupp-net-deploy\\senior-director-state\\director-operating-board.md"}
{"ts":"2026-06-25T01:56:14.958Z","message":"openclaw mission brief attempted","ok":false,"code":1}
{"ts":"2026-06-25T02:11:19.705Z","message":"worker tick","reason":"interval","openclaw":true}
{"ts":"2026-06-25T02:11:20.888Z","message":"aria health checked","bad":0}
{"ts":"2026-06-25T02:26:25.866Z","message":"worker tick","reason":"interval","openclaw":true}
{"ts":"2026-06-25T02:26:27.191Z","message":"aria health checked","bad":0}
{"ts":"2026-06-25T02:26:27.263Z","message":"operating board updated","file":"C:\\Users\\Ahmad Wasee\\Documents\\GitHub\\ARIA — Real-Time AI Assistant\\iisupp-net-deploy\\senior-director-state\\director-operating-board.md"}
{"ts":"2026-06-25T02:41:31.730Z","message":"worker tick","reason":"interval","openclaw":true}
{"ts":"2026-06-25T02:41:33.037Z","message":"aria health checked","bad":0}
{"ts":"2026-06-25T02:56:37.515Z","message":"worker tick","reason":"interval","openclaw":true}
{"ts":"2026-06-25T02:56:39.041Z","message":"aria health checked","bad":0}
{"ts":"2026-06-25T02:56:39.079Z","message":"lead scan complete","count":5,"newCount":1,"openclawUsed":0}
{"ts":"2026-06-25T02:56:39.134Z","message":"operating board updated","file":"C:\\Users\\Ahmad Wasee\\Documents\\GitHub\\ARIA — Real-Time AI Assistant\\iisupp-net-deploy\\senior-director-state\\director-operating-board.md"}
{"ts":"2026-06-25T03:11:43.919Z","message":"worker tick","reason":"interval","openclaw":true}
{"ts":"2026-06-25T03:11:45.068Z","message":"aria health checked","bad":0}
{"ts":"2026-06-25T03:26:49.746Z","message":"worker tick","reason":"interval","openclaw":true}
{"ts":"2026-06-25T03:26:50.967Z","message":"aria health checked","bad":0}
{"ts":"2026-06-25T03:26:51.032Z","message":"operating board updated","file":"C:\\Users\\Ahmad Wasee\\Documents\\GitHub\\ARIA — Real-Time AI Assistant\\iisupp-net-deploy\\senior-director-state\\director-operating-board.md"}
{"ts":"2026-06-25T03:41:55.612Z","message":"worker tick","reason":"interval","openclaw":true}
{"ts":"2026-06-25T03:41:57.206Z","message":"aria health checked","bad":0}
{"ts":"2026-06-25T03:57:02.899Z","message":"worker tick","reason":"interval","openclaw":true}
{"ts":"2026-06-25T03:57:03.950Z","message":"aria health checked","bad":0}
{"ts":"2026-06-25T03:57:03.986Z","message":"lead scan complete","count":5,"newCount":0,"openclawUsed":0}
{"ts":"2026-06-25T03:57:04.043Z","message":"operating board updated","file":"C:\\Users\\Ahmad Wasee\\Documents\\GitHub\\ARIA — Real-Time AI Assistant\\iisupp-net-deploy\\senior-director-state\\director-operating-board.md"}
{"ts":"2026-06-25T03:57:08.011Z","message":"openclaw mission brief attempted","ok":false,"code":1}
{"ts":"2026-06-25T04:12:12.728Z","message":"worker tick","reason":"interval","openclaw":true}
{"ts":"2026-06-25T04:12:14.006Z","message":"aria health checked","bad":0}
{"ts":"2026-06-25T04:27:19.270Z","message":"worker tick","reason":"interval","openclaw":true}
{"ts":"2026-06-25T04:27:20.695Z","message":"aria health checked","bad":0}
{"ts":"2026-06-25T04:27:20.773Z","message":"operating board updated","file":"C:\\Users\\Ahmad Wasee\\Documents\\GitHub\\ARIA — Real-Time AI Assistant\\iisupp-net-deploy\\senior-director-state\\director-operating-board.md"}
{"ts":"2026-06-25T04:42:25.089Z","message":"worker tick","reason":"interval","openclaw":true}
{"ts":"2026-06-25T04:42:26.178Z","message":"aria health checked","bad":0}
{"ts":"2026-06-25T04:57:30.792Z","message":"worker tick","reason":"interval","openclaw":true}
{"ts":"2026-06-25T04:57:31.945Z","message":"aria health checked","bad":0}
{"ts":"2026-06-25T04:57:31.994Z","message":"lead scan complete","count":5,"newCount":0,"openclawUsed":0}
{"ts":"2026-06-25T04:57:32.049Z","message":"operating board updated","file":"C:\\Users\\Ahmad Wasee\\Documents\\GitHub\\ARIA — Real-Time AI Assistant\\iisupp-net-deploy\\senior-director-state\\director-operating-board.md"}
{"ts":"2026-06-25T05:12:36.597Z","message":"worker tick","reason":"interval","openclaw":true}
{"ts":"2026-06-25T05:12:37.761Z","message":"aria health checked","bad":0}
{"ts":"2026-06-25T05:27:42.393Z","message":"worker tick","reason":"interval","openclaw":true}
{"ts":"2026-06-25T05:27:43.501Z","message":"aria health checked","bad":0}
{"ts":"2026-06-25T05:27:43.568Z","message":"operating board updated","file":"C:\\Users\\Ahmad Wasee\\Documents\\GitHub\\ARIA — Real-Time AI Assistant\\iisupp-net-deploy\\senior-director-state\\director-operating-board.md"}
{"ts":"2026-06-25T05:42:48.304Z","message":"worker tick","reason":"interval","openclaw":true}
{"ts":"2026-06-25T05:42:49.507Z","message":"aria health checked","bad":0}
{"ts":"2026-06-25T05:57:53.865Z","message":"worker tick","reason":"interval","openclaw":true}
{"ts":"2026-06-25T05:57:55.083Z","message":"aria health checked","bad":0}
{"ts":"2026-06-25T05:57:55.118Z","message":"lead scan complete","count":5,"newCount":0,"openclawUsed":0}
{"ts":"2026-06-25T05:57:55.174Z","message":"operating board updated","file":"C:\\Users\\Ahmad Wasee\\Documents\\GitHub\\ARIA — Real-Time AI Assistant\\iisupp-net-deploy\\senior-director-state\\director-operating-board.md"}
{"ts":"2026-06-25T05:57:58.679Z","message":"openclaw mission brief attempted","ok":false,"code":1}
{"ts":"2026-06-25T06:13:03.310Z","message":"worker tick","reason":"interval","openclaw":true}
{"ts":"2026-06-25T06:13:04.514Z","message":"aria health checked","bad":0}
{"ts":"2026-06-25T06:28:09.361Z","message":"worker tick","reason":"interval","openclaw":true}
{"ts":"2026-06-25T06:28:10.694Z","message":"aria health checked","bad":0}
{"ts":"2026-06-25T06:28:10.764Z","message":"operating board updated","file":"C:\\Users\\Ahmad Wasee\\Documents\\GitHub\\ARIA — Real-Time AI Assistant\\iisupp-net-deploy\\senior-director-state\\director-operating-board.md"}
{"ts":"2026-06-25T06:43:15.604Z","message":"worker tick","reason":"interval","openclaw":true}
{"ts":"2026-06-25T06:43:16.834Z","message":"aria health checked","bad":0}
{"ts":"2026-06-25T06:58:21.864Z","message":"worker tick","reason":"interval","openclaw":true}
{"ts":"2026-06-25T06:58:23.175Z","message":"aria health checked","bad":0}
{"ts":"2026-06-25T06:58:23.212Z","message":"lead scan complete","count":5,"newCount":0,"openclawUsed":0}
{"ts":"2026-06-25T06:58:23.263Z","message":"operating board updated","file":"C:\\Users\\Ahmad Wasee\\Documents\\GitHub\\ARIA — Real-Time AI Assistant\\iisupp-net-deploy\\senior-director-state\\director-operating-board.md"}
{"ts":"2026-06-25T07:13:28.151Z","message":"worker tick","reason":"interval","openclaw":true}
{"ts":"2026-06-25T07:13:29.360Z","message":"aria health checked","bad":0}
{"ts":"2026-06-25T11:01:15.110Z","message":"worker tick","reason":"daemon","openclaw":true}
{"ts":"2026-06-25T11:01:16.229Z","message":"aria health checked","bad":0}
{"ts":"2026-06-25T11:01:16.268Z","message":"lead scan complete","count":2,"newCount":2,"openclawUsed":0}
{"ts":"2026-06-25T11:01:16.330Z","message":"operating board updated","file":"C:\\Users\\Ahmad Wasee\\Documents\\GitHub\\ARIA — Real-Time AI Assistant\\iisupp-net-deploy\\senior-director-state\\director-operating-board.md"}
{"ts":"2026-06-25T11:01:21.212Z","message":"openclaw mission brief attempted","ok":false,"code":1}
{"ts":"2026-06-25T11:16:27.406Z","message":"worker tick","reason":"interval","openclaw":true}
{"ts":"2026-06-25T11:16:28.895Z","message":"aria health checked","bad":0}
{"ts":"2026-06-25T11:31:35.001Z","message":"worker tick","reason":"interval","openclaw":true}
{"ts":"2026-06-25T11:31:36.239Z","message":"aria health checked","bad":0}
{"ts":"2026-06-25T11:31:36.302Z","message":"operating board updated","file":"C:\\Users\\Ahmad Wasee\\Documents\\GitHub\\ARIA — Real-Time AI Assistant\\iisupp-net-deploy\\senior-director-state\\director-operating-board.md"}
{"ts":"2026-06-25T11:46:41.706Z","message":"worker tick","reason":"interval","openclaw":true}
{"ts":"2026-06-25T11:46:42.861Z","message":"aria health checked","bad":0}
{"ts":"2026-06-25T12:01:48.382Z","message":"worker tick","reason":"interval","openclaw":true}
{"ts":"2026-06-25T12:01:49.547Z","message":"aria health checked","bad":0}
{"ts":"2026-06-25T12:01:49.588Z","message":"lead scan complete","count":2,"newCount":0,"openclawUsed":0}
{"ts":"2026-06-25T12:01:49.641Z","message":"operating board updated","file":"C:\\Users\\Ahmad Wasee\\Documents\\GitHub\\ARIA — Real-Time AI Assistant\\iisupp-net-deploy\\senior-director-state\\director-operating-board.md"}
{"ts":"2026-06-25T12:16:55.087Z","message":"worker tick","reason":"interval","openclaw":true}
{"ts":"2026-06-25T12:16:56.268Z","message":"aria health checked","bad":0}
{"ts":"2026-06-25T12:32:01.724Z","message":"worker tick","reason":"interval","openclaw":true}
{"ts":"2026-06-25T12:32:02.950Z","message":"aria health checked","bad":0}
{"ts":"2026-06-25T12:32:03.006Z","message":"operating board updated","file":"C:\\Users\\Ahmad Wasee\\Documents\\GitHub\\ARIA — Real-Time AI Assistant\\iisupp-net-deploy\\senior-director-state\\director-operating-board.md"}
{"ts":"2026-06-25T12:47:08.219Z","message":"worker tick","reason":"interval","openclaw":true}
{"ts":"2026-06-25T12:47:09.400Z","message":"aria health checked","bad":0}
{"ts":"2026-06-25T13:02:15.163Z","message":"worker tick","reason":"interval","openclaw":true}
{"ts":"2026-06-25T13:02:16.601Z","message":"aria health checked","bad":0}
{"ts":"2026-06-25T13:02:16.636Z","message":"lead scan complete","count":2,"newCount":0,"openclawUsed":0}
{"ts":"2026-06-25T13:02:16.688Z","message":"operating board updated","file":"C:\\Users\\Ahmad Wasee\\Documents\\GitHub\\ARIA — Real-Time AI Assistant\\iisupp-net-deploy\\senior-director-state\\director-operating-board.md"}
{"ts":"2026-06-25T13:02:20.776Z","message":"openclaw mission brief attempted","ok":false,"code":1}
{"ts":"2026-06-25T13:17:26.469Z","message":"worker tick","reason":"interval","openclaw":true}
{"ts":"2026-06-25T13:17:27.642Z","message":"aria health checked","bad":0}
{"ts":"2026-06-25T13:32:33.018Z","message":"worker tick","reason":"interval","openclaw":true}
{"ts":"2026-06-25T13:32:34.389Z","message":"aria health checked","bad":0}
{"ts":"2026-06-25T13:32:34.450Z","message":"operating board updated","file":"C:\\Users\\Ahmad Wasee\\Documents\\GitHub\\ARIA — Real-Time AI Assistant\\iisupp-net-deploy\\senior-director-state\\director-operating-board.md"}
{"ts":"2026-06-25T13:47:40.044Z","message":"worker tick","reason":"interval","openclaw":true}
{"ts":"2026-06-25T13:47:41.358Z","message":"aria health checked","bad":0}
{"ts":"2026-06-25T14:02:46.730Z","message":"worker tick","reason":"interval","openclaw":true}
{"ts":"2026-06-25T14:02:47.841Z","message":"aria health checked","bad":0}
{"ts":"2026-06-25T14:02:47.877Z","message":"lead scan complete","count":2,"newCount":0,"openclawUsed":0}
{"ts":"2026-06-25T14:02:47.933Z","message":"operating board updated","file":"C:\\Users\\Ahmad Wasee\\Documents\\GitHub\\ARIA — Real-Time AI Assistant\\iisupp-net-deploy\\senior-director-state\\director-operating-board.md"}
{"ts":"2026-06-25T14:17:53.199Z","message":"worker tick","reason":"interval","openclaw":true}
{"ts":"2026-06-25T14:17:54.331Z","message":"aria health checked","bad":0}
{"ts":"2026-06-25T14:32:59.534Z","message":"worker tick","reason":"interval","openclaw":true}
{"ts":"2026-06-25T14:33:00.703Z","message":"aria health checked","bad":0}
{"ts":"2026-06-25T14:33:00.757Z","message":"operating board updated","file":"C:\\Users\\Ahmad Wasee\\Documents\\GitHub\\ARIA — Real-Time AI Assistant\\iisupp-net-deploy\\senior-director-state\\director-operating-board.md"}
{"ts":"2026-06-25T14:48:06.356Z","message":"worker tick","reason":"interval","openclaw":true}
{"ts":"2026-06-25T14:48:07.686Z","message":"aria health checked","bad":0}
{"ts":"2026-06-25T15:03:13.939Z","message":"worker tick","reason":"interval","openclaw":true}
{"ts":"2026-06-25T15:03:15.166Z","message":"aria health checked","bad":0}
{"ts":"2026-06-25T15:03:15.203Z","message":"lead scan complete","count":2,"newCount":0,"openclawUsed":0}
{"ts":"2026-06-25T15:03:15.257Z","message":"operating board updated","file":"C:\\Users\\Ahmad Wasee\\Documents\\GitHub\\ARIA — Real-Time AI Assistant\\iisupp-net-deploy\\senior-director-state\\director-operating-board.md"}
{"ts":"2026-06-25T15:03:19.129Z","message":"openclaw mission brief attempted","ok":false,"code":1}
{"ts":"2026-06-25T15:18:24.752Z","message":"worker tick","reason":"interval","openclaw":true}
{"ts":"2026-06-25T15:18:25.910Z","message":"aria health checked","bad":0}
{"ts":"2026-06-25T15:33:31.654Z","message":"worker tick","reason":"interval","openclaw":true}
{"ts":"2026-06-25T15:33:32.882Z","message":"aria health checked","bad":0}
{"ts":"2026-06-25T15:33:32.943Z","message":"operating board updated","file":"C:\\Users\\Ahmad Wasee\\Documents\\GitHub\\ARIA — Real-Time AI Assistant\\iisupp-net-deploy\\senior-director-state\\director-operating-board.md"}
{"ts":"2026-06-25T15:48:38.672Z","message":"worker tick","reason":"interval","openclaw":true}
{"ts":"2026-06-25T15:48:39.893Z","message":"aria health checked","bad":0}
{"ts":"2026-06-25T16:03:45.490Z","message":"worker tick","reason":"interval","openclaw":true}
{"ts":"2026-06-25T16:03:46.585Z","message":"aria health checked","bad":0}
{"ts":"2026-06-25T16:03:46.742Z","message":"lead scan complete","count":2,"newCount":0,"openclawUsed":0}
{"ts":"2026-06-25T16:03:46.795Z","message":"operating board updated","file":"C:\\Users\\Ahmad Wasee\\Documents\\GitHub\\ARIA — Real-Time AI Assistant\\iisupp-net-deploy\\senior-director-state\\director-operating-board.md"}
{"ts":"2026-06-25T16:18:52.382Z","message":"worker tick","reason":"interval","openclaw":true}
{"ts":"2026-06-25T16:18:53.729Z","message":"aria health checked","bad":0}
{"ts":"2026-06-25T16:33:59.175Z","message":"worker tick","reason":"interval","openclaw":true}
{"ts":"2026-06-25T16:34:00.417Z","message":"aria health checked","bad":0}
{"ts":"2026-06-25T16:34:00.472Z","message":"operating board updated","file":"C:\\Users\\Ahmad Wasee\\Documents\\GitHub\\ARIA — Real-Time AI Assistant\\iisupp-net-deploy\\senior-director-state\\director-operating-board.md"}
{"ts":"2026-06-25T16:49:06.159Z","message":"worker tick","reason":"interval","openclaw":true}
{"ts":"2026-06-25T16:49:07.467Z","message":"aria health checked","bad":0}
{"ts":"2026-06-25T17:04:12.661Z","message":"worker tick","reason":"interval","openclaw":true}
{"ts":"2026-06-25T17:04:13.886Z","message":"aria health checked","bad":0}
{"ts":"2026-06-25T17:04:13.922Z","message":"lead scan complete","count":4,"newCount":2,"openclawUsed":0}
{"ts":"2026-06-25T17:04:13.973Z","message":"operating board updated","file":"C:\\Users\\Ahmad Wasee\\Documents\\GitHub\\ARIA — Real-Time AI Assistant\\iisupp-net-deploy\\senior-director-state\\director-operating-board.md"}
{"ts":"2026-06-25T17:04:17.547Z","message":"openclaw mission brief attempted","ok":false,"code":1}
{"ts":"2026-06-25T17:19:22.990Z","message":"worker tick","reason":"interval","openclaw":true}
{"ts":"2026-06-25T17:19:24.511Z","message":"aria health checked","bad":0}
{"ts":"2026-06-25T17:34:30.690Z","message":"worker tick","reason":"interval","openclaw":true}
{"ts":"2026-06-25T17:34:31.984Z","message":"aria health checked","bad":0}
{"ts":"2026-06-25T17:34:32.151Z","message":"operating board updated","file":"C:\\Users\\Ahmad Wasee\\Documents\\GitHub\\ARIA — Real-Time AI Assistant\\iisupp-net-deploy\\senior-director-state\\director-operating-board.md"}
{"ts":"2026-06-25T17:49:37.622Z","message":"worker tick","reason":"interval","openclaw":true}
{"ts":"2026-06-25T17:49:38.863Z","message":"aria health checked","bad":0}
{"ts":"2026-06-25T18:04:44.405Z","message":"worker tick","reason":"interval","openclaw":true}
{"ts":"2026-06-25T18:04:45.693Z","message":"aria health checked","bad":0}
{"ts":"2026-06-25T18:04:45.750Z","message":"lead scan complete","count":4,"newCount":0,"openclawUsed":0}
{"ts":"2026-06-25T18:04:45.801Z","message":"operating board updated","file":"C:\\Users\\Ahmad Wasee\\Documents\\GitHub\\ARIA — Real-Time AI Assistant\\iisupp-net-deploy\\senior-director-state\\director-operating-board.md"}
{"ts":"2026-06-25T18:19:54.231Z","message":"worker tick","reason":"interval","openclaw":true}
{"ts":"2026-06-25T18:19:55.531Z","message":"aria health checked","bad":0}
{"ts":"2026-06-25T18:35:01.071Z","message":"worker tick","reason":"interval","openclaw":true}
{"ts":"2026-06-25T18:35:02.841Z","message":"aria health checked","bad":0}
{"ts":"2026-06-25T18:35:02.902Z","message":"operating board updated","file":"C:\\Users\\Ahmad Wasee\\Documents\\GitHub\\ARIA — Real-Time AI Assistant\\iisupp-net-deploy\\senior-director-state\\director-operating-board.md"}
{"ts":"2026-06-25T18:50:08.107Z","message":"worker tick","reason":"interval","openclaw":true}
{"ts":"2026-06-25T18:50:09.353Z","message":"aria health checked","bad":0}
{"ts":"2026-06-25T19:05:15.203Z","message":"worker tick","reason":"interval","openclaw":true}
{"ts":"2026-06-25T19:05:16.674Z","message":"aria health checked","bad":0}
{"ts":"2026-06-25T19:05:16.738Z","message":"lead scan complete","count":4,"newCount":0,"openclawUsed":0}
{"ts":"2026-06-25T19:05:17.079Z","message":"operating board updated","file":"C:\\Users\\Ahmad Wasee\\Documents\\GitHub\\ARIA — Real-Time AI Assistant\\iisupp-net-deploy\\senior-director-state\\director-operating-board.md"}
{"ts":"2026-06-25T19:05:20.530Z","message":"openclaw mission brief attempted","ok":false,"code":1}
{"ts":"2026-06-25T19:20:25.855Z","message":"worker tick","reason":"interval","openclaw":true}
{"ts":"2026-06-25T19:20:27.231Z","message":"aria health checked","bad":0}
{"ts":"2026-06-25T19:35:32.828Z","message":"worker tick","reason":"interval","openclaw":true}
{"ts":"2026-06-25T19:35:34.697Z","message":"aria health checked","bad":0}
{"ts":"2026-06-25T19:35:34.756Z","message":"operating board updated","file":"C:\\Users\\Ahmad Wasee\\Documents\\GitHub\\ARIA — Real-Time AI Assistant\\iisupp-net-deploy\\senior-director-state\\director-operating-board.md"}
{"ts":"2026-06-25T19:50:40.854Z","message":"worker tick","reason":"interval","openclaw":true}
{"ts":"2026-06-25T19:50:42.130Z","message":"aria health checked","bad":0}
{"ts":"2026-06-25T20:05:48.000Z","message":"worker tick","reason":"interval","openclaw":true}
{"ts":"2026-06-25T20:05:49.139Z","message":"aria health checked","bad":0}
{"ts":"2026-06-25T20:05:49.172Z","message":"lead scan complete","count":4,"newCount":0,"openclawUsed":0}
{"ts":"2026-06-25T20:05:52.075Z","message":"mcp registry scan complete","count":422,"unique":202,"recommended":12}
{"ts":"2026-06-25T20:05:52.137Z","message":"operating board updated","file":"C:\\Users\\Ahmad Wasee\\Documents\\GitHub\\ARIA — Real-Time AI Assistant\\iisupp-net-deploy\\senior-director-state\\director-operating-board.md"}
{"ts":"2026-06-25T20:20:57.298Z","message":"worker tick","reason":"interval","openclaw":true}
{"ts":"2026-06-25T20:20:58.518Z","message":"aria health checked","bad":0}
{"ts":"2026-06-25T20:36:04.068Z","message":"worker tick","reason":"interval","openclaw":true}
{"ts":"2026-06-25T20:36:05.693Z","message":"aria health checked","bad":0}
{"ts":"2026-06-25T20:36:05.751Z","message":"operating board updated","file":"C:\\Users\\Ahmad Wasee\\Documents\\GitHub\\ARIA — Real-Time AI Assistant\\iisupp-net-deploy\\senior-director-state\\director-operating-board.md"}
{"ts":"2026-06-25T20:51:10.970Z","message":"worker tick","reason":"interval","openclaw":true}
{"ts":"2026-06-25T20:51:12.560Z","message":"aria health checked","bad":0}
{"ts":"2026-06-25T21:06:18.035Z","message":"worker tick","reason":"interval","openclaw":true}
{"ts":"2026-06-25T21:06:19.817Z","message":"aria health checked","bad":0}
{"ts":"2026-06-25T21:06:19.857Z","message":"lead scan complete","count":9,"newCount":5,"openclawUsed":0}
{"ts":"2026-06-25T21:06:19.911Z","message":"operating board updated","file":"C:\\Users\\Ahmad Wasee\\Documents\\GitHub\\ARIA — Real-Time AI Assistant\\iisupp-net-deploy\\senior-director-state\\director-operating-board.md"}
{"ts":"2026-06-25T21:06:23.345Z","message":"openclaw mission brief attempted","ok":false,"code":1}
{"ts":"2026-06-25T21:21:29.000Z","message":"worker tick","reason":"interval","openclaw":true}
{"ts":"2026-06-25T21:21:30.295Z","message":"aria health checked","bad":0}
{"ts":"2026-06-25T21:36:35.782Z","message":"worker tick","reason":"interval","openclaw":true}
{"ts":"2026-06-25T21:36:37.057Z","message":"aria health checked","bad":0}
{"ts":"2026-06-25T21:36:37.125Z","message":"operating board updated","file":"C:\\Users\\Ahmad Wasee\\Documents\\GitHub\\ARIA — Real-Time AI Assistant\\iisupp-net-deploy\\senior-director-state\\director-operating-board.md"}
{"ts":"2026-06-25T21:51:42.590Z","message":"worker tick","reason":"interval","openclaw":true}
{"ts":"2026-06-25T21:51:44.051Z","message":"aria health checked","bad":0}
{"ts":"2026-06-25T22:06:49.717Z","message":"worker tick","reason":"interval","openclaw":true}
{"ts":"2026-06-25T22:06:50.981Z","message":"aria health checked","bad":0}
{"ts":"2026-06-25T22:06:51.015Z","message":"lead scan complete","count":9,"newCount":0,"openclawUsed":0}
{"ts":"2026-06-25T22:06:51.070Z","message":"operating board updated","file":"C:\\Users\\Ahmad Wasee\\Documents\\GitHub\\ARIA — Real-Time AI Assistant\\iisupp-net-deploy\\senior-director-state\\director-operating-board.md"}
{"ts":"2026-06-25T22:21:56.884Z","message":"worker tick","reason":"interval","openclaw":true}
{"ts":"2026-06-25T22:21:58.256Z","message":"aria health checked","bad":0}
{"ts":"2026-06-25T22:37:03.421Z","message":"worker tick","reason":"interval","openclaw":true}
{"ts":"2026-06-25T22:37:04.549Z","message":"aria health checked","bad":0}
{"ts":"2026-06-25T22:37:04.608Z","message":"operating board updated","file":"C:\\Users\\Ahmad Wasee\\Documents\\GitHub\\ARIA — Real-Time AI Assistant\\iisupp-net-deploy\\senior-director-state\\director-operating-board.md"}
{"ts":"2026-06-25T22:52:09.720Z","message":"worker tick","reason":"interval","openclaw":true}
{"ts":"2026-06-25T22:52:11.164Z","message":"aria health checked","bad":0}
{"ts":"2026-06-25T23:07:16.826Z","message":"worker tick","reason":"interval","openclaw":true}
{"ts":"2026-06-25T23:07:18.157Z","message":"aria health checked","bad":0}
{"ts":"2026-06-25T23:07:18.191Z","message":"lead scan complete","count":9,"newCount":0,"openclawUsed":0}
{"ts":"2026-06-25T23:07:18.250Z","message":"operating board updated","file":"C:\\Users\\Ahmad Wasee\\Documents\\GitHub\\ARIA — Real-Time AI Assistant\\iisupp-net-deploy\\senior-director-state\\director-operating-board.md"}
{"ts":"2026-06-25T23:07:22.233Z","message":"openclaw mission brief attempted","ok":false,"code":1}
{"ts":"2026-06-25T23:22:27.718Z","message":"worker tick","reason":"interval","openclaw":true}
{"ts":"2026-06-25T23:22:29.170Z","message":"aria health checked","bad":0}
{"ts":"2026-06-25T23:37:34.872Z","message":"worker tick","reason":"interval","openclaw":true}
{"ts":"2026-06-25T23:37:36.383Z","message":"aria health checked","bad":0}
{"ts":"2026-06-25T23:37:36.446Z","message":"operating board updated","file":"C:\\Users\\Ahmad Wasee\\Documents\\GitHub\\ARIA — Real-Time AI Assistant\\iisupp-net-deploy\\senior-director-state\\director-operating-board.md"}
{"ts":"2026-06-25T23:52:41.817Z","message":"worker tick","reason":"interval","openclaw":true}
{"ts":"2026-06-25T23:52:43.223Z","message":"aria health checked","bad":0}
{"ts":"2026-06-26T00:07:48.540Z","message":"worker tick","reason":"interval","openclaw":true}
{"ts":"2026-06-26T00:07:49.879Z","message":"aria health checked","bad":0}
{"ts":"2026-06-26T00:07:49.913Z","message":"lead scan complete","count":9,"newCount":0,"openclawUsed":0}
{"ts":"2026-06-26T00:07:49.981Z","message":"operating board updated","file":"C:\\Users\\Ahmad Wasee\\Documents\\GitHub\\ARIA — Real-Time AI Assistant\\iisupp-net-deploy\\senior-director-state\\director-operating-board.md"}
{"ts":"2026-06-26T00:22:55.237Z","message":"worker tick","reason":"interval","openclaw":true}
{"ts":"2026-06-26T00:22:56.594Z","message":"aria health checked","bad":0}
{"ts":"2026-06-26T00:38:02.030Z","message":"worker tick","reason":"interval","openclaw":true}
{"ts":"2026-06-26T00:38:03.438Z","message":"aria health checked","bad":0}
{"ts":"2026-06-26T00:38:03.515Z","message":"operating board updated","file":"C:\\Users\\Ahmad Wasee\\Documents\\GitHub\\ARIA — Real-Time AI Assistant\\iisupp-net-deploy\\senior-director-state\\director-operating-board.md"}
{"ts":"2026-06-26T00:53:09.931Z","message":"worker tick","reason":"interval","openclaw":true}
{"ts":"2026-06-26T00:53:11.571Z","message":"aria health checked","bad":0}
{"ts":"2026-06-26T01:08:17.033Z","message":"worker tick","reason":"interval","openclaw":true}
{"ts":"2026-06-26T01:08:18.611Z","message":"aria health checked","bad":0}
{"ts":"2026-06-26T01:08:18.661Z","message":"lead scan complete","count":9,"newCount":0,"openclawUsed":0}
{"ts":"2026-06-26T01:08:18.743Z","message":"operating board updated","file":"C:\\Users\\Ahmad Wasee\\Documents\\GitHub\\ARIA — Real-Time AI Assistant\\iisupp-net-deploy\\senior-director-state\\director-operating-board.md"}
{"ts":"2026-06-26T01:08:21.982Z","message":"openclaw mission brief attempted","ok":false,"code":1}
{"ts":"2026-06-26T01:23:27.552Z","message":"worker tick","reason":"interval","openclaw":true}
{"ts":"2026-06-26T01:23:28.851Z","message":"aria health checked","bad":0}
{"ts":"2026-06-26T01:38:34.073Z","message":"worker tick","reason":"interval","openclaw":true}
{"ts":"2026-06-26T01:38:35.700Z","message":"aria health checked","bad":0}
{"ts":"2026-06-26T01:38:35.770Z","message":"operating board updated","file":"C:\\Users\\Ahmad Wasee\\Documents\\GitHub\\ARIA — Real-Time AI Assistant\\iisupp-net-deploy\\senior-director-state\\director-operating-board.md"}
{"ts":"2026-06-26T01:53:40.980Z","message":"worker tick","reason":"interval","openclaw":true}
{"ts":"2026-06-26T01:53:42.475Z","message":"aria health checked","bad":0}
{"ts":"2026-06-26T02:08:48.173Z","message":"worker tick","reason":"interval","openclaw":true}
{"ts":"2026-06-26T02:08:49.758Z","message":"aria health checked","bad":0}
{"ts":"2026-06-26T02:08:49.793Z","message":"lead scan complete","count":9,"newCount":0,"openclawUsed":0}
{"ts":"2026-06-26T02:08:49.868Z","message":"operating board updated","file":"C:\\Users\\Ahmad Wasee\\Documents\\GitHub\\ARIA — Real-Time AI Assistant\\iisupp-net-deploy\\senior-director-state\\director-operating-board.md"}
{"ts":"2026-06-26T02:23:55.252Z","message":"worker tick","reason":"interval","openclaw":true}
{"ts":"2026-06-26T02:23:56.605Z","message":"aria health checked","bad":0}
{"ts":"2026-06-26T02:39:02.410Z","message":"worker tick","reason":"interval","openclaw":true}
{"ts":"2026-06-26T02:39:03.917Z","message":"aria health checked","bad":0}
{"ts":"2026-06-26T02:39:03.995Z","message":"operating board updated","file":"C:\\Users\\Ahmad Wasee\\Documents\\GitHub\\ARIA — Real-Time AI Assistant\\iisupp-net-deploy\\senior-director-state\\director-operating-board.md"}
{"ts":"2026-06-26T02:54:08.886Z","message":"worker tick","reason":"interval","openclaw":true}
{"ts":"2026-06-26T02:54:10.552Z","message":"aria health checked","bad":0}
{"ts":"2026-06-26T03:09:16.441Z","message":"worker tick","reason":"interval","openclaw":true}
{"ts":"2026-06-26T03:09:18.100Z","message":"aria health checked","bad":0}
{"ts":"2026-06-26T03:09:18.135Z","message":"lead scan complete","count":9,"newCount":0,"openclawUsed":0}
{"ts":"2026-06-26T03:09:18.195Z","message":"operating board updated","file":"C:\\Users\\Ahmad Wasee\\Documents\\GitHub\\ARIA — Real-Time AI Assistant\\iisupp-net-deploy\\senior-director-state\\director-operating-board.md"}
{"ts":"2026-06-26T03:09:21.881Z","message":"openclaw mission brief attempted","ok":false,"code":1}
{"ts":"2026-06-26T03:24:27.733Z","message":"worker tick","reason":"interval","openclaw":true}
{"ts":"2026-06-26T03:24:29.005Z","message":"aria health checked","bad":0}
{"ts":"2026-06-26T03:39:34.404Z","message":"worker tick","reason":"interval","openclaw":true}
{"ts":"2026-06-26T03:39:35.631Z","message":"aria health checked","bad":0}
{"ts":"2026-06-26T03:39:35.694Z","message":"operating board updated","file":"C:\\Users\\Ahmad Wasee\\Documents\\GitHub\\ARIA — Real-Time AI Assistant\\iisupp-net-deploy\\senior-director-state\\director-operating-board.md"}
{"ts":"2026-06-26T03:54:40.858Z","message":"worker tick","reason":"interval","openclaw":true}
{"ts":"2026-06-26T03:54:42.290Z","message":"aria health checked","bad":0}
{"ts":"2026-06-26T04:09:48.412Z","message":"worker tick","reason":"interval","openclaw":true}
{"ts":"2026-06-26T04:09:49.746Z","message":"aria health checked","bad":0}
{"ts":"2026-06-26T04:09:49.779Z","message":"lead scan complete","count":9,"newCount":0,"openclawUsed":0}
{"ts":"2026-06-26T04:09:49.845Z","message":"operating board updated","file":"C:\\Users\\Ahmad Wasee\\Documents\\GitHub\\ARIA — Real-Time AI Assistant\\iisupp-net-deploy\\senior-director-state\\director-operating-board.md"}
{"ts":"2026-06-26T04:24:55.293Z","message":"worker tick","reason":"interval","openclaw":true}
{"ts":"2026-06-26T04:24:56.570Z","message":"aria health checked","bad":0}
{"ts":"2026-06-26T04:40:01.540Z","message":"worker tick","reason":"interval","openclaw":true}
{"ts":"2026-06-26T04:40:02.956Z","message":"aria health checked","bad":0}
{"ts":"2026-06-26T04:40:03.034Z","message":"operating board updated","file":"C:\\Users\\Ahmad Wasee\\Documents\\GitHub\\ARIA — Real-Time AI Assistant\\iisupp-net-deploy\\senior-director-state\\director-operating-board.md"}
{"ts":"2026-06-26T04:55:07.998Z","message":"worker tick","reason":"interval","openclaw":true}
{"ts":"2026-06-26T04:55:09.430Z","message":"aria health checked","bad":0}
{"ts":"2026-06-26T05:10:14.869Z","message":"worker tick","reason":"interval","openclaw":true}
{"ts":"2026-06-26T05:10:16.290Z","message":"aria health checked","bad":0}
{"ts":"2026-06-26T05:10:16.324Z","message":"lead scan complete","count":9,"newCount":0,"openclawUsed":0}
{"ts":"2026-06-26T05:10:16.380Z","message":"operating board updated","file":"C:\\Users\\Ahmad Wasee\\Documents\\GitHub\\ARIA — Real-Time AI Assistant\\iisupp-net-deploy\\senior-director-state\\director-operating-board.md"}
{"ts":"2026-06-26T05:10:19.927Z","message":"openclaw mission brief attempted","ok":false,"code":1}
{"ts":"2026-06-26T05:25:25.047Z","message":"worker tick","reason":"interval","openclaw":true}
{"ts":"2026-06-26T05:25:26.321Z","message":"aria health checked","bad":0}
{"ts":"2026-06-26T05:40:31.737Z","message":"worker tick","reason":"interval","openclaw":true}
{"ts":"2026-06-26T05:40:33.035Z","message":"aria health checked","bad":0}
{"ts":"2026-06-26T05:40:33.108Z","message":"operating board updated","file":"C:\\Users\\Ahmad Wasee\\Documents\\GitHub\\ARIA — Real-Time AI Assistant\\iisupp-net-deploy\\senior-director-state\\director-operating-board.md"}
{"ts":"2026-06-26T05:55:38.305Z","message":"worker tick","reason":"interval","openclaw":true}
{"ts":"2026-06-26T05:55:39.670Z","message":"aria health checked","bad":0}
{"ts":"2026-06-26T06:10:45.351Z","message":"worker tick","reason":"interval","openclaw":true}
{"ts":"2026-06-26T06:10:47.179Z","message":"aria health checked","bad":0}
{"ts":"2026-06-26T06:10:47.214Z","message":"lead scan complete","count":9,"newCount":0,"openclawUsed":0}
{"ts":"2026-06-26T06:10:47.296Z","message":"operating board updated","file":"C:\\Users\\Ahmad Wasee\\Documents\\GitHub\\ARIA — Real-Time AI Assistant\\iisupp-net-deploy\\senior-director-state\\director-operating-board.md"}
{"ts":"2026-06-26T06:25:52.698Z","message":"worker tick","reason":"interval","openclaw":true}
{"ts":"2026-06-26T06:25:54.022Z","message":"aria health checked","bad":0}
{"ts":"2026-06-26T06:40:59.090Z","message":"worker tick","reason":"interval","openclaw":true}
{"ts":"2026-06-26T06:41:00.477Z","message":"aria health checked","bad":0}
{"ts":"2026-06-26T06:41:00.562Z","message":"operating board updated","file":"C:\\Users\\Ahmad Wasee\\Documents\\GitHub\\ARIA — Real-Time AI Assistant\\iisupp-net-deploy\\senior-director-state\\director-operating-board.md"}
{"ts":"2026-06-26T06:56:05.956Z","message":"worker tick","reason":"interval","openclaw":true}
{"ts":"2026-06-26T06:56:07.218Z","message":"aria health checked","bad":0}
{"ts":"2026-06-26T11:43:55.265Z","message":"worker tick","reason":"daemon","openclaw":true}
{"ts":"2026-06-26T11:43:56.270Z","message":"aria health checked","bad":0}
{"ts":"2026-06-26T11:43:56.308Z","message":"lead scan complete","count":1,"newCount":1,"openclawUsed":0}
{"ts":"2026-06-26T11:43:56.436Z","message":"operating board updated","file":"C:\\Users\\Ahmad Wasee\\Documents\\GitHub\\ARIA — Real-Time AI Assistant\\iisupp-net-deploy\\senior-director-state\\director-operating-board.md"}
{"ts":"2026-06-26T11:44:01.017Z","message":"openclaw mission brief attempted","ok":false,"code":1}
{"ts":"2026-06-26T11:59:06.182Z","message":"worker tick","reason":"interval","openclaw":true}
{"ts":"2026-06-26T11:59:07.789Z","message":"aria health checked","bad":0}
