send_date,company,contact_name,title,email,segment,variant,subject,send_status,reply_received_at,reply_category,response_sent_at,response_template_used,next_action,next_action_date,outcome,notes
2026-05-12,DECA Dental Group,Robert Boone,CIO,rboone@decadental.com,DSO,A.1,"Robert — peer note on JV-expansion IT runbooks",DRAFT_READY,,,,,,,,Blackstone-backed JV expansion; servant-leadership values; April HQ move
2026-05-12,MB2 Dental,Jeffrey Cellucci,Chief Strategy Officer,jcellucci@mb2dental.com,DSO,A.1,"Jeff — strategy note on MB2 IT scaling through 800+ practices",DRAFT_READY,,,,,,,,800+ practices; $2.34B KKR debt; CSO not COO; strategic IT scaling angle
2026-05-12,MINT dentistry,Wade Hanchar,CIO,wadehanchar@mintdentistry.com,DSO,A.1,"Wade — quick note from another ex-trading-floor IT operator",DRAFT_READY,,,,,,,,Fintech background; Nexa/Desjardins/Penson; Linux ninja; trading-floor rapport hook
2026-05-12,Apex Dental Partners,David Hanson,CIO,dhanson@apexdp.com,DSO,A.1,"David — founder-to-founder note on Apex's IT bench",DRAFT_READY,,,,,,,,Founded nine70 labs + D.A. Hanson Consulting; founder-to-founder hook
2026-05-12,Star Dental Partners,Allen Quiros,Director of IT Operations,aquiros@stardentalpartners.com,DSO,A.1,"Allen — quick note for IT Ops at a DSO that already does it right",DRAFT_READY,,,,,,,,T&D Partners PE-backed; already has internal IT/analytics; bench-depth overflow positioning
2026-05-12,Rodeo Dental & Orthodontics,Ben Rouse,CIO,ben@rodeodental.com,DSO,A.1,"Ben — strategy note on multi-specialty PMS integration at scale",DRAFT_READY,,,,,,,,SMU Exec MBA honors; 20yr enterprise software CEO; multi-specialty (peds+ortho+implants+cosmetic)
2026-05-12,Pearl Street Dental Partners,Tripp Montalbo,COO,tripp@pearlstreetdentalpartners.com,DSO,A.1,"Tripp — note on Pearl Street's partner-respecting IT model",DRAFT_READY,,,,,,,,48 offices TX/OK; relational partner-respecting positioning
2026-05-12,TotalCare,Molly Adkison,COO,m.adkison@totalcare.us,Urgent care,A.2,"Molly — quick note before TotalCare's Denton ER opens",DRAFT_READY,,,,,,,,Family-owned since 2004; 17 facilities; Denton ER opening mid-2026
2026-05-12,Kane Russell Coleman Logan PC,Greg Amme,Director of Information Technology,gamme@krcl.com,Law firm,A.3,"Greg — quick IT-director note on the Austin office spin-up",DRAFT_READY,,,,,,,,Just opened Austin office at Frost Bank Tower; bankruptcy + litigation focus
2026-05-12,"Brewer, Attorneys & Counselors",George McNeill III,Director of Information Technology,gem@brewerattorneys.com,Law firm,A.3,"George — peer note on AI + IT during Brewer's HQ relocation",DRAFT_READY,,,,,,,,Leading AI transformation at Brewer; Dallas HQ relocation from Comerica Bank Tower
2026-05-12,McCathern,Stephanie Almeter,"Managing Partner, Dallas HQ",salmeter@mccathernlaw.com,Law firm,A.3,"Stephanie — quick note on operational alignment 5 months into the MP role",DRAFT_READY,,,,,,,,Promoted to Dallas MP Dec 2025; 4-office firm alignment work
2026-05-13,Five Point Dental Specialists,Felix Mira,EVP Practice Development + Acting COO,fmira@fivepointdentalspecialists.com,DSO,A.1,"Felix, quick note on practice integration IT at Five Point",DRAFT_READY,,,,,,,,Specialty DSO US+Canada; came from Real Estate (Keller Williams); cross-border angle leverages Ontario base
2026-05-13,US Oral Surgery Management,Chad Ehmke,CIO,chad.ehmke@usosm.com,DSO,A.1,"Chad, quick note on USOSM's $175M run and IT bench",DRAFT_READY,,,,,,,,30+yr CIO Yum/Carlson/Centex/Sally Beauty/IBM; $175M Jan 2026 credit expansion; SEND-PRIORITY
2026-05-13,Frontline Dental Implant Specialists,Don Kulka,CIO,dkulka@frontlinedis.com,DSO,A.1,"Don, quick note on Frontline's implant-specialty IT stack",DRAFT_READY,,,,,,,,Leon Capital portfolio co; implant specialty (iDixel/CS Imaging); coordinated portfolio play with #22
2026-05-13,Independence Dental Services,Amanda Fuentes,Senior Director of Operations,afuentes@independencedso.com,DSO,A.1,"Amanda, quick note on Independence's no-fee model + IT scaling",DRAFT_READY,,,,,,,,14yr dental performance leader; no-fee model = elective IT pitch frame
2026-05-13,Arthur | Marshall,Joshua Kumher,VP Operations,jkumher@arthurmarshall.com,Healthcare services,A.1,"Joshua, quick question about Arthur | Marshall's IT bench",DRAFT_READY,,,,,,,,21% 2yr growth; dental industry services adjacent
2026-05-13,Cain Watters & Associates,Scott Erwin,COO,scotte@cainwatters.com,Strategic partner,A.3,"Scott, quick thought on a Cain Watters / IIS adjacency",DRAFT_READY,,,,,,,,Dental-CPA strategic partner play; mutual-referral channel angle
2026-05-13,Careington International Corporation,Jeremy Hedrick,COO,jeremyh@careington.com,Healthcare admin,A.1,"Jeremy, quick question about Careington's IT load at scale",DRAFT_READY,,,,,,,,$106M dental benefits admin since 1979; NEEDS_REVIEW pre-send
2026-05-13,Prism Health North Texas,Lawrence Martin,COO,lmartin@phntx.org,Community health,A.2,"Lawrence, quick note before you fill the Healthcare Informatics director role",DRAFT_READY,,,,,,,,FQHC Look-Alike 17k+ patients; ACTIVELY HIRING Director Healthcare Informatics — TOP PRIORITY
2026-05-13,Texas Native Health,Adam Shorter,COO,coo@texasnativehealth.org,Native community health,A.2,"Adam, quick note about IHS + HIPAA IT overlap at Texas Native Health",DRAFT_READY,,,,,,,,IHS + HIPAA dual-overlay compliance; niche vertical
2026-05-13,CorrHealth,Mike Dillman,COO,mike.dillman@mycorrhealth.com,Correctional health,A.2,"Mike, quick question about correctional healthcare IT at CorrHealth",DRAFT_READY,,,,,,,,Correctional healthcare = zero-downtime EMR; Raymond James trading-floor analog hook
2026-05-13,Leon Capital Group,Jeffrey Salladin,COO Real Estate Credit,jsalladin@leoncapitalgroup.com,PE holding (RE Credit),A.3,"Jeffrey, quick note on RE Credit IT 9 months into the COO role",DRAFT_READY,,,,,,,,Reframed from healthcare to RE Credit (his actual mandate); July 2025 COO promotion; Raymond James/Scotiabank/RBC rapport
2026-05-14,HealthTexas Primary Care Doctors,Nick Zapata,Director of Information Technology,nick.zapata@healthtexas.org,Primary care DSO,A.1,"Nick — peer-IT note on HealthTexas primary-care IT load",DRAFT_READY,,,,,,,,$59M primary care since 1994; IT-titled buyer; peer-IT note
2026-05-14,AFC Urgent Care,Susan Hipp-Ludwick,COO,shipp-ludwick@afcurgentcare.com,Urgent care chain,A.2,"Susan — quick note on IT risk exposure across AFC's footprint",DRAFT_READY,,,,,,,,Risk management background; Hormozi-tight format with quantified hours; SEND-PRIORITY
2026-05-14,EyeCare Services Partners (ESP),Janna Mullaney,COO,janna.mullaney@espmgmt.com,Eyecare DSO,A.1,"Janna — quick note on multi-state eyecare ops at ESP",DRAFT_READY,,,,,,,,Multi-state eyecare DSO; ophthalmology-specific PMS (NextGen/Compulink/ManagementPlus)
2026-05-14,ENT Specialty Partners,Michael Bokros,Sr Director of IT,mbokros@entsp.com,ENT DSO,A.1,"Michael — peer-infrastructure note on ENT Specialty Partners IT",DRAFT_READY,,,,,,,,Citrix/Cloud Infrastructure background; ENT-specific stacks; deep tech peer
2026-05-14,Legent Health,Greg Willingham,Director IT Operations,mwillingham@legenthealth.com,Healthcare,A.1,"Greg — security-first IT note on Legent Health",DRAFT_READY,,,,,,,,SVP MGR IT Security + Director Enterprise Architecture background; security-first angle
2026-05-14,VMG Health,Jeff Carson,Director of IT Operations & Technology,jeff.carson@vmghealth.com,Healthcare advisory,A.3,"Jeff — peer-infrastructure note on VMG Health IT",DRAFT_READY,,,,,,,,$113M healthcare valuation/advisory; deep infrastructure career arc; M&A integration angle
2026-05-14,McKool Smith,Bruce Hatch,Director of Information Technology,bhatch@mckoolsmith.com,Litigation law,A.3,"Bruce — IT-director-to-IT-director note on McKool Smith",DRAFT_READY,,,,,,,,CIO + Founding Partner background; high-stakes litigation IT
2026-05-14,"Munsch Hardt Kopf & Harr, P.C.",Mike Furr,Chief Information Officer,mfurr@munsch.com,Dallas law,A.3,"Mike — senior-CIO note on Munsch Hardt's IT bench",DRAFT_READY,,,,,,,,Career CIO 20yrs; senior-CIO-peer tone
2026-05-14,Bradford Commercial Real Estate Services,Kevin Santaularia,CEO & President,ksantaularia@bradford.com,Commercial RE,A.3,"Kevin — quick note on broker-hour-loss across Bradford's offices",DRAFT_READY,,,,,,,,Hormozi-tight format with quantified broker-hour-loss; ARIA pitch; CEO target
2026-05-14,Dunaway,Russel Moos,Director of IT,rmoos@dunaway.com,Engineering,A.3,"Russel — IT-director note on Dunaway's CAD/BIM stack",DRAFT_READY,,,,,,,,CAD/BIM stack specifics (AutoCAD/Revit/Bluebeam); engineering firm IT peer
2026-05-14,Gordon Highlander,John Simpson,Director of Information Technology,jsimpson@gordonhighlander.com,Construction,A.3,"John — ops-to-IT-leader note on Gordon Highlander",DRAFT_READY,,,,,,,,Non-traditional CIO (Estimator → Analyst → IT Director); #18 Dallas BizJournal Top 50; 80% repeat business
2026-05-21,"Stephens Law Firm, PLLC",Lindsey Waldrop,Office Manager,lindsey@stephenslaw.com,DFW-Law,USA600-D,IT Services to rely on 24/7,DRAFT_READY,,,,,Send from Gmail drafts,2026-05-21,,USA600 push; draft_id=r-6390993062563209170; market=DFW-Law; email_status=verified
2026-05-21,"Rawson Law, PLLC",Stephanie Roark,Managing Partner,sroark@rawson-law.com,DFW-Law,USA600-D,IT Services to rely on 24/7,DRAFT_READY,,,,,Send from Gmail drafts,2026-05-21,,USA600 push; draft_id=r6059796569721804275; market=DFW-Law; email_status=verified
2026-05-21,"Calhoun, Bhella & Sechrest, LLP",Brian Calhoun,Managing Partner,bcalhoun@cbsattorneys.com,DFW-Law,USA600-D,IT Services to rely on 24/7,DRAFT_READY,,,,,Send from Gmail drafts,2026-05-21,,USA600 push; draft_id=r-2228869135924268430; market=DFW-Law; email_status=verified
2026-05-21,"Uvalle Law Firm,PLLC",Amy Quiroga,Regional Office Manager,amy.quiroga@lawboss.com,DFW-Law,USA600-D,IT Services to rely on 24/7,DRAFT_READY,,,,,Send from Gmail drafts,2026-05-21,,USA600 push; draft_id=r-2440003229319283967; market=DFW-Law; email_status=verified
2026-05-21,McDonald Law Firm,Patrick Oneal,Managing Partner,poneal@mcdonaldlawfirm.com,DFW-Law,USA600-D,IT Services to rely on 24/7,DRAFT_READY,,,,,Send from Gmail drafts,2026-05-21,,USA600 push; draft_id=r-2526639088577520068; market=DFW-Law; email_status=verified
2026-05-21,Frenkel & Frenkel,Scott Frenkel,Managing Partner,scottie@scottfrenkel.com,DFW-Law,USA600-D,IT Services to rely on 24/7,DRAFT_READY,,,,,Send from Gmail drafts,2026-05-21,,USA600 push; draft_id=r-9094622347664494455; market=DFW-Law; email_status=verified
2026-05-21,McCathern,Arnold Shokouhi,Managing Partner,ashokouhi@mccathernlaw.com,DFW-Law,USA600-D,IT Services to rely on 24/7,DRAFT_READY,,,,,Send from Gmail drafts,2026-05-21,,USA600 push; draft_id=r-9166467339784575465; market=DFW-Law; email_status=verified
2026-05-21,"Ryan Law Firm, PLLC",John Findley,IT Manager,john.findley@ryanlawyers.com,DFW-Law,USA600-D,IT Services to rely on 24/7,DRAFT_READY,,,,,Send from Gmail drafts,2026-05-21,,USA600 push; draft_id=r-4406543399227138682; market=DFW-Law; email_status=verified
2026-05-21,"The Blum Firm, P.C.",John Hunter,Managing Partner,jhunter@theblumfirm.com,DFW-Law,USA600-D,IT Services to rely on 24/7,DRAFT_READY,,,,,Send from Gmail drafts,2026-05-21,,USA600 push; draft_id=r-5684931305019994065; market=DFW-Law; email_status=verified
2026-05-21,CM Law,Kelly Culhane,Founder and Managing Partner,krc@cm.law,DFW-Law,USA600-D,IT Services to rely on 24/7,DRAFT_READY,,,,,Send from Gmail drafts,2026-05-21,,USA600 push; draft_id=r-1006439846367111907; market=DFW-Law; email_status=verified
2026-05-21,"Calhoun, Bhella & Sechrest, LLP",Jim Conner,"Managing Partner, North Carolina",jconner@cbsattorneys.com,DFW-Law,USA600-D,IT Services to rely on 24/7,DRAFT_READY,,,,,Send from Gmail drafts,2026-05-21,,USA600 push; draft_id=r-1570014609322917437; market=DFW-Law; email_status=verified
2026-05-21,"Orsinger, Nelson, Downing & Anderson, LLP",Robin Boss,Office Administrator,robin@ondafamilylaw.com,DFW-Law,USA600-D,IT Services to rely on 24/7,DRAFT_READY,,,,,Send from Gmail drafts,2026-05-21,,USA600 push; draft_id=r-7928988244102029314; market=DFW-Law; email_status=verified
2026-05-21,Kelly Hart & Hallman LLP,Michael Reece,IT Director,mike.reece@kellyhart.com,DFW-Law,USA600-D,IT Services to rely on 24/7,DRAFT_READY,,,,,Send from Gmail drafts,2026-05-21,,USA600 push; draft_id=r1591276939496941288; market=DFW-Law; email_status=verified
2026-05-21,"Orsinger, Nelson, Downing & Anderson, LLP",Greg Padron,Office Administrator,greg@ondafamilylaw.com,DFW-Law,USA600-D,IT Services to rely on 24/7,DRAFT_READY,,,,,Send from Gmail drafts,2026-05-21,,USA600 push; draft_id=r-6776925189554592756; market=DFW-Law; email_status=verified
2026-05-21,"Calhoun, Bhella & Sechrest, LLP",Cris Cicala,Managing Partner - New York,ccicala@cbsattorneys.com,DFW-Law,USA600-D,IT Services to rely on 24/7,DRAFT_READY,,,,,Send from Gmail drafts,2026-05-21,,USA600 push; draft_id=r-5802301956296623015; market=DFW-Law; email_status=verified
2026-05-21,"Simon Greenstone Panatier, PC",Alan Adkins,Information Technology Director,alan.adkins@sgptrial.com,DFW-Law,USA600-D,IT Services to rely on 24/7,DRAFT_READY,,,,,Send from Gmail drafts,2026-05-21,,USA600 push; draft_id=r5506271476153103419; market=DFW-Law; email_status=verified
2026-05-21,McCathern,Ty Sheaks,Managing Partner - Frisco,tsheaks@mccathernlaw.com,DFW-Law,USA600-D,IT Services to rely on 24/7,DRAFT_READY,,,,,Send from Gmail drafts,2026-05-21,,USA600 push; draft_id=r5502510888675127891; market=DFW-Law; email_status=verified
2026-05-21,Stewart Law Group PLLC,Andrea Cook,Managing Partner,acook@stewartlawgrp.com,DFW-Law,USA600-D,IT Services to rely on 24/7,DRAFT_READY,,,,,Send from Gmail drafts,2026-05-21,,USA600 push; draft_id=r-8793318727491845718; market=DFW-Law; email_status=verified
2026-05-21,"Smith Clinesmith, LLP",Dawn Smith,Managing Partner,dawn@fightingelderabuse.com,DFW-Law,USA600-D,IT Services to rely on 24/7,DRAFT_READY,,,,,Send from Gmail drafts,2026-05-21,,USA600 push; draft_id=r6539978065685896668; market=DFW-Law; email_status=verified
2026-05-21,OWLawyers Trial Law,Todd Frankfort,Managing Partner - Houston,todd@owlawyers.com,DFW-Law,USA600-D,IT Services to rely on 24/7,DRAFT_READY,,,,,Send from Gmail drafts,2026-05-21,,USA600 push; draft_id=r-8847537484900093002; market=DFW-Law; email_status=verified
2026-05-21,Frenkel & Frenkel,Betty Frenkel,Office Manager,betty@frenkelfirm.com,DFW-Law,USA600-D,IT Services to rely on 24/7,DRAFT_READY,,,,,Send from Gmail drafts,2026-05-21,,USA600 push; draft_id=r-4496052570351611033; market=DFW-Law; email_status=verified
2026-05-21,McCathern,Rodney Drinnon,Managing Partner -- Houston Office,rdrinnon@mccathernlaw.com,DFW-Law,USA600-D,IT Services to rely on 24/7,DRAFT_READY,,,,,Send from Gmail drafts,2026-05-21,,USA600 push; draft_id=r145101628270274106; market=DFW-Law; email_status=verified
2026-05-21,Frenkel & Frenkel,Jason Chandler,Director of Operations,jason@frenkelfirm.com,DFW-Law,USA600-D,IT Services to rely on 24/7,DRAFT_READY,,,,,Send from Gmail drafts,2026-05-21,,USA600 push; draft_id=r-1276301353465764954; market=DFW-Law; email_status=verified
2026-05-21,Leinart Law Firm,Marcus Leinart,Managing Partner,marcus@leinartlaw.com,DFW-Law,USA600-D,IT Services to rely on 24/7,DRAFT_READY,,,,,Send from Gmail drafts,2026-05-21,,USA600 push; draft_id=r9106757055570009115; market=DFW-Law; email_status=verified
2026-05-21,Bush and Bush Law Group,Dushyant Dubey,IT Manager,ddubey@bushlawgrp.com,DFW-Law,USA600-D,IT Services to rely on 24/7,DRAFT_READY,,,,,Send from Gmail drafts,2026-05-21,,USA600 push; draft_id=r-5019920485868106808; market=DFW-Law; email_status=verified
2026-05-21,Stewart Law Group PLLC,Amy Stewart,Founding and Managing Partner,astewart@stewartlawgrp.com,DFW-Law,USA600-D,IT Services to rely on 24/7,DRAFT_READY,,,,,Send from Gmail drafts,2026-05-21,,USA600 push; draft_id=r-4630060193916977649; market=DFW-Law; email_status=verified
2026-05-21,Cobb Martinez Woodward PLLC,Bill Cobb,Managing Partner,wcobb@cobbmartinez.com,DFW-Law,USA600-D,IT Services to rely on 24/7,DRAFT_READY,,,,,Send from Gmail drafts,2026-05-21,,USA600 push; draft_id=r-3387706603228038952; market=DFW-Law; email_status=verified
2026-05-21,"Ekvall & Byrne, LLP",Rick Byrne,Managing Partner,rbyrne@ekvallbyrne.com,DFW-Law,USA600-D,IT Services to rely on 24/7,DRAFT_READY,,,,,Send from Gmail drafts,2026-05-21,,USA600 push; draft_id=r-5264332069076006673; market=DFW-Law; email_status=verified
2026-05-21,Dorsett Johnson & Cisneros,JC Johnson,Co-Managing Equity Partner,jcjohnson@dorsettjohnson.com,DFW-Law,USA600-D,IT Services to rely on 24/7,DRAFT_READY,,,,,Send from Gmail drafts,2026-05-21,,USA600 push; draft_id=r-8808405655210146172; market=DFW-Law; email_status=verified
2026-05-21,"Figari + Davenport, LLP",Bill Davidoff,Managing Partner,bill.davidoff@figdav.com,DFW-Law,USA600-D,IT Services to rely on 24/7,DRAFT_READY,,,,,Send from Gmail drafts,2026-05-21,,USA600 push; draft_id=r1489685472930579836; market=DFW-Law; email_status=verified
2026-05-21,Goranson Bain Ausley,Brie Ramirez,Director of Operations,bramirez@gbafamilylaw.com,DFW-Law,USA600-D,IT Services to rely on 24/7,DRAFT_READY,,,,,Send from Gmail drafts,2026-05-21,,USA600 push; draft_id=r-8179382853632194573; market=DFW-Law; email_status=verified
2026-05-21,Vela Wood,Kevin Vela,Managing Partner,kvela@velawood.com,DFW-Law,USA600-D,IT Services to rely on 24/7,DRAFT_READY,,,,,Send from Gmail drafts,2026-05-21,,USA600 push; draft_id=r7992625007776668519; market=DFW-Law; email_status=verified
2026-05-21,Vartabedian Katz Hester & Haynes LLP,Conrad Hester,Managing Partner,conrad.hester@vhh.law,DFW-Law,USA600-D,IT Services to rely on 24/7,DRAFT_READY,,,,,Send from Gmail drafts,2026-05-21,,USA600 push; draft_id=r7016018629398821320; market=DFW-Law; email_status=verified
2026-05-21,"Simon Greenstone Panatier, PC",Brandy Williams,Office Manager,bwilliams@sgpblaw.com,DFW-Law,USA600-D,IT Services to rely on 24/7,DRAFT_READY,,,,,Send from Gmail drafts,2026-05-21,,USA600 push; draft_id=r2920962744467440297; market=DFW-Law; email_status=verified
2026-05-21,Kane Russell Coleman Logan PC,Greg Amme,Director of Information Technology,gamme@krcl.com,DFW-Law,USA600-D,IT Services to rely on 24/7,DRAFT_READY,,,,,Send from Gmail drafts,2026-05-21,,USA600 push; draft_id=r-1713375065241268883; market=DFW-Law; email_status=verified
2026-05-21,Wegman Partners,Todd Merkin,"Executive Director | Managing Partner, New York Office",tmerkin@wegmanpartners.com,DFW-Law,USA600-D,IT Services to rely on 24/7,DRAFT_READY,,,,,Send from Gmail drafts,2026-05-21,,USA600 push; draft_id=r1126896684712130721; market=DFW-Law; email_status=verified
2026-05-21,Condon Tobin Sladek Sparks Nerenberg PLLC,Cindy Ventura,Office Administrator,cventura@condontobin.com,DFW-Law,USA600-D,IT Services to rely on 24/7,DRAFT_READY,,,,,Send from Gmail drafts,2026-05-21,,USA600 push; draft_id=r-5593284325844011885; market=DFW-Law; email_status=verified
2026-05-21,Mayer LLP,Kevin Riley,Managing Partner-Houston,kriley@mayerllp.com,DFW-Law,USA600-D,IT Services to rely on 24/7,DRAFT_READY,,,,,Send from Gmail drafts,2026-05-21,,USA600 push; draft_id=r-4164779273841453747; market=DFW-Law; email_status=verified
2026-05-21,DeHay & Elliston,Diana Keene,Office Administrator,dkeene@dehay.com,DFW-Law,USA600-D,IT Services to rely on 24/7,DRAFT_READY,,,,,Send from Gmail drafts,2026-05-21,,USA600 push; draft_id=r-2431215299580616527; market=DFW-Law; email_status=verified
2026-05-21,"TOUCHSTONE, BERNAYS, JOHNSTON, BEALL, SMITH & STOLLENWERCK, L.L.P.",Wayne Gordon,Managing Partner,wayne.gordon@tbjbs.com,DFW-Law,USA600-D,IT Services to rely on 24/7,DRAFT_READY,,,,,Send from Gmail drafts,2026-05-21,,USA600 push; draft_id=r-5914333118955501528; market=DFW-Law; email_status=verified
2026-05-21,Bay Immigration Law,Yana Albrecht,Managing Partner,yana@bayimmigrationlaw.com,DFW-Law,USA600-D,IT Services to rely on 24/7,DRAFT_READY,,,,,Send from Gmail drafts,2026-05-21,,USA600 push; draft_id=r-4112504800416986380; market=DFW-Law; email_status=verified
2026-05-21,McCathern,Morgan Smith,Marketing Coordinator and Office Manager,msmith@mccathernlaw.com,DFW-Law,USA600-D,IT Services to rely on 24/7,DRAFT_READY,,,,,Send from Gmail drafts,2026-05-21,,USA600 push; draft_id=r630238949761048246; market=DFW-Law; email_status=verified
2026-05-21,"TOUCHSTONE, BERNAYS, JOHNSTON, BEALL, SMITH & STOLLENWERCK, L.L.P.",Ron Johnson,Managing Partner,ron.johnson@tbjbs.com,DFW-Law,USA600-D,IT Services to rely on 24/7,DRAFT_READY,,,,,Send from Gmail drafts,2026-05-21,,USA600 push; draft_id=r-8234098272195948990; market=DFW-Law; email_status=verified
2026-05-21,OWLawyers Trial Law,David Wynne,O’Neil Wysocki Managing Partner Ft Worth,david@owlawyers.com,DFW-Law,USA600-D,IT Services to rely on 24/7,DRAFT_READY,,,,,Send from Gmail drafts,2026-05-21,,USA600 push; draft_id=r-1290959087432391558; market=DFW-Law; email_status=verified
2026-05-21,Dorsett Johnson & Cisneros,Kasey Rachel,"Partner and Managing Attorney of Real Estate, Construction, Business & Estates Practice Groups",krachel@dorsettjohnson.com,DFW-Law,USA600-D,IT Services to rely on 24/7,DRAFT_READY,,,,,Send from Gmail drafts,2026-05-21,,USA600 push; draft_id=r-72774180055459351; market=DFW-Law; email_status=verified
2026-05-21,Munck Wilson Mandala LLP,William Munck,Managing Partner,wmunck@munckwilson.com,DFW-Law,USA600-D,IT Services to rely on 24/7,DRAFT_READY,,,,,Send from Gmail drafts,2026-05-21,,USA600 push; draft_id=r7531186034361234334; market=DFW-Law; email_status=verified
2026-05-21,Anderson Injury Lawyers,Carolina Salinas,Office Manager,carolina@andersoninjurylaw.com,DFW-Law,USA600-D,IT Services to rely on 24/7,DRAFT_READY,,,,,Send from Gmail drafts,2026-05-21,,USA600 push; draft_id=r516626710600585536; market=DFW-Law; email_status=verified
2026-05-21,Mayer LLP,Brian Fisher,Managing Partner - Albuquerque Office,bfisher@mayerllp.com,DFW-Law,USA600-D,IT Services to rely on 24/7,DRAFT_READY,,,,,Send from Gmail drafts,2026-05-21,,USA600 push; draft_id=r8046978957165091479; market=DFW-Law; email_status=verified
2026-05-21,Angel Reyes & Associates,Luis Gallegos,IT Manager,lgallegos@reyeslaw.com,DFW-Law,USA600-D,IT Services to rely on 24/7,DRAFT_READY,,,,,Send from Gmail drafts,2026-05-21,,USA600 push; draft_id=r-2810236848225602519; market=DFW-Law; email_status=verified
2026-05-21,"Brackett & Ellis, P.C.",Vickie Williams,IT Manager,vwilliams@belaw.com,DFW-Law,USA600-D,IT Services to rely on 24/7,DRAFT_READY,,,,,Send from Gmail drafts,2026-05-21,,USA600 push; draft_id=r-5553347748961997961; market=DFW-Law; email_status=verified
2026-05-21,Mayer LLP,Karen Frantel,Office Manager,kfrantel@mayerllp.com,DFW-Law,USA600-D,IT Services to rely on 24/7,DRAFT_READY,,,,,Send from Gmail drafts,2026-05-21,,USA600 push; draft_id=r2324183530606990410; market=DFW-Law; email_status=verified
2026-05-21,Mayer LLP,Rob Rickman,Founder and Co-Managing Partner,rrickman@mayerllp.com,DFW-Law,USA600-D,IT Services to rely on 24/7,DRAFT_READY,,,,,Send from Gmail drafts,2026-05-21,,USA600 push; draft_id=r-5869467755467447485; market=DFW-Law; email_status=verified
2026-05-21,Cobb Martinez Woodward PLLC,Cecilia Carter,Office Manager,ccarter@cobbmartinez.com,DFW-Law,USA600-D,IT Services to rely on 24/7,DRAFT_READY,,,,,Send from Gmail drafts,2026-05-21,,USA600 push; draft_id=r-7633467162295959081; market=DFW-Law; email_status=verified
2026-05-21,Mayer LLP,Joyce Sanders,Director of Operations,jsanders@mayerllp.com,DFW-Law,USA600-D,IT Services to rely on 24/7,DRAFT_READY,,,,,Send from Gmail drafts,2026-05-21,,USA600 push; draft_id=r-6913936110058375216; market=DFW-Law; email_status=verified
2026-05-21,FBFK Law,Starrett,Austin Office Administrator,lstarrett@fbfk.law,DFW-Law,USA600-D,IT Services to rely on 24/7,DRAFT_READY,,,,,Send from Gmail drafts,2026-05-21,,USA600 push; draft_id=r2846548457966096328; market=DFW-Law; email_status=verified
2026-05-21,Thompson Law,Ryan Thompson,Managing Partner,rthompson@triallawyers.com,DFW-Law,USA600-D,IT Services to rely on 24/7,DRAFT_READY,,,,,Send from Gmail drafts,2026-05-21,,USA600 push; draft_id=r7669098789271046889; market=DFW-Law; email_status=verified
2026-05-21,Munck Wilson Mandala LLP,David White,IT Manager,dwhite@munckwilson.com,DFW-Law,USA600-D,IT Services to rely on 24/7,DRAFT_READY,,,,,Send from Gmail drafts,2026-05-21,,USA600 push; draft_id=r-2605529333150469079; market=DFW-Law; email_status=verified
2026-05-21,Anderson Injury Lawyers,Gabriela Virgen,Director of Operations – Prelitigation,gabby@andersoninjurylaw.com,DFW-Law,USA600-D,IT Services to rely on 24/7,DRAFT_READY,,,,,Send from Gmail drafts,2026-05-21,,USA600 push; draft_id=r-6087647381633058767; market=DFW-Law; email_status=verified
2026-05-21,Wegman Partners,George Neary,Managing Director - Partner Practice Group,mneary@wegmans.com,DFW-Law,USA600-D,IT Services to rely on 24/7,DRAFT_READY,,,,,Send from Gmail drafts,2026-05-21,,USA600 push; draft_id=r-4660446411340244779; market=DFW-Law; email_status=verified
2026-05-21,"The Devadoss Law Firm, P.L.L.C.",Andrea Meadows,Director of Operations,andrea@fedemploymentlaw.com,DFW-Law,USA600-D,IT Services to rely on 24/7,DRAFT_READY,,,,,Send from Gmail drafts,2026-05-21,,USA600 push; draft_id=r1669800040975419181; market=DFW-Law; email_status=verified
2026-05-21,Shields Legal Group,Ellen Carrie,Office Manager,ecarrie@shieldslegal.com,DFW-Law,USA600-D,IT Services to rely on 24/7,DRAFT_READY,,,,,Send from Gmail drafts,2026-05-21,,USA600 push; draft_id=r820911830223617971; market=DFW-Law; email_status=verified
2026-05-21,"Morgan & Weisbrod, LLP",Paul Burkhalter,Senior Managing Partner,pburkhalter@morganweisbrod.com,DFW-Law,USA600-D,IT Services to rely on 24/7,DRAFT_READY,,,,,Send from Gmail drafts,2026-05-21,,USA600 push; draft_id=r-2295173490350363625; market=DFW-Law; email_status=verified
2026-05-21,Traveling Coaches,Chad Johnston,Director of Operations,cjohnston@travelingcoaches.com,DFW-Law,USA600-D,IT Services to rely on 24/7,DRAFT_READY,,,,,Send from Gmail drafts,2026-05-21,,USA600 push; draft_id=r5101980851383313463; market=DFW-Law; email_status=verified
2026-05-21,"Slater Matsil, LLP",Julie Russell,Office Manager,jrussell@slatermatsil.com,DFW-Law,USA600-D,IT Services to rely on 24/7,DRAFT_READY,,,,,Send from Gmail drafts,2026-05-21,,USA600 push; draft_id=r4387342094557527871; market=DFW-Law; email_status=verified
2026-05-21,"Scheef & Stone, LLP",Andrea Scott,Director of Operations,andrea.scott@solidcounsel.com,DFW-Law,USA600-D,IT Services to rely on 24/7,DRAFT_READY,,,,,Send from Gmail drafts,2026-05-21,,USA600 push; draft_id=r1014343377743655740; market=DFW-Law; email_status=verified
2026-05-21,"Simon Greenstone Panatier, PC",Christi Dutton,Paralegal/Supervisor/Office Manager at Simon Greenstone Panatier PC,cdutton@sgpblaw.com,DFW-Law,USA600-D,IT Services to rely on 24/7,DRAFT_READY,,,,,Send from Gmail drafts,2026-05-21,,USA600 push; draft_id=r3242732994115694526; market=DFW-Law; email_status=verified
2026-05-21,Munck Wilson Mandala LLP,John Cain,Houston Office Managing Partner,jcain@munckwilson.com,DFW-Law,USA600-D,IT Services to rely on 24/7,DRAFT_READY,,,,,Send from Gmail drafts,2026-05-21,,USA600 push; draft_id=r8263560096755056275; market=DFW-Law; email_status=verified
2026-05-21,Munck Wilson Mandala LLP,Gary Hecker,"Managing Partner, Los Angeles",ghecker@munckwilson.com,DFW-Law,USA600-D,IT Services to rely on 24/7,DRAFT_READY,,,,,Send from Gmail drafts,2026-05-21,,USA600 push; draft_id=r4505216590022684388; market=DFW-Law; email_status=verified
2026-05-21,"Kershaw Anderson King, PLLC",Susan Hamlin,Office Manager,shamlin@kaktxlaw.com,DFW-Law,USA600-D,IT Services to rely on 24/7,DRAFT_READY,,,,,Send from Gmail drafts,2026-05-21,,USA600 push; draft_id=r8400035712372525933; market=DFW-Law; email_status=verified
2026-05-21,Centerbase,Kent Jordan,"Director, IT and Cloud Operations",kent.jordan@centerbase.com,DFW-Law,USA600-D,IT Services to rely on 24/7,DRAFT_READY,,,,,Send from Gmail drafts,2026-05-21,,USA600 push; draft_id=r-1580023866240096647; market=DFW-Law; email_status=verified
2026-05-21,"Kessler Collins, P.C.",Stockton Saul,Director of Operations,ssaul@kesslercollins.com,DFW-Law,USA600-D,IT Services to rely on 24/7,DRAFT_READY,,,,,Send from Gmail drafts,2026-05-21,,USA600 push; draft_id=r-6865582046997891695; market=DFW-Law; email_status=verified
2026-05-21,Duffee + Eitzen,Teresa Bodensteiner,Office Manager,teresa@d-elaw.com,DFW-Law,USA600-D,IT Services to rely on 24/7,DRAFT_READY,,,,,Send from Gmail drafts,2026-05-21,,USA600 push; draft_id=r-8379463601380725673; market=DFW-Law; email_status=verified
2026-05-21,Cantey Hanger LLP,Brian Newby,Managing Partner,bnewby@canteyhanger.com,DFW-Law,USA600-D,IT Services to rely on 24/7,DRAFT_READY,,,,,Send from Gmail drafts,2026-05-21,,USA600 push; draft_id=r5053971370184377566; market=DFW-Law; email_status=verified
2026-05-21,Mueller Family Law Group,Jim Mueller,Managing Partner,jmueller@vernerbrumley.com,DFW-Law,USA600-D,IT Services to rely on 24/7,DRAFT_READY,,,,,Send from Gmail drafts,2026-05-21,,USA600 push; draft_id=r-5430305269303926616; market=DFW-Law; email_status=verified
2026-05-21,PSBP Law,Anish Patel,Managing Partner,apatel@psbplaw.com,DFW-Law,USA600-D,IT Services to rely on 24/7,DRAFT_READY,,,,,Send from Gmail drafts,2026-05-21,,USA600 push; draft_id=r5230169346516342317; market=DFW-Law; email_status=verified
2026-05-21,Martin Financial Group,Debbe Chandler,Office Administrator,dchandler@martinfinancialgroup.com,DFW-Law,USA600-D,IT Services to rely on 24/7,DRAFT_READY,,,,,Send from Gmail drafts,2026-05-21,,USA600 push; draft_id=r-410685309747687857; market=DFW-Law; email_status=verified
2026-05-21,Wick Phillips,Rob Wills,Managing Partner,rob.wills@wickphillips.com,DFW-Law,USA600-D,IT Services to rely on 24/7,DRAFT_READY,,,,,Send from Gmail drafts,2026-05-21,,USA600 push; draft_id=r6013100977034621403; market=DFW-Law; email_status=verified
2026-05-21,FBFK Law,Todd Friedland,California Managing Partner & Business Litigator,tfriedland@fbfk.law,DFW-Law,USA600-D,IT Services to rely on 24/7,DRAFT_READY,,,,,Send from Gmail drafts,2026-05-21,,USA600 push; draft_id=r-110736439724867144; market=DFW-Law; email_status=verified
2026-05-21,"Higier Allen & Lautin, P.C.",Tom Higier,Managing Partner,thigier@higierallen.com,DFW-Law,USA600-D,IT Services to rely on 24/7,DRAFT_READY,,,,,Send from Gmail drafts,2026-05-21,,USA600 push; draft_id=r-5020509961540471599; market=DFW-Law; email_status=verified
2026-05-21,"Higier Allen & Lautin, P.C.",Tim Woods,Managing Partner,twoods@higierallen.com,DFW-Law,USA600-D,IT Services to rely on 24/7,DRAFT_READY,,,,,Send from Gmail drafts,2026-05-21,,USA600 push; draft_id=r-7196759157087406851; market=DFW-Law; email_status=verified
2026-05-21,Angel Reyes & Associates,Gladys Mendoza,Office Manager/Paralegal,gmendoza@reyeslaw.com,DFW-Law,USA600-D,IT Services to rely on 24/7,DRAFT_READY,,,,,Send from Gmail drafts,2026-05-21,,USA600 push; draft_id=r6777995602712267315; market=DFW-Law; email_status=verified
2026-05-21,"Munsch Hardt Kopf & Harr, P.C.",Amy Davidson,Office Manager,adavidson@munsch.com,DFW-Law,USA600-D,IT Services to rely on 24/7,DRAFT_READY,,,,,Send from Gmail drafts,2026-05-21,,USA600 push; draft_id=r-2263265265253554536; market=DFW-Law; email_status=verified
2026-05-21,Advanced MedAesthetic Partners,Cindy Wilson,Managing Partner,cwilson@weramp.com,DFW-Law,USA600-D,IT Services to rely on 24/7,DRAFT_READY,,,,,Send from Gmail drafts,2026-05-21,,USA600 push; draft_id=r-363653709061588574; market=DFW-Law; email_status=verified
2026-05-21,Munck Wilson Mandala LLP,Kate Laquay,"Managing Partner, Los Angeles Office",klaquay@munckwilson.com,DFW-Law,USA600-D,IT Services to rely on 24/7,DRAFT_READY,,,,,Send from Gmail drafts,2026-05-21,,USA600 push; draft_id=r-3393603610879984572; market=DFW-Law; email_status=verified
2026-05-21,McKool Smith,Dee Lee,Office Administrator,deelee@mckoolsmith.com,DFW-Law,USA600-D,IT Services to rely on 24/7,DRAFT_READY,,,,,Send from Gmail drafts,2026-05-21,,USA600 push; draft_id=r-5609501364228116725; market=DFW-Law; email_status=verified
2026-05-21,"Griffith Davison, P.C.",Susan Boldrick,Office Administrator,sboldrick@griffithdavison.com,DFW-Law,USA600-D,IT Services to rely on 24/7,DRAFT_READY,,,,,Send from Gmail drafts,2026-05-21,,USA600 push; draft_id=r-6989277620649550503; market=DFW-Law; email_status=verified
2026-05-21,National Title Group,Danny Helms,Managing Partner,dhelms@nationaltitlegroup.com,DFW-Law,USA600-D,IT Services to rely on 24/7,DRAFT_READY,,,,,Send from Gmail drafts,2026-05-21,,USA600 push; draft_id=r3539130404050310303; market=DFW-Law; email_status=verified
2026-05-21,Smith Anglin Financial,Steve Anglin,Managing Partner,sanglin@smithanglin.com,DFW-Law,USA600-D,IT Services to rely on 24/7,DRAFT_READY,,,,,Send from Gmail drafts,2026-05-21,,USA600 push; draft_id=r-6796649361303931236; market=DFW-Law; email_status=verified
2026-05-21,"ProCollect, Inc.",Lesley Llorente,Office Administrator,llorente@procollect.com,DFW-Law,USA600-D,IT Services to rely on 24/7,DRAFT_READY,,,,,Send from Gmail drafts,2026-05-21,,USA600 push; draft_id=r2059687895774103710; market=DFW-Law; email_status=verified
2026-05-21,"Carrington, Coleman, Sloman & Blumenthal, LLP",Monica Latin,Managing Partner,mlatin@ccsb.com,DFW-Law,USA600-D,IT Services to rely on 24/7,DRAFT_READY,,,,,Send from Gmail drafts,2026-05-21,,USA600 push; draft_id=r-8401563037230386546; market=DFW-Law; email_status=verified
2026-05-21,Smith Anglin Financial,Weston Pollock,Managing Partner,wpollock@smithanglin.com,DFW-Law,USA600-D,IT Services to rely on 24/7,DRAFT_READY,,,,,Send from Gmail drafts,2026-05-21,,USA600 push; draft_id=r1210380305151864046; market=DFW-Law; email_status=verified
2026-05-21,McClure Law Group,Francesca Blackard,Managing Partner,fblackard@mcclure-lawgroup.com,DFW-Law,USA600-D,IT Services to rely on 24/7,DRAFT_READY,,,,,Send from Gmail drafts,2026-05-21,,USA600 push; draft_id=r4082843510907471699; market=DFW-Law; email_status=verified
2026-05-21,Burns Charest LLP,Daniel Charest,Managing Partner,dcharest@burnscharest.com,DFW-Law,USA600-D,IT Services to rely on 24/7,DRAFT_READY,,,,,Send from Gmail drafts,2026-05-21,,USA600 push; draft_id=r4376287572397451370; market=DFW-Law; email_status=verified
2026-05-21,Burns Charest LLP,Warren Burns,Managing Partner,wburns@burnscharest.com,DFW-Law,USA600-D,IT Services to rely on 24/7,DRAFT_READY,,,,,Send from Gmail drafts,2026-05-21,,USA600 push; draft_id=r-2692521054683451377; market=DFW-Law; email_status=verified
2026-05-21,Smith Anglin Financial,Chris Lott,Managing Partner,clott@smithanglin.com,DFW-Law,USA600-D,IT Services to rely on 24/7,DRAFT_READY,,,,,Send from Gmail drafts,2026-05-21,,USA600 push; draft_id=r-5197214397082161804; market=DFW-Law; email_status=verified
2026-05-21,BVA Group,Erica Bramer,Managing Partner,ebramer@bvagroup.com,DFW-Law,USA600-D,IT Services to rely on 24/7,DRAFT_READY,,,,,Send from Gmail drafts,2026-05-21,,USA600 push; draft_id=r7972637042893817750; market=DFW-Law; email_status=verified
2026-05-21,Saville CPAs & Advisors,Daniel Delaughter,Managing Partner,danield@savillecpa.com,DFW-Law,USA600-D,IT Services to rely on 24/7,DRAFT_READY,,,,,Send from Gmail drafts,2026-05-21,,USA600 push; draft_id=r2642837994151827523; market=DFW-Law; email_status=verified
2026-05-21,Foresite Commercial Real Estate®️,Donna Havel,Operations Manager,dhavel@foresitecre.com,TX-RealEstate,USA600-D,IT Services to rely on 24/7,DRAFT_READY,,,,,Send from Gmail drafts,2026-05-21,,USA600 push; draft_id=r3556036459564890736; market=TX-RealEstate; email_status=verified
2026-05-21,ARC Real Estate Management,Bryan Riebel,Chief Operating Officer,briebel@arcremgmt.com,TX-RealEstate,USA600-D,IT Services to rely on 24/7,DRAFT_READY,,,,,Send from Gmail drafts,2026-05-21,,USA600 push; draft_id=r-4970872988285065567; market=TX-RealEstate; email_status=verified
2026-05-21,Endeavor Real Estate Group,Jenny Whittemore,Chief Operating Officer,jwhittemore@endeavor-re.com,TX-RealEstate,USA600-D,IT Services to rely on 24/7,DRAFT_READY,,,,,Send from Gmail drafts,2026-05-21,,USA600 push; draft_id=r3185174229395710158; market=TX-RealEstate; email_status=verified
2026-05-21,Cornerstone Property Management,Chad Bradley,Director of Operations,chad@cornerstoneaspen.com,TX-RealEstate,USA600-D,IT Services to rely on 24/7,DRAFT_READY,,,,,Send from Gmail drafts,2026-05-21,,USA600 push; draft_id=r5258521091756782216; market=TX-RealEstate; email_status=verified
2026-05-21,Z3 Real Estate,Ashlee Lucas,Director of Operations,ashlee@z3realestate.us,TX-RealEstate,USA600-D,IT Services to rely on 24/7,DRAFT_READY,,,,,Send from Gmail drafts,2026-05-21,,USA600 push; draft_id=r8311114973316774072; market=TX-RealEstate; email_status=verified
2026-05-21,Dakota Enterprises LLC,Robert Hervey,Chief Operating Officer / Senior Director of Operations,roberth@dakotaprop.com,TX-RealEstate,USA600-D,IT Services to rely on 24/7,DRAFT_READY,,,,,Send from Gmail drafts,2026-05-21,,USA600 push; draft_id=r-1520646030038856190; market=TX-RealEstate; email_status=verified
2026-05-21,USAA Real Estate,Benjamin Christian,"Managing Director, Portfolio Management",ben.christian@affiniuscapital.com,TX-RealEstate,USA600-D,IT Services to rely on 24/7,DRAFT_READY,,,,,Send from Gmail drafts,2026-05-21,,USA600 push; draft_id=r-7040152534178087265; market=TX-RealEstate; email_status=verified
2026-05-21,"DHRP | DH Realty Partners, Inc.",Michael Hoover,COO,hoover@dhrp.us,TX-RealEstate,USA600-D,IT Services to rely on 24/7,DRAFT_READY,,,,,Send from Gmail drafts,2026-05-21,,USA600 push; draft_id=r-4760661601610682037; market=TX-RealEstate; email_status=verified
2026-05-21,Ascension Multifamily,Kyle Wood,IT Director,kwood@ascensioncre.com,TX-RealEstate,USA600-D,IT Services to rely on 24/7,DRAFT_READY,,,,,Send from Gmail drafts,2026-05-21,,USA600 push; draft_id=r4933452756049268687; market=TX-RealEstate; email_status=verified
2026-05-21,The Practice Companies - Real Estate & Practice Sales,Dave Williams,"Partner, COO",dave@practicerealestategroup.com,TX-RealEstate,USA600-D,IT Services to rely on 24/7,DRAFT_READY,,,,,Send from Gmail drafts,2026-05-21,,USA600 push; draft_id=r7919522390914149801; market=TX-RealEstate; email_status=verified
2026-05-21,Triten Real Estate Partners,Sharon Friedensohn,Director of Operations,sfriedensohn@triten.com,TX-RealEstate,USA600-D,IT Services to rely on 24/7,DRAFT_READY,,,,,Send from Gmail drafts,2026-05-21,,USA600 push; draft_id=r-199229705898110851; market=TX-RealEstate; email_status=verified
2026-05-21,Griffin Partners Inc.,Lee Moreland,Chief Operating Officer,lmoreland@griffinpartners.com,TX-RealEstate,USA600-D,IT Services to rely on 24/7,DRAFT_READY,,,,,Send from Gmail drafts,2026-05-21,,USA600 push; draft_id=r2014190629804578921; market=TX-RealEstate; email_status=verified
2026-05-21,Affinius Capital,Peter McLaughlin,Executive Managing Director & Co-COO,peter.mclaughlin@affiniuscapital.com,TX-RealEstate,USA600-D,IT Services to rely on 24/7,DRAFT_READY,,,,,Send from Gmail drafts,2026-05-21,,USA600 push; draft_id=r851139331611041595; market=TX-RealEstate; email_status=verified
2026-05-21,"Silver Star Properties REIT, Inc.",David Wheeler,Chief Operating Officer,dave@silverstarreit.com,TX-RealEstate,USA600-D,IT Services to rely on 24/7,DRAFT_READY,,,,,Send from Gmail drafts,2026-05-21,,USA600 push; draft_id=r2534013328284966587; market=TX-RealEstate; email_status=verified
2026-05-21,HPI Real Estate Services & Investments,Jorge Campos,Information Technology Manager,jcampos@hpitx.com,TX-RealEstate,USA600-D,IT Services to rely on 24/7,DRAFT_READY,,,,,Send from Gmail drafts,2026-05-21,,USA600 push; draft_id=r4607669196856278179; market=TX-RealEstate; email_status=verified
2026-05-21,Offerd,Joe Pucillo,Chief Operating Officer,joe.pucillo@marketing.offerd.com,TX-RealEstate,USA600-D,IT Services to rely on 24/7,DRAFT_READY,,,,,Send from Gmail drafts,2026-05-21,,USA600 push; draft_id=r7551810695290375132; market=TX-RealEstate; email_status=verified
2026-05-21,HPI Real Estate Services & Investments,George Jennings,Managing Director,gjennings@hpitx.com,TX-RealEstate,USA600-D,IT Services to rely on 24/7,DRAFT_READY,,,,,Send from Gmail drafts,2026-05-21,,USA600 push; draft_id=r-8412979325305667607; market=TX-RealEstate; email_status=verified
2026-05-21,HPI Real Estate Services & Investments,Jake Neal,Managing Director,jneal@hpitx.com,TX-RealEstate,USA600-D,IT Services to rely on 24/7,DRAFT_READY,,,,,Send from Gmail drafts,2026-05-21,,USA600 push; draft_id=r2368979036897188998; market=TX-RealEstate; email_status=verified
2026-05-21,HPI Real Estate Services & Investments,Thomas Grafton,Managing Director,tgrafton@hpitx.com,TX-RealEstate,USA600-D,IT Services to rely on 24/7,DRAFT_READY,,,,,Send from Gmail drafts,2026-05-21,,USA600 push; draft_id=r-6225898017793167266; market=TX-RealEstate; email_status=verified
2026-05-21,HPI Real Estate Services & Investments,Casey Casper,Managing Director,ccasper@hpitx.com,TX-RealEstate,USA600-D,IT Services to rely on 24/7,DRAFT_READY,,,,,Send from Gmail drafts,2026-05-21,,USA600 push; draft_id=r-747156427520053600; market=TX-RealEstate; email_status=verified
2026-05-21,HPI Real Estate Services & Investments,Kendall Cantele,Managing Director,cantele@hpitx.com,TX-RealEstate,USA600-D,IT Services to rely on 24/7,DRAFT_READY,,,,,Send from Gmail drafts,2026-05-21,,USA600 push; draft_id=r-2684138527330162653; market=TX-RealEstate; email_status=verified
2026-05-21,HPI Real Estate Services & Investments,Garrison Lackey,Managing Director,glackey@hpitx.com,TX-RealEstate,USA600-D,IT Services to rely on 24/7,DRAFT_READY,,,,,Send from Gmail drafts,2026-05-21,,USA600 push; draft_id=r3498573451329981794; market=TX-RealEstate; email_status=verified
2026-05-21,Metric Property Management,Rebekah Tuckner,Director of Operations,rtuckner@metricpropertymanagement.com,TX-RealEstate,USA600-D,IT Services to rely on 24/7,DRAFT_READY,,,,,Send from Gmail drafts,2026-05-21,,USA600 push; draft_id=r-6421579531417605521; market=TX-RealEstate; email_status=verified
2026-05-21,RockStep Capital,Tommy Stewart,COO,tstewart@rockstep.com,TX-RealEstate,USA600-D,IT Services to rely on 24/7,DRAFT_READY,,,,,Send from Gmail drafts,2026-05-21,,USA600 push; draft_id=r6523893270929117574; market=TX-RealEstate; email_status=verified
2026-05-21,Ritex Real Estate,Zulfikar Ahmed,Human Resources & Operations Manager,zulfikar@ritexrealestate.com,TX-RealEstate,USA600-D,IT Services to rely on 24/7,DRAFT_READY,,,,,Send from Gmail drafts,2026-05-21,,USA600 push; draft_id=r5454102242868850035; market=TX-RealEstate; email_status=verified
2026-05-21,"Hanszen Laporte, LLP",Anisse Peters,Chief Operating Officer,apeters@hanszenlaporte.com,TX-RealEstate,USA600-D,IT Services to rely on 24/7,DRAFT_READY,,,,,Send from Gmail drafts,2026-05-21,,USA600 push; draft_id=r-6801695298037690883; market=TX-RealEstate; email_status=verified
2026-05-21,RESOLUT RE,Amelia Andrews,Chief Operations Officer,amelia@resolutre.com,TX-RealEstate,USA600-D,IT Services to rely on 24/7,DRAFT_READY,,,,,Send from Gmail drafts,2026-05-21,,USA600 push; draft_id=r-8912402417046263934; market=TX-RealEstate; email_status=verified
2026-05-21,Porter Law Firm,Michelle Smith,Chief Operating Officer,msmith@porterfirm.com,TX-RealEstate,USA600-D,IT Services to rely on 24/7,DRAFT_READY,,,,,Send from Gmail drafts,2026-05-21,,USA600 push; draft_id=r-8509949437339223688; market=TX-RealEstate; email_status=verified
2026-05-21,Moody Rambin,Bob Cromwell,Managing Director,bcromwell@moodyrambin.com,TX-RealEstate,USA600-D,IT Services to rely on 24/7,DRAFT_READY,,,,,Send from Gmail drafts,2026-05-21,,USA600 push; draft_id=r-7054288583638650919; market=TX-RealEstate; email_status=verified
2026-05-21,Live Oak,Michael Walliser,Chief Operating Officer,michael@carolinalandexperts.com,TX-RealEstate,USA600-D,IT Services to rely on 24/7,DRAFT_READY,,,,,Send from Gmail drafts,2026-05-21,,USA600 push; draft_id=r-435677409205588493; market=TX-RealEstate; email_status=verified
2026-05-21,Live Oak,David Ingram,Chief Operating Officer,dingram@liveoakcaregivers.com,TX-RealEstate,USA600-D,IT Services to rely on 24/7,DRAFT_READY,,,,,Send from Gmail drafts,2026-05-21,,USA600 push; draft_id=r-4616626908456227348; market=TX-RealEstate; email_status=verified
2026-05-21,Rebees Management Company,Micah Hart,Chief Operating Officer,mhart@rebeesmanagement.com,TX-RealEstate,USA600-D,IT Services to rely on 24/7,DRAFT_READY,,,,,Send from Gmail drafts,2026-05-21,,USA600 push; draft_id=r-1704005594682364255; market=TX-RealEstate; email_status=verified
2026-05-21,Lee & Associates - Houston,Andy Uschold,Managing Director,auschold@lee-associates.com,TX-RealEstate,USA600-D,IT Services to rely on 24/7,DRAFT_READY,,,,,Send from Gmail drafts,2026-05-21,,USA600 push; draft_id=r-349620234931590985; market=TX-RealEstate; email_status=verified
2026-05-21,The Brownstone Group,Doak Brown,Chief Operating Officer,doak@tbsg.com,TX-RealEstate,USA600-D,IT Services to rely on 24/7,DRAFT_READY,,,,,Send from Gmail drafts,2026-05-21,,USA600 push; draft_id=r2535148289916452162; market=TX-RealEstate; email_status=verified
2026-05-21,BRASS,William Haley,Chief Operating Officer,bill@brass.us,TX-RealEstate,USA600-D,IT Services to rely on 24/7,DRAFT_READY,,,,,Send from Gmail drafts,2026-05-21,,USA600 push; draft_id=r9075386858453298857; market=TX-RealEstate; email_status=verified
2026-05-21,KDW,Rolf Scheffler,Chief Operating Officer,rscheffler@kdw.com,TX-RealEstate,USA600-D,IT Services to rely on 24/7,DRAFT_READY,,,,,Send from Gmail drafts,2026-05-21,,USA600 push; draft_id=r4251225114918695555; market=TX-RealEstate; email_status=verified
2026-05-21,"Pinecroft Realty, LLC",David Teague,Chief Operating Officer,david.teague@pinecroftrealty.com,TX-RealEstate,USA600-D,IT Services to rely on 24/7,DRAFT_READY,,,,,Send from Gmail drafts,2026-05-21,,USA600 push; draft_id=r1276166498523512150; market=TX-RealEstate; email_status=verified
2026-05-21,Uptown Real Estate Group,Catalina Aristizabal,Real Estate Director of Operations,catalina@uptownhouston.com,TX-RealEstate,USA600-D,IT Services to rely on 24/7,DRAFT_READY,,,,,Send from Gmail drafts,2026-05-21,,USA600 push; draft_id=r-6339753290524352673; market=TX-RealEstate; email_status=verified
2026-05-21,Peak Rock Capital,Ryan Smith,Managing Director | Ops Partner,smith@peakgrowthconsulting.com,TX-RealEstate,USA600-D,IT Services to rely on 24/7,DRAFT_READY,,,,,Send from Gmail drafts,2026-05-21,,USA600 push; draft_id=r8928008506520380265; market=TX-RealEstate; email_status=verified
2026-05-21,Nitya Capital,Prashant Shenoy,Chief Operating Officer,pshenoy@nityacapital.com,TX-RealEstate,USA600-D,IT Services to rely on 24/7,DRAFT_READY,,,,,Send from Gmail drafts,2026-05-21,,USA600 push; draft_id=r480172278286226985; market=TX-RealEstate; email_status=verified
2026-05-21,UnlockMLS & Austin Board of REALTORS®,Stan Martin,Chief Operating Officer,smartin@abor.com,TX-RealEstate,USA600-D,IT Services to rely on 24/7,DRAFT_READY,,,,,Send from Gmail drafts,2026-05-21,,USA600 push; draft_id=r-5406109680853898063; market=TX-RealEstate; email_status=verified
2026-05-21,Finial Group,Dylan Schopper,Managing Director,dylan.schopper@finialgroup.com,TX-RealEstate,USA600-D,IT Services to rely on 24/7,DRAFT_READY,,,,,Send from Gmail drafts,2026-05-21,,USA600 push; draft_id=r7799237078945047237; market=TX-RealEstate; email_status=verified
2026-05-21,Offerd,Marcus Christensen,Managing Director,marcus@offerd.com,TX-RealEstate,USA600-D,IT Services to rely on 24/7,DRAFT_READY,,,,,Send from Gmail drafts,2026-05-21,,USA600 push; draft_id=r8764414953251155385; market=TX-RealEstate; email_status=verified
2026-05-21,Urban Genesis,Melissa Montgomery,Chief Operating Officer,melissa@urban-genesis.com,TX-RealEstate,USA600-D,IT Services to rely on 24/7,DRAFT_READY,,,,,Send from Gmail drafts,2026-05-21,,USA600 push; draft_id=r2323730910495836514; market=TX-RealEstate; email_status=verified
2026-05-21,CAZ Investments,Ron Veillon,Managing Director - Chief Operating Officer,rbveillon@cazinvestments.com,TX-RealEstate,USA600-D,IT Services to rely on 24/7,DRAFT_READY,,,,,Send from Gmail drafts,2026-05-21,,USA600 push; draft_id=r7064652776720159927; market=TX-RealEstate; email_status=verified
2026-05-21,Lovett Industrial,Sara Bloom,Chief Operating Officer,sara.bloom@lovettindustrial.com,TX-RealEstate,USA600-D,IT Services to rely on 24/7,DRAFT_READY,,,,,Send from Gmail drafts,2026-05-21,,USA600 push; draft_id=r4914103126857727625; market=TX-RealEstate; email_status=verified
2026-05-21,HPI Real Estate Services & Investments,Ben Cuzen,Executive Managing Director,bcuzen@hpitx.com,TX-RealEstate,USA600-D,IT Services to rely on 24/7,DRAFT_READY,,,,,Send from Gmail drafts,2026-05-21,,USA600 push; draft_id=r-3700025215376382399; market=TX-RealEstate; email_status=verified
2026-05-21,HPI Real Estate Services & Investments,Lewis,Executive Managing Director,jdlewis@hpitx.com,TX-RealEstate,USA600-D,IT Services to rely on 24/7,DRAFT_READY,,,,,Send from Gmail drafts,2026-05-21,,USA600 push; draft_id=r3650219042314907862; market=TX-RealEstate; email_status=verified
2026-05-21,HPI Real Estate Services & Investments,Matthew Montague,Executive Managing Director,mmontague@hpitx.com,TX-RealEstate,USA600-D,IT Services to rely on 24/7,DRAFT_READY,,,,,Send from Gmail drafts,2026-05-21,,USA600 push; draft_id=r-166472446602634101; market=TX-RealEstate; email_status=verified
2026-05-21,Quantum Leap Property Management,Kristal Miller,Director of Operations,kristal@quantumleapmgt.com,TX-RealEstate,USA600-D,IT Services to rely on 24/7,DRAFT_READY,,,,,Send from Gmail drafts,2026-05-21,,USA600 push; draft_id=r2259568542648378697; market=TX-RealEstate; email_status=verified
2026-05-21,Nan and Company Properties,Jose Almodovar,Chief Operating Officer,jose@nanproperties.com,TX-RealEstate,USA600-D,IT Services to rely on 24/7,DRAFT_READY,,,,,Send from Gmail drafts,2026-05-21,,USA600 push; draft_id=r5426699182857805433; market=TX-RealEstate; email_status=verified
2026-05-21,Visio Lending,Michele Kryczkowski,Chief Operating Officer,michele.kryczkowski@visiolending.com,TX-RealEstate,USA600-D,IT Services to rely on 24/7,DRAFT_READY,,,,,Send from Gmail drafts,2026-05-21,,USA600 push; draft_id=r-3352507684853655520; market=TX-RealEstate; email_status=verified
2026-05-21,Sueba USA Corporation,Robert Wray,Information Technology Manager,robertwray@suebausa.com,TX-RealEstate,USA600-D,IT Services to rely on 24/7,DRAFT_READY,,,,,Send from Gmail drafts,2026-05-21,,USA600 push; draft_id=r-6490869644151479017; market=TX-RealEstate; email_status=verified
2026-05-21,White House Global Properties,Nanhi Hodge,Chief Operating Officer,nanhi@whitehouseglobalproperties.com,TX-RealEstate,USA600-D,IT Services to rely on 24/7,DRAFT_READY,,,,,Send from Gmail drafts,2026-05-21,,USA600 push; draft_id=r-2055802252330306166; market=TX-RealEstate; email_status=verified
2026-05-21,Urbanspace,Brian Thrippleton,COO,bthrippleton@urbanspacedev.com,TX-RealEstate,USA600-D,IT Services to rely on 24/7,DRAFT_READY,,,,,Send from Gmail drafts,2026-05-21,,USA600 push; draft_id=r5834415119076964348; market=TX-RealEstate; email_status=verified
2026-05-21,Urbanspace,Lara Boyda,COO,lara@urbanspacelifestyle.com,TX-RealEstate,USA600-D,IT Services to rely on 24/7,DRAFT_READY,,,,,Send from Gmail drafts,2026-05-21,,USA600 push; draft_id=r-4662277730773234429; market=TX-RealEstate; email_status=verified
2026-05-21,NewQuest,Emily Friedlander,Managing Director,efriedlander@newquest.com,TX-RealEstate,USA600-D,IT Services to rely on 24/7,DRAFT_READY,,,,,Send from Gmail drafts,2026-05-21,,USA600 push; draft_id=r-5983415950479618987; market=TX-RealEstate; email_status=verified
2026-05-21,"SWE Homes, LP",Alvaro Barrios,IT Director,abarrios@swehomes.com,TX-RealEstate,USA600-D,IT Services to rely on 24/7,DRAFT_READY,,,,,Send from Gmail drafts,2026-05-21,,USA600 push; draft_id=r6873241738936893363; market=TX-RealEstate; email_status=verified
2026-05-21,Santikos Entertainment,Rob Lehman,President and Chief Operating Officer,rlehman@santikos.com,TX-RealEstate,USA600-D,IT Services to rely on 24/7,DRAFT_READY,,,,,Send from Gmail drafts,2026-05-21,,USA600 push; draft_id=r-7070862903529879118; market=TX-RealEstate; email_status=verified
2026-05-21,ECR,Connie Simutonga,Operations Manager,csimutonga@ecrtx.com,TX-RealEstate,USA600-D,IT Services to rely on 24/7,DRAFT_READY,,,,,Send from Gmail drafts,2026-05-21,,USA600 push; draft_id=r1500806876233724087; market=TX-RealEstate; email_status=verified
2026-05-21,Virtus Real Estate Capital,Matt Withey,Managing Director,mwithey@virtusre.com,TX-RealEstate,USA600-D,IT Services to rely on 24/7,DRAFT_READY,,,,,Send from Gmail drafts,2026-05-21,,USA600 push; draft_id=r-7761506013373425036; market=TX-RealEstate; email_status=verified
2026-05-21,BCS,Veljo Tanevski,IT Manager,v.tanevski@bcs.com.mk,TX-RealEstate,USA600-D,IT Services to rely on 24/7,DRAFT_READY,,,,,Send from Gmail drafts,2026-05-21,,USA600 push; draft_id=r3355020995368695830; market=TX-RealEstate; email_status=verified
2026-05-21,Live Oak,Jesse Daly,Chief Financial Officer - Chief Operating Officer,jesse@liveoak.com,TX-RealEstate,USA600-D,IT Services to rely on 24/7,DRAFT_READY,,,,,Send from Gmail drafts,2026-05-21,,USA600 push; draft_id=r5551945130815550712; market=TX-RealEstate; email_status=verified
2026-05-21,Offerd,Hunter McElhaney,Managing Director - Retail,hunter.mcelhaney@offerd.com,TX-RealEstate,USA600-D,IT Services to rely on 24/7,DRAFT_READY,,,,,Send from Gmail drafts,2026-05-21,,USA600 push; draft_id=r3895086191650461344; market=TX-RealEstate; email_status=verified
2026-05-21,"Texas Ally Real Estate Group, LLC",Amanda York,Director of Operations,amanda@texasally.com,TX-RealEstate,USA600-D,IT Services to rely on 24/7,DRAFT_READY,,,,,Send from Gmail drafts,2026-05-21,,USA600 push; draft_id=r-3043963409579225416; market=TX-RealEstate; email_status=verified
2026-05-21,Rosenthal Pauerstein Sandoloski Agather LLP,Tim Martin,IT Director,tmartin@rpsalaw.com,TX-RealEstate,USA600-D,IT Services to rely on 24/7,DRAFT_READY,,,,,Send from Gmail drafts,2026-05-21,,USA600 push; draft_id=r-3564567798139239258; market=TX-RealEstate; email_status=verified
2026-05-21,Gulf Coast Flooring & Services,Chuck Flournoy,Chief Operations Officer,chuck@gulfcoastflooring.net,TX-RealEstate,USA600-D,IT Services to rely on 24/7,DRAFT_READY,,,,,Send from Gmail drafts,2026-05-21,,USA600 push; draft_id=r8289047443933745465; market=TX-RealEstate; email_status=verified
2026-05-21,Griffin Partners Inc.,Patrick Keltner,Managing Director - Head of Innovation,pkeltner@griffinpartners.com,TX-RealEstate,USA600-D,IT Services to rely on 24/7,DRAFT_READY,,,,,Send from Gmail drafts,2026-05-21,,USA600 push; draft_id=r-2583926343550076487; market=TX-RealEstate; email_status=verified
2026-05-21,Virtus Real Estate Capital,Will Strong,Cfo/coo,wstrong@virtusre.com,TX-RealEstate,USA600-D,IT Services to rely on 24/7,DRAFT_READY,,,,,Send from Gmail drafts,2026-05-21,,USA600 push; draft_id=r1229186364218073472; market=TX-RealEstate; email_status=verified
2026-05-21,BCS,Carlos Burundarena,Managing Director,cburundarena@bcscompliance.com,TX-RealEstate,USA600-D,IT Services to rely on 24/7,DRAFT_READY,,,,,Send from Gmail drafts,2026-05-21,,USA600 push; draft_id=r-2080747281846371790; market=TX-RealEstate; email_status=verified
2026-05-21,Affinius Capital,Laurie Golub,Chief Operating Officer,lg@affiniuscapital.com,TX-RealEstate,USA600-D,IT Services to rely on 24/7,DRAFT_READY,,,,,Send from Gmail drafts,2026-05-21,,USA600 push; draft_id=r5847009790529805758; market=TX-RealEstate; email_status=verified
2026-05-21,Pennybacker,Carey Doyle,Managing Director,cdoyle@pennybackercap.com,TX-RealEstate,USA600-D,IT Services to rely on 24/7,DRAFT_READY,,,,,Send from Gmail drafts,2026-05-21,,USA600 push; draft_id=r-8409135429626130519; market=TX-RealEstate; email_status=verified
2026-05-21,CapRidge Partners,Stuart Bernstein,"Partner, Managing Director",stuart@capridgepartners.com,TX-RealEstate,USA600-D,IT Services to rely on 24/7,DRAFT_READY,,,,,Send from Gmail drafts,2026-05-21,,USA600 push; draft_id=r-6442890829646626609; market=TX-RealEstate; email_status=verified
2026-05-21,UnlockMLS & Austin Board of REALTORS®,Andy Rester,IT Operations Manager,arester@abor.com,TX-RealEstate,USA600-D,IT Services to rely on 24/7,DRAFT_READY,,,,,Send from Gmail drafts,2026-05-21,,USA600 push; draft_id=r-644786409601515623; market=TX-RealEstate; email_status=verified
2026-05-21,HAR.com,Shawn Dauphine,Chief Operating Officer,shawn.dauphine@har.com,TX-RealEstate,USA600-D,IT Services to rely on 24/7,DRAFT_READY,,,,,Send from Gmail drafts,2026-05-21,,USA600 push; draft_id=r-3472816937475931504; market=TX-RealEstate; email_status=verified
2026-05-21,HPI Real Estate Services & Investments,John Hickman,Operations Manager,jhickman@hpitx.com,TX-RealEstate,USA600-D,IT Services to rely on 24/7,DRAFT_READY,,,,,Send from Gmail drafts,2026-05-21,,USA600 push; draft_id=r2713399997741195968; market=TX-RealEstate; email_status=verified
2026-05-21,Hexa Property Management,Anh Thu,Human Resource Manager,chloen@hexapm.com,TX-RealEstate,USA600-D,IT Services to rely on 24/7,DRAFT_READY,,,,,Send from Gmail drafts,2026-05-21,,USA600 push; draft_id=r-4660176042470455135; market=TX-RealEstate; email_status=verified
2026-05-21,Rockspring,Mike Axelrad,Managing Director,axe@rockspring.com,TX-RealEstate,USA600-D,IT Services to rely on 24/7,DRAFT_READY,,,,,Send from Gmail drafts,2026-05-21,,USA600 push; draft_id=r3167234382090757283; market=TX-RealEstate; email_status=verified
2026-05-21,The Cannon Community,Brad True,Chief Operating Officer,btrue@thecannon.com,TX-RealEstate,USA600-D,IT Services to rely on 24/7,DRAFT_READY,,,,,Send from Gmail drafts,2026-05-21,,USA600 push; draft_id=r8269464039356514752; market=TX-RealEstate; email_status=verified
2026-05-21,Rebees Management Company,Paul Copeland,Director of Engineering Operations Manager,pcopeland@rebeesmanagement.com,TX-RealEstate,USA600-D,IT Services to rely on 24/7,DRAFT_READY,,,,,Send from Gmail drafts,2026-05-21,,USA600 push; draft_id=r-6592612373446513030; market=TX-RealEstate; email_status=verified
2026-05-21,Cokinos | Young,Todd Grube,Managing Director,tgrube@cokinoslaw.com,TX-RealEstate,USA600-D,IT Services to rely on 24/7,DRAFT_READY,,,,,Send from Gmail drafts,2026-05-21,,USA600 push; draft_id=r4752715576113591991; market=TX-RealEstate; email_status=verified
2026-05-21,Catalyze,Andrew D'Amico,Chief Operating Officer,andrew.damico@catalyze.com,TX-RealEstate,USA600-D,IT Services to rely on 24/7,DRAFT_READY,,,,,Send from Gmail drafts,2026-05-21,,USA600 push; draft_id=r6258200681155801141; market=TX-RealEstate; email_status=verified
2026-05-21,Marmon Mok Architecture,Brian Greenwell,Principal - IT Director - Business Operations Manager,greenwell@marmonmok.com,TX-RealEstate,USA600-D,IT Services to rely on 24/7,DRAFT_READY,,,,,Send from Gmail drafts,2026-05-21,,USA600 push; draft_id=r268568233830212434; market=TX-RealEstate; email_status=verified
2026-05-21,"Andrews Myers, P.C.",Cynthia Birdwell,COO/Marketing Director,cbirdwell@andrewsmyers.com,TX-RealEstate,USA600-D,IT Services to rely on 24/7,DRAFT_READY,,,,,Send from Gmail drafts,2026-05-21,,USA600 push; draft_id=r-3294330708037609511; market=TX-RealEstate; email_status=verified
2026-05-21,Lee & Associates - Houston,Monica Laisatrukli,Operations Manager,mlaisatrukli@lee-associates.com,TX-RealEstate,USA600-D,IT Services to rely on 24/7,DRAFT_READY,,,,,Send from Gmail drafts,2026-05-21,,USA600 push; draft_id=r3725278337891270837; market=TX-RealEstate; email_status=verified
2026-05-21,Ohana Real Estate Investors,Anna Ruby,"Managing Director, Design / Development",aruby@ohanare.com,TX-RealEstate,USA600-D,IT Services to rely on 24/7,DRAFT_READY,,,,,Send from Gmail drafts,2026-05-21,,USA600 push; draft_id=r112206236497622410; market=TX-RealEstate; email_status=verified
2026-05-21,GVA Property Management,Jamie Plumhoff,Director of Information Technology,jplumhoff@gvamgt.com,TX-RealEstate,USA600-D,IT Services to rely on 24/7,DRAFT_READY,,,,,Send from Gmail drafts,2026-05-21,,USA600 push; draft_id=r-8628373174856958828; market=TX-RealEstate; email_status=verified
2026-05-21,"Welcome Group, LLC",Craig Wilson,Executive Vice President and Chief Operating Officer,cwilson@welcomegroup.com,TX-RealEstate,USA600-D,IT Services to rely on 24/7,DRAFT_READY,,,,,Send from Gmail drafts,2026-05-21,,USA600 push; draft_id=r1641422156312009765; market=TX-RealEstate; email_status=verified
2026-05-21,Barshop & Oles Company,Bart Hernandez,Operations Manager,bhernandez@barshop-oles.com,TX-RealEstate,USA600-D,IT Services to rely on 24/7,DRAFT_READY,,,,,Send from Gmail drafts,2026-05-21,,USA600 push; draft_id=r-1339611728731824023; market=TX-RealEstate; email_status=verified
2026-05-21,Brooks,Samantha Carneiro,Chief Operating Officer,samantha@livebrooks.com,TX-RealEstate,USA600-D,IT Services to rely on 24/7,DRAFT_READY,,,,,Send from Gmail drafts,2026-05-21,,USA600 push; draft_id=r-6311437397271982388; market=TX-RealEstate; email_status=verified
2026-05-21,Salons by JC,Brett Cassel,COO & Director of Operations,b.cassel@salonsbyjc.com,TX-RealEstate,USA600-D,IT Services to rely on 24/7,DRAFT_READY,,,,,Send from Gmail drafts,2026-05-21,,USA600 push; draft_id=r-4923545113466375530; market=TX-RealEstate; email_status=verified
2026-05-21,Medistar Corporation,Gino Hourani,Chief Operating Officer,ghourani@medistarcorp.com,TX-RealEstate,USA600-D,IT Services to rely on 24/7,DRAFT_READY,,,,,Send from Gmail drafts,2026-05-21,,USA600 push; draft_id=r8089650475355391683; market=TX-RealEstate; email_status=verified
2026-05-21,Brooks Ballard International Real Estate,Allyson Ayton,Operations Manager,allyson.ayton@brooksballardproperties.com,TX-RealEstate,USA600-D,IT Services to rely on 24/7,DRAFT_READY,,,,,Send from Gmail drafts,2026-05-21,,USA600 push; draft_id=r5053038079960948792; market=TX-RealEstate; email_status=verified
2026-05-21,Teel Valuation Group,Cindy Cortes,Director of Operations,ccortes@valbridge.com,TX-RealEstate,USA600-D,IT Services to rely on 24/7,DRAFT_READY,,,,,Send from Gmail drafts,2026-05-21,,USA600 push; draft_id=r3054006523838466985; market=TX-RealEstate; email_status=verified
2026-05-21,Affinius Capital,Costa Kontoulis,Managing Director,costa.kontoulis@affiniuscapital.com,TX-RealEstate,USA600-D,IT Services to rely on 24/7,DRAFT_READY,,,,,Send from Gmail drafts,2026-05-21,,USA600 push; draft_id=r-8689645103194040691; market=TX-RealEstate; email_status=verified
2026-05-21,Affinius Capital,Harris Neuberg,Managing Director,harris.neuberg@affiniuscapital.com,TX-RealEstate,USA600-D,IT Services to rely on 24/7,DRAFT_READY,,,,,Send from Gmail drafts,2026-05-21,,USA600 push; draft_id=r1044981503014980216; market=TX-RealEstate; email_status=verified
2026-05-21,Affinius Capital,David Reahl,Managing Director,david.reahl@affiniuscapital.com,TX-RealEstate,USA600-D,IT Services to rely on 24/7,DRAFT_READY,,,,,Send from Gmail drafts,2026-05-21,,USA600 push; draft_id=r-2454825512607515652; market=TX-RealEstate; email_status=verified
2026-05-21,Goodwin & Company,Mitchell Krauss,Chief Operating Officer,mitch.krauss@goodwintx.com,TX-RealEstate,USA600-D,IT Services to rely on 24/7,DRAFT_READY,,,,,Send from Gmail drafts,2026-05-21,,USA600 push; draft_id=r2911263363556848164; market=TX-RealEstate; email_status=verified
2026-05-21,Family Practice Specialists,Cindy Swim,Practice Administrator,cswim@fpsrichmond.com,PHX-ATL-Healthcare,USA600-D,IT Services to rely on 24/7,DRAFT_READY,,,,,Send from Gmail drafts,2026-05-21,,USA600 push; draft_id=r-5981820454179649837; market=PHX-ATL-Healthcare; email_status=verified
2026-05-21,"BLOOM REPRODUCTIVE INSTITUTE, PLLC",Sanjiv Behera,Practice Administrator,sanjiv@fertilitybloom.com,PHX-ATL-Healthcare,USA600-D,IT Services to rely on 24/7,DRAFT_READY,,,,,Send from Gmail drafts,2026-05-21,,USA600 push; draft_id=r-5092896389049758934; market=PHX-ATL-Healthcare; email_status=verified
2026-05-21,"Georgia Retina, PC",Ansley Loya,Practice Administrator,aloya@garetina.com,PHX-ATL-Healthcare,USA600-D,IT Services to rely on 24/7,DRAFT_READY,,,,,Send from Gmail drafts,2026-05-21,,USA600 push; draft_id=r-9148208009472268858; market=PHX-ATL-Healthcare; email_status=verified
2026-05-21,Atlanta Women's Healthcare Specialists,Willkenia Napoleon,Practice Administrator,wnapoleon@atlwhs.com,PHX-ATL-Healthcare,USA600-D,IT Services to rely on 24/7,DRAFT_READY,,,,,Send from Gmail drafts,2026-05-21,,USA600 push; draft_id=r-570112522763325115; market=PHX-ATL-Healthcare; email_status=verified
2026-05-21,Atlanta Women's Healthcare Specialists,Aneesha Lane,Practice Administrator,alane@atlwhs.com,PHX-ATL-Healthcare,USA600-D,IT Services to rely on 24/7,DRAFT_READY,,,,,Send from Gmail drafts,2026-05-21,,USA600 push; draft_id=r-8143273397465160956; market=PHX-ATL-Healthcare; email_status=verified
2026-05-21,"Georgia Retina, PC",Kali Zipperer,Practice Administrator,kzipperer@garetina.com,PHX-ATL-Healthcare,USA600-D,IT Services to rely on 24/7,DRAFT_READY,,,,,Send from Gmail drafts,2026-05-21,,USA600 push; draft_id=r-4972500864438884657; market=PHX-ATL-Healthcare; email_status=verified
2026-05-21,Ankle & Foot Centers of America,Lynn Harris,Practice Administrator,charris@ankleandfootcenters.com,PHX-ATL-Healthcare,USA600-D,IT Services to rely on 24/7,DRAFT_READY,,,,,Send from Gmail drafts,2026-05-21,,USA600 push; draft_id=r6552420133172944985; market=PHX-ATL-Healthcare; email_status=verified
2026-05-21,Olansky Dermatology & Aesthetics,Elaine Benuck,Practice Administrator,ebenuck@olanskydermatology.com,PHX-ATL-Healthcare,USA600-D,IT Services to rely on 24/7,DRAFT_READY,,,,,Send from Gmail drafts,2026-05-21,,USA600 push; draft_id=r686526882724298657; market=PHX-ATL-Healthcare; email_status=verified
2026-05-21,CRH Healthcare,Troy Steckler,Chief Operations Officer,tsteckler@crhhealthcare.com,PHX-ATL-Healthcare,USA600-D,IT Services to rely on 24/7,DRAFT_READY,,,,,Send from Gmail drafts,2026-05-21,,USA600 push; draft_id=r273387281374149588; market=PHX-ATL-Healthcare; email_status=verified
2026-05-21,Women's Health Arizona,Shannon Songne,Practice Administrator,ssongne@womenshealthaz.com,PHX-ATL-Healthcare,USA600-D,IT Services to rely on 24/7,DRAFT_READY,,,,,Send from Gmail drafts,2026-05-21,,USA600 push; draft_id=r2084964031347987200; market=PHX-ATL-Healthcare; email_status=verified
2026-05-21,Good Samaritan Health Center Atlanta,Breanna Lathrop,Chief Operating Officer,breanna.lathrop@goodsamatlanta.org,PHX-ATL-Healthcare,USA600-D,IT Services to rely on 24/7,DRAFT_READY,,,,,Send from Gmail drafts,2026-05-21,,USA600 push; draft_id=r5258151976035362449; market=PHX-ATL-Healthcare; email_status=verified
2026-05-21,Palo Verde Cancer Specialists,Cara Braden,Practice Administrator,cbraden@pvhomed.com,PHX-ATL-Healthcare,USA600-D,IT Services to rely on 24/7,DRAFT_READY,,,,,Send from Gmail drafts,2026-05-21,,USA600 push; draft_id=r831711951428908697; market=PHX-ATL-Healthcare; email_status=verified
2026-05-21,"Georgia Retina, PC",Kelley Lehman,Assistant Practice Administrator,klehman@garetina.com,PHX-ATL-Healthcare,USA600-D,IT Services to rely on 24/7,DRAFT_READY,,,,,Send from Gmail drafts,2026-05-21,,USA600 push; draft_id=r-1664720179935893303; market=PHX-ATL-Healthcare; email_status=verified
2026-05-21,OrthoAtlanta,Jessica Casson,Practice Administrator,jessica.casson@orthoatlanta.com,PHX-ATL-Healthcare,USA600-D,IT Services to rely on 24/7,DRAFT_READY,,,,,Send from Gmail drafts,2026-05-21,,USA600 push; draft_id=r-3792843845272011331; market=PHX-ATL-Healthcare; email_status=verified
2026-05-21,Northside Radiology Associates,Mike Kolesar,Practice Administrator,mkolesar@northsideradiology.com,PHX-ATL-Healthcare,USA600-D,IT Services to rely on 24/7,DRAFT_READY,,,,,Send from Gmail drafts,2026-05-21,,USA600 push; draft_id=r-8969432096275114210; market=PHX-ATL-Healthcare; email_status=verified
2026-05-21,OrthoAtlanta,Sanina Robinson,Practice Administrator,srobinson@orthoatlanta.com,PHX-ATL-Healthcare,USA600-D,IT Services to rely on 24/7,DRAFT_READY,,,,,Send from Gmail drafts,2026-05-21,,USA600 push; draft_id=r-5835490230859688147; market=PHX-ATL-Healthcare; email_status=verified
2026-05-21,Arizona Cardiology Group,TJ Boyd,Practice Administrator,tjboyd@azcard.com,PHX-ATL-Healthcare,USA600-D,IT Services to rely on 24/7,DRAFT_READY,,,,,Send from Gmail drafts,2026-05-21,,USA600 push; draft_id=r6010178784409564456; market=PHX-ATL-Healthcare; email_status=verified
2026-05-21,American Family Dentistry,Tiffiny Stewart,Practice Manager,tiffiny.stewart@dentistryofarizona.com,PHX-ATL-Healthcare,USA600-D,IT Services to rely on 24/7,DRAFT_READY,,,,,Send from Gmail drafts,2026-05-21,,USA600 push; draft_id=r-5557936438223995231; market=PHX-ATL-Healthcare; email_status=verified
2026-05-21,OrthoAtlanta,Cathy Collins,Practice Administrator,cathy.collins@orthoatlanta.com,PHX-ATL-Healthcare,USA600-D,IT Services to rely on 24/7,DRAFT_READY,,,,,Send from Gmail drafts,2026-05-21,,USA600 push; draft_id=r3284628394095471226; market=PHX-ATL-Healthcare; email_status=verified
2026-05-21,OrthoAtlanta,Amber Jones,Practice Administrator,amber.jones@orthoatlanta.com,PHX-ATL-Healthcare,USA600-D,IT Services to rely on 24/7,DRAFT_READY,,,,,Send from Gmail drafts,2026-05-21,,USA600 push; draft_id=r-1737614981719937934; market=PHX-ATL-Healthcare; email_status=verified
2026-05-21,AZ Pain Doctors,Jared Komernicky,Practice Administrator,jaredk@azpaindoctors.com,PHX-ATL-Healthcare,USA600-D,IT Services to rely on 24/7,DRAFT_READY,,,,,Send from Gmail drafts,2026-05-21,,USA600 push; draft_id=r2925256012330440436; market=PHX-ATL-Healthcare; email_status=verified
2026-05-21,Spine Center Atlanta,Greg Johnson,Practice Administrator,gjohnson@spineatl.com,PHX-ATL-Healthcare,USA600-D,IT Services to rely on 24/7,DRAFT_READY,,,,,Send from Gmail drafts,2026-05-21,,USA600 push; draft_id=r-7082839373689747418; market=PHX-ATL-Healthcare; email_status=verified
2026-05-21,Georgia Eye Partners,Allison Long,Practice Administrator,allison.long@gaeyepartners.com,PHX-ATL-Healthcare,USA600-D,IT Services to rely on 24/7,DRAFT_READY,,,,,Send from Gmail drafts,2026-05-21,,USA600 push; draft_id=r-5175279235836968792; market=PHX-ATL-Healthcare; email_status=verified
2026-05-21,Harris Dental,Jacqueline Athanasiou,Practice Administrator,jacqueline@harrisdental.com,PHX-ATL-Healthcare,USA600-D,IT Services to rely on 24/7,DRAFT_READY,,,,,Send from Gmail drafts,2026-05-21,,USA600 push; draft_id=r3631955925385041809; market=PHX-ATL-Healthcare; email_status=verified
2026-05-21,Comprehensive Integrated Care,Carleen Cordova,Practice Administrator,carleen.cordova@ciccenters.com,PHX-ATL-Healthcare,USA600-D,IT Services to rely on 24/7,DRAFT_READY,,,,,Send from Gmail drafts,2026-05-21,,USA600 push; draft_id=r-1417915565246637132; market=PHX-ATL-Healthcare; email_status=verified
2026-05-21,Comprehensive Integrated Care,Donna Croft,Practice Administrator,donna.croft@ciccenters.com,PHX-ATL-Healthcare,USA600-D,IT Services to rely on 24/7,DRAFT_READY,,,,,Send from Gmail drafts,2026-05-21,,USA600 push; draft_id=r4303970474924906495; market=PHX-ATL-Healthcare; email_status=verified
2026-05-21,Comprehensive Integrated Care,Jennifer Rice,Practice Administrator,jennifer.rice@ciccenters.com,PHX-ATL-Healthcare,USA600-D,IT Services to rely on 24/7,DRAFT_READY,,,,,Send from Gmail drafts,2026-05-21,,USA600 push; draft_id=r-8591234324560386841; market=PHX-ATL-Healthcare; email_status=verified
2026-05-21,"Breast Care Specialists, LLC",Cynthia Boszilkov,Practice Administrator,cboszilkov@breastcareatlanta.com,PHX-ATL-Healthcare,USA600-D,IT Services to rely on 24/7,DRAFT_READY,,,,,Send from Gmail drafts,2026-05-21,,USA600 push; draft_id=r-6575223397703563293; market=PHX-ATL-Healthcare; email_status=verified
2026-05-21,Atlanta ID Group,Ellen Massie,Practice Administrator,emassie@atlantaidgroup.com,PHX-ATL-Healthcare,USA600-D,IT Services to rely on 24/7,DRAFT_READY,,,,,Send from Gmail drafts,2026-05-21,,USA600 push; draft_id=r2205024427072942896; market=PHX-ATL-Healthcare; email_status=verified
2026-05-21,Thomas Eye Group,Janet Detch,Practice Administrator,janetd@thomaseye.com,PHX-ATL-Healthcare,USA600-D,IT Services to rely on 24/7,DRAFT_READY,,,,,Send from Gmail drafts,2026-05-21,,USA600 push; draft_id=r882473936621363241; market=PHX-ATL-Healthcare; email_status=verified
2026-05-21,Desert Spine and Sports Physicians,Kathyrn Meloy,Practice Administrator,kmeloy@desertspineandsports.com,PHX-ATL-Healthcare,USA600-D,IT Services to rely on 24/7,DRAFT_READY,,,,,Send from Gmail drafts,2026-05-21,,USA600 push; draft_id=r3863265110902765619; market=PHX-ATL-Healthcare; email_status=verified
2026-05-21,Atlanta Women's Healthcare Specialists,Khalil Anderson,Information Technology Manager,kanderson@atlwhs.com,PHX-ATL-Healthcare,USA600-D,IT Services to rely on 24/7,DRAFT_READY,,,,,Send from Gmail drafts,2026-05-21,,USA600 push; draft_id=r-2250702233312486582; market=PHX-ATL-Healthcare; email_status=verified
2026-05-21,Olansky Dermatology & Aesthetics,Trent Renta,Chief Operating Officer,trenta@olanskydermatology.com,PHX-ATL-Healthcare,USA600-D,IT Services to rely on 24/7,DRAFT_READY,,,,,Send from Gmail drafts,2026-05-21,,USA600 push; draft_id=r-8230660556899628348; market=PHX-ATL-Healthcare; email_status=verified
2026-05-21,Olansky Dermatology & Aesthetics,Mindy Simmons,Practice Manager,msimmons@olanskydermatology.com,PHX-ATL-Healthcare,USA600-D,IT Services to rely on 24/7,DRAFT_READY,,,,,Send from Gmail drafts,2026-05-21,,USA600 push; draft_id=r742238868625474000; market=PHX-ATL-Healthcare; email_status=verified
2026-05-21,Urgent Care 24/7 & Affiliates,Tim Isaacs,Chief Operating Officer,timisaacs@urgentcare247.com,PHX-ATL-Healthcare,USA600-D,IT Services to rely on 24/7,DRAFT_READY,,,,,Send from Gmail drafts,2026-05-21,,USA600 push; draft_id=r7075985867676605047; market=PHX-ATL-Healthcare; email_status=verified
2026-05-21,Somos Dental & Orthodontics,Mike More,IT Manager,mmore@somosdental.com,PHX-ATL-Healthcare,USA600-D,IT Services to rely on 24/7,DRAFT_READY,,,,,Send from Gmail drafts,2026-05-21,,USA600 push; draft_id=r-6392332253382065443; market=PHX-ATL-Healthcare; email_status=verified
2026-05-21,American Family Dentistry,Amy Dutton,Practice Manager of Operations,amy.dutton@dentistryofarizona.com,PHX-ATL-Healthcare,USA600-D,IT Services to rely on 24/7,DRAFT_READY,,,,,Send from Gmail drafts,2026-05-21,,USA600 push; draft_id=r-7422572102592037910; market=PHX-ATL-Healthcare; email_status=verified
2026-05-21,Neighborhood Outreach Access to Health (NOAH),Brian Turico,Information Technology Director,bturico@noahhelps.org,PHX-ATL-Healthcare,USA600-D,IT Services to rely on 24/7,DRAFT_READY,,,,,Send from Gmail drafts,2026-05-21,,USA600 push; draft_id=r-3546151479161004551; market=PHX-ATL-Healthcare; email_status=verified
2026-05-21,"MedTrans Go, Inc.",Brad Schweizer,Chief Operations Officer,brad@medtransgo.com,PHX-ATL-Healthcare,USA600-D,IT Services to rely on 24/7,DRAFT_READY,,,,,Send from Gmail drafts,2026-05-21,,USA600 push; draft_id=r7342938413473487864; market=PHX-ATL-Healthcare; email_status=verified
2026-05-21,MBI Industrial Medicine,Crystal Romero,Practice Manager,c.romero@mbiaz.com,PHX-ATL-Healthcare,USA600-D,IT Services to rely on 24/7,DRAFT_READY,,,,,Send from Gmail drafts,2026-05-21,,USA600 push; draft_id=r-438938673007188232; market=PHX-ATL-Healthcare; email_status=verified
2026-05-21,Globe Centrix,Sam Ghosh,Chief Operations Officer,sam.ghosh@globecentrix.com,PHX-ATL-Healthcare,USA600-D,IT Services to rely on 24/7,DRAFT_READY,,,,,Send from Gmail drafts,2026-05-21,,USA600 push; draft_id=r1864032393112509098; market=PHX-ATL-Healthcare; email_status=verified
2026-05-21,"Physician Specialists in Anesthesia, P.C",Ashley Bernal,Assistant Practice Administrator,ashley.bernal@psa-online.net,PHX-ATL-Healthcare,USA600-D,IT Services to rely on 24/7,DRAFT_READY,,,,,Send from Gmail drafts,2026-05-21,,USA600 push; draft_id=r8820288971151617305; market=PHX-ATL-Healthcare; email_status=verified
2026-05-21,"CHILDREN'S MEDICAL GROUP, P.C.",Faisal Saleem,Chief Operations Officer,fsaleem@cmg-pc.com,PHX-ATL-Healthcare,USA600-D,IT Services to rely on 24/7,DRAFT_READY,,,,,Send from Gmail drafts,2026-05-21,,USA600 push; draft_id=r-5345538815476346185; market=PHX-ATL-Healthcare; email_status=verified
2026-05-21,100% Chiropractic Franchise,Hannah Staples,COO,drhannah@100percentdoc.com,PHX-ATL-Healthcare,USA600-D,IT Services to rely on 24/7,DRAFT_READY,,,,,Send from Gmail drafts,2026-05-21,,USA600 push; draft_id=r-1565791239661697194; market=PHX-ATL-Healthcare; email_status=verified
2026-05-21,Eye Care for Animals,Heather Wozny,Practice Manager,hwozny@eyecareforanimals.com,PHX-ATL-Healthcare,USA600-D,IT Services to rely on 24/7,DRAFT_READY,,,,,Send from Gmail drafts,2026-05-21,,USA600 push; draft_id=r6793472334704590809; market=PHX-ATL-Healthcare; email_status=verified
2026-05-21,"Sun Pain Management, PLLC",Tammy Eger,Chief Operating Officer,teger@sunpainmgmt.com,PHX-ATL-Healthcare,USA600-D,IT Services to rely on 24/7,DRAFT_READY,,,,,Send from Gmail drafts,2026-05-21,,USA600 push; draft_id=r-4357018905430581473; market=PHX-ATL-Healthcare; email_status=verified
2026-05-21,Women's Health Arizona,Christina Merritt,Chief Operating Officer,cmerritt@womenshealthaz.com,PHX-ATL-Healthcare,USA600-D,IT Services to rely on 24/7,DRAFT_READY,,,,,Send from Gmail drafts,2026-05-21,,USA600 push; draft_id=r852217311248029108; market=PHX-ATL-Healthcare; email_status=verified
2026-05-21,Palo Verde Cancer Specialists,Monique Kennedy,Chief Operating Officer,mkennedy@pvhomed.com,PHX-ATL-Healthcare,USA600-D,IT Services to rely on 24/7,DRAFT_READY,,,,,Send from Gmail drafts,2026-05-21,,USA600 push; draft_id=r-7278396514594360660; market=PHX-ATL-Healthcare; email_status=verified
2026-05-21,"Physician Specialists in Anesthesia, P.C",Lynn Epps,Chief Operations Officer,lynn.epps@psa-online.net,PHX-ATL-Healthcare,USA600-D,IT Services to rely on 24/7,DRAFT_READY,,,,,Send from Gmail drafts,2026-05-21,,USA600 push; draft_id=r2580361716892306347; market=PHX-ATL-Healthcare; email_status=verified
2026-05-21,Medone Healthcare,Brad Nather,Chief Operating Officer,bnather@medoneaz.com,PHX-ATL-Healthcare,USA600-D,IT Services to rely on 24/7,DRAFT_READY,,,,,Send from Gmail drafts,2026-05-21,,USA600 push; draft_id=r4323744081001221855; market=PHX-ATL-Healthcare; email_status=verified
2026-05-21,Renew Dental,Chris Gray,COO,chris@renewdentaltn.com,PHX-ATL-Healthcare,USA600-D,IT Services to rely on 24/7,DRAFT_READY,,,,,Send from Gmail drafts,2026-05-21,,USA600 push; draft_id=r-7406530526755180194; market=PHX-ATL-Healthcare; email_status=verified
2026-05-21,HEALing Community Health,Andrea McQueen,Practice Manager,amcqueen@healatlanta.org,PHX-ATL-Healthcare,USA600-D,IT Services to rely on 24/7,DRAFT_READY,,,,,Send from Gmail drafts,2026-05-21,,USA600 push; draft_id=r4883405732047880417; market=PHX-ATL-Healthcare; email_status=verified
2026-05-21,"Scottsdale Emergency Associates, Ltd",Devyn Michelotti,Practice Manager,devyn.michelotti@envisionhealth.com,PHX-ATL-Healthcare,USA600-D,IT Services to rely on 24/7,DRAFT_READY,,,,,Send from Gmail drafts,2026-05-21,,USA600 push; draft_id=r-2577810993009743286; market=PHX-ATL-Healthcare; email_status=verified
2026-05-21,Aylo Health,Melissa Tyson,Practice Manager,mtyson@aylohealth.com,PHX-ATL-Healthcare,USA600-D,IT Services to rely on 24/7,DRAFT_READY,,,,,Send from Gmail drafts,2026-05-21,,USA600 push; draft_id=r-3156204821335751334; market=PHX-ATL-Healthcare; email_status=verified
2026-05-21,Aylo Health,David Royster,Chief Operating Officer,droyster@aylohealth.com,PHX-ATL-Healthcare,USA600-D,IT Services to rely on 24/7,DRAFT_READY,,,,,Send from Gmail drafts,2026-05-21,,USA600 push; draft_id=r6978121975183205635; market=PHX-ATL-Healthcare; email_status=verified
2026-05-21,HEALing Community Health,David Morris,Chief Operating Officer,dmorris@hccatlanta.org,PHX-ATL-Healthcare,USA600-D,IT Services to rely on 24/7,DRAFT_READY,,,,,Send from Gmail drafts,2026-05-21,,USA600 push; draft_id=r5912209131183286613; market=PHX-ATL-Healthcare; email_status=verified
2026-05-21,American Dental Companies,Elizabeth Conforti,Chief Operating Officer,elizabeth.conforti@ameridentco.com,PHX-ATL-Healthcare,USA600-D,IT Services to rely on 24/7,DRAFT_READY,,,,,Send from Gmail drafts,2026-05-21,,USA600 push; draft_id=r734387010703295405; market=PHX-ATL-Healthcare; email_status=verified
2026-05-21,Aylo Health,Rhonda Benton,Practice Manager,rbenton@aylohealth.com,PHX-ATL-Healthcare,USA600-D,IT Services to rely on 24/7,DRAFT_READY,,,,,Send from Gmail drafts,2026-05-21,,USA600 push; draft_id=r6310432235059606275; market=PHX-ATL-Healthcare; email_status=verified
2026-05-21,"PEDIATRIC EMERGENCY MEDICINE ASSOCIATES, LLC",Marla Hirsh,Practice Manager,marla.hirsh@pemaweb.com,PHX-ATL-Healthcare,USA600-D,IT Services to rely on 24/7,DRAFT_READY,,,,,Send from Gmail drafts,2026-05-21,,USA600 push; draft_id=r-1806760193930009427; market=PHX-ATL-Healthcare; email_status=verified
2026-05-21,The Pain Center,Luke Siwek,Chief Operating Officer,lsiwek@thepaincenter.com,PHX-ATL-Healthcare,USA600-D,IT Services to rely on 24/7,DRAFT_READY,,,,,Send from Gmail drafts,2026-05-21,,USA600 push; draft_id=r6313050819666090839; market=PHX-ATL-Healthcare; email_status=verified
2026-05-21,Integrated Orthopedics,Rick Basulto,Practice Manager,rbasulto@integratedorthopedicsaz.com,PHX-ATL-Healthcare,USA600-D,IT Services to rely on 24/7,DRAFT_READY,,,,,Send from Gmail drafts,2026-05-21,,USA600 push; draft_id=r2880914700302791124; market=PHX-ATL-Healthcare; email_status=verified
2026-05-21,Aylo Health,Jennifer McGinnis,Practice Manager,jmcginnis@aylohealth.com,PHX-ATL-Healthcare,USA600-D,IT Services to rely on 24/7,DRAFT_READY,,,,,Send from Gmail drafts,2026-05-21,,USA600 push; draft_id=r2535784423943084398; market=PHX-ATL-Healthcare; email_status=verified
2026-05-21,Circle the City,Luke Smith,Practice Manager,lsmith1@circlethecity.org,PHX-ATL-Healthcare,USA600-D,IT Services to rely on 24/7,DRAFT_READY,,,,,Send from Gmail drafts,2026-05-21,,USA600 push; draft_id=r3621572305612884660; market=PHX-ATL-Healthcare; email_status=verified
2026-05-21,Aylo Health,Mallery Flores,Practice Manager,mflores@aylohealth.com,PHX-ATL-Healthcare,USA600-D,IT Services to rely on 24/7,DRAFT_READY,,,,,Send from Gmail drafts,2026-05-21,,USA600 push; draft_id=r-4191101535447748237; market=PHX-ATL-Healthcare; email_status=verified
2026-05-21,KPG Healthcare,Kris Page,Chief Operating Officer,kris@kpghealthcare.com,PHX-ATL-Healthcare,USA600-D,IT Services to rely on 24/7,DRAFT_READY,,,,,Send from Gmail drafts,2026-05-21,,USA600 push; draft_id=r-5203588869058810048; market=PHX-ATL-Healthcare; email_status=verified
2026-05-21,ENT of Georgia,Cassie Parker,Chief Operating Officer,cparker@entofga.com,PHX-ATL-Healthcare,USA600-D,IT Services to rely on 24/7,DRAFT_READY,,,,,Send from Gmail drafts,2026-05-21,,USA600 push; draft_id=r2345070257944630189; market=PHX-ATL-Healthcare; email_status=verified
2026-05-21,"Arizona Digestive Health, P.C.",Steve Flores,IT Director,sflores@arizonadigestivehealth.com,PHX-ATL-Healthcare,USA600-D,IT Services to rely on 24/7,DRAFT_READY,,,,,Send from Gmail drafts,2026-05-21,,USA600 push; draft_id=r3301285504978509723; market=PHX-ATL-Healthcare; email_status=verified
2026-05-21,CRH Anesthesia,Jana Mardis,Practice Administrator,jmardis@crhanesthesia.com,PHX-ATL-Healthcare,USA600-D,IT Services to rely on 24/7,DRAFT_READY,,,,,Send from Gmail drafts,2026-05-21,,USA600 push; draft_id=r-4781429220032225457; market=PHX-ATL-Healthcare; email_status=verified
2026-05-21,OrthoAtlanta,Pamela Rascon,Practice Manager,pamela.rascon@orthoatlanta.com,PHX-ATL-Healthcare,USA600-D,IT Services to rely on 24/7,DRAFT_READY,,,,,Send from Gmail drafts,2026-05-21,,USA600 push; draft_id=r5276198551070433012; market=PHX-ATL-Healthcare; email_status=verified
2026-05-21,Greater Anesthesia Solutions,Kathleen Terhufen,Practice Manager,kterhufen@greatergas.com,PHX-ATL-Healthcare,USA600-D,IT Services to rely on 24/7,DRAFT_READY,,,,,Send from Gmail drafts,2026-05-21,,USA600 push; draft_id=r6861576333427460256; market=PHX-ATL-Healthcare; email_status=verified
2026-05-21,"VALLEY ENT, P.C.",Ja'nea Varner,Practice Manager,jvarner@azvent.com,PHX-ATL-Healthcare,USA600-D,IT Services to rely on 24/7,DRAFT_READY,,,,,Send from Gmail drafts,2026-05-21,,USA600 push; draft_id=r8601296777379518349; market=PHX-ATL-Healthcare; email_status=verified
2026-05-21,Beltline Health,Diana Wong,Chief Operating Officer,dianaw@beltlinehealth.com,PHX-ATL-Healthcare,USA600-D,IT Services to rely on 24/7,DRAFT_READY,,,,,Send from Gmail drafts,2026-05-21,,USA600 push; draft_id=r5597897051160111663; market=PHX-ATL-Healthcare; email_status=verified
2026-05-21,OrthoAtlanta,Lacie Aas,Practice Manager,lacie.fulbright@orthoatlanta.com,PHX-ATL-Healthcare,USA600-D,IT Services to rely on 24/7,DRAFT_READY,,,,,Send from Gmail drafts,2026-05-21,,USA600 push; draft_id=r1551578377027990365; market=PHX-ATL-Healthcare; email_status=verified
2026-05-21,Atlas Healthcare Partners,Dan Jones,Chief Operating Officer,dan.jones@atlashp.com,PHX-ATL-Healthcare,USA600-D,IT Services to rely on 24/7,DRAFT_READY,,,,,Send from Gmail drafts,2026-05-21,,USA600 push; draft_id=r-3682289263285987946; market=PHX-ATL-Healthcare; email_status=verified
2026-05-21,"Southwest Medical Imaging, LTD",Megan Stuff,Chief Operating Officer,mstuff@esmil.com,PHX-ATL-Healthcare,USA600-D,IT Services to rely on 24/7,DRAFT_READY,,,,,Send from Gmail drafts,2026-05-21,,USA600 push; draft_id=r5440689135934320981; market=PHX-ATL-Healthcare; email_status=verified
2026-05-21,Atlanta Spine PC,Kimberly Ford,Practice Administrator,kford@atlantaspineclinic.com,PHX-ATL-Healthcare,USA600-D,IT Services to rely on 24/7,DRAFT_READY,,,,,Send from Gmail drafts,2026-05-21,,USA600 push; draft_id=r-942618005672250534; market=PHX-ATL-Healthcare; email_status=verified
2026-05-21,Spine Center Atlanta,Kimberly At,Chief Operating Officer,kfranklin@spineatl.com,PHX-ATL-Healthcare,USA600-D,IT Services to rely on 24/7,DRAFT_READY,,,,,Send from Gmail drafts,2026-05-21,,USA600 push; draft_id=r-5298606167627358527; market=PHX-ATL-Healthcare; email_status=verified
2026-05-21,Vida-Flo USA,Shaun Curtis,Chief Operations Officer,shaun@govidaflo.com,PHX-ATL-Healthcare,USA600-D,IT Services to rely on 24/7,DRAFT_READY,,,,,Send from Gmail drafts,2026-05-21,,USA600 push; draft_id=r-4765037060473423447; market=PHX-ATL-Healthcare; email_status=verified
2026-05-21,Wesley Community & Health Centers,Mikala Balk,Chief Operating Officer,mbalk@wesleychc.org,PHX-ATL-Healthcare,USA600-D,IT Services to rely on 24/7,DRAFT_READY,,,,,Send from Gmail drafts,2026-05-21,,USA600 push; draft_id=r-5071333982360142957; market=PHX-ATL-Healthcare; email_status=verified
2026-05-21,Axis for Autism,Katie Marti,Chief Operating Officer,kmarti@axisforautism.com,PHX-ATL-Healthcare,USA600-D,IT Services to rely on 24/7,DRAFT_READY,,,,,Send from Gmail drafts,2026-05-21,,USA600 push; draft_id=r-7812227601734920924; market=PHX-ATL-Healthcare; email_status=verified
2026-05-21,Core Clinical Partners,Andrea Craig,Practice Manager,acraig@coreclinicalpartners.com,PHX-ATL-Healthcare,USA600-D,IT Services to rely on 24/7,DRAFT_READY,,,,,Send from Gmail drafts,2026-05-21,,USA600 push; draft_id=r7739389209462531519; market=PHX-ATL-Healthcare; email_status=verified
2026-05-21,Concentric Healthcare Staffing,Brandon Wehner,Chief Operating Officer,bwehner@chsaz.com,PHX-ATL-Healthcare,USA600-D,IT Services to rely on 24/7,DRAFT_READY,,,,,Send from Gmail drafts,2026-05-21,,USA600 push; draft_id=r4275138688109030121; market=PHX-ATL-Healthcare; email_status=verified
2026-05-21,The Cat Doctor,Abby Shively,Practice Manager,clientrelations@catdoctoratlanta.com,PHX-ATL-Healthcare,USA600-D,IT Services to rely on 24/7,DRAFT_READY,,,,,Send from Gmail drafts,2026-05-21,,USA600 push; draft_id=r-3471206466492287815; market=PHX-ATL-Healthcare; email_status=verified
2026-05-21,Endurance Rehab,Sheri Reese,Practice Manager,sreese@endurancerehab.com,PHX-ATL-Healthcare,USA600-D,IT Services to rely on 24/7,DRAFT_READY,,,,,Send from Gmail drafts,2026-05-21,,USA600 push; draft_id=r1672927259687384977; market=PHX-ATL-Healthcare; email_status=verified
2026-05-21,Atlanta Allergy & Asthma,Kristian Hauser,Practice Manager,khauser@atlantaallergy.com,PHX-ATL-Healthcare,USA600-D,IT Services to rely on 24/7,DRAFT_READY,,,,,Send from Gmail drafts,2026-05-21,,USA600 push; draft_id=r7171579472088421730; market=PHX-ATL-Healthcare; email_status=verified
2026-05-21,Core Clinical Partners,Matthew Stapleton,Chief Operating Officer,matthew.stapleton@coreclinicalpartners.com,PHX-ATL-Healthcare,USA600-D,IT Services to rely on 24/7,DRAFT_READY,,,,,Send from Gmail drafts,2026-05-21,,USA600 push; draft_id=r3583108159579484164; market=PHX-ATL-Healthcare; email_status=verified
2026-05-21,Desert Spine and Sports Physicians,Josh Snyder,COO,jsnyder@dsspaz.com,PHX-ATL-Healthcare,USA600-D,IT Services to rely on 24/7,DRAFT_READY,,,,,Send from Gmail drafts,2026-05-21,,USA600 push; draft_id=r1168853866515784623; market=PHX-ATL-Healthcare; email_status=verified
2026-05-21,Core Clinical Partners,Kylie Krohmer,Practice Manager,kylie.krohmer@coreclinicalpartners.com,PHX-ATL-Healthcare,USA600-D,IT Services to rely on 24/7,DRAFT_READY,,,,,Send from Gmail drafts,2026-05-21,,USA600 push; draft_id=r3106338155724668528; market=PHX-ATL-Healthcare; email_status=verified
2026-05-21,MetroDerm,Amy Kim,Chief Operating Officer,akim@metroderm.org,PHX-ATL-Healthcare,USA600-D,IT Services to rely on 24/7,DRAFT_READY,,,,,Send from Gmail drafts,2026-05-21,,USA600 push; draft_id=r1653083906962015576; market=PHX-ATL-Healthcare; email_status=verified
2026-05-21,"Whitefoord, Inc.",Louis Simmons,Chief Operating Officer,louis.simmons@whitefoord.org,PHX-ATL-Healthcare,USA600-D,IT Services to rely on 24/7,DRAFT_READY,,,,,Send from Gmail drafts,2026-05-21,,USA600 push; draft_id=r-5472867983103312193; market=PHX-ATL-Healthcare; email_status=verified
2026-05-21,Advanced Spine And Pain (ASAP),Angela Love,Practice Manager,alove@advspine.org,PHX-ATL-Healthcare,USA600-D,IT Services to rely on 24/7,DRAFT_READY,,,,,Send from Gmail drafts,2026-05-21,,USA600 push; draft_id=r4612940250597729889; market=PHX-ATL-Healthcare; email_status=verified
2026-05-21,Globe Centrix,Sk Alif,Information Technology Manager,alif@globecentrix.in,PHX-ATL-Healthcare,USA600-D,IT Services to rely on 24/7,DRAFT_READY,,,,,Send from Gmail drafts,2026-05-21,,USA600 push; draft_id=r-4957521721855936142; market=PHX-ATL-Healthcare; email_status=verified
2026-05-21,Lumina Vision Partners,Nna Okochi,Chief Operating Officer,nna@luminavisionpartners.com,PHX-ATL-Healthcare,USA600-D,IT Services to rely on 24/7,DRAFT_READY,,,,,Send from Gmail drafts,2026-05-21,,USA600 push; draft_id=r1479907418364019475; market=PHX-ATL-Healthcare; email_status=verified
2026-05-21,Core Clinical Partners,Rachel Columbus,Practice Manager,rcolumbus@coreclinicalpartners.com,PHX-ATL-Healthcare,USA600-D,IT Services to rely on 24/7,DRAFT_READY,,,,,Send from Gmail drafts,2026-05-21,,USA600 push; draft_id=r-4518282272625244726; market=PHX-ATL-Healthcare; email_status=verified
2026-05-21,Ascend Healthcare Inc,Alicia Ottmann,Chief Operating Officer,aottmann@ascendtelehealth.com,PHX-ATL-Healthcare,USA600-D,IT Services to rely on 24/7,DRAFT_READY,,,,,Send from Gmail drafts,2026-05-21,,USA600 push; draft_id=r5053175776940426075; market=PHX-ATL-Healthcare; email_status=verified
2026-05-21,Circle the City,Heidi Ward,Chief Operating Officer,hward@circlethecity.org,PHX-ATL-Healthcare,USA600-D,IT Services to rely on 24/7,DRAFT_READY,,,,,Send from Gmail drafts,2026-05-21,,USA600 push; draft_id=r3706575186046331945; market=PHX-ATL-Healthcare; email_status=verified
2026-05-21,Thrive Therapy,Rachel Stewart,Practice Administrator,rachel@thrive-therapy.org,PHX-ATL-Healthcare,USA600-D,IT Services to rely on 24/7,DRAFT_READY,,,,,Send from Gmail drafts,2026-05-21,,USA600 push; draft_id=r1430652270836682286; market=PHX-ATL-Healthcare; email_status=verified
2026-05-21,"VALLEY ENT, P.C.",Mary Fox,Practice Manager,mfox@azvent.com,PHX-ATL-Healthcare,USA600-D,IT Services to rely on 24/7,DRAFT_READY,,,,,Send from Gmail drafts,2026-05-21,,USA600 push; draft_id=r-5337845204998719110; market=PHX-ATL-Healthcare; email_status=verified
2026-05-21,A Tooth Doctor For Kids,Naomy Perez,Practice Manager,nperez@aztoothdoctor.com,PHX-ATL-Healthcare,USA600-D,IT Services to rely on 24/7,DRAFT_READY,,,,,Send from Gmail drafts,2026-05-21,,USA600 push; draft_id=r-2028956746540423864; market=PHX-ATL-Healthcare; email_status=verified
2026-05-21,"Arizona Pulmonary Specialists, Ltd.",Vicki Farmer,Practice Administrator,vfarmer@azpulm.com,PHX-ATL-Healthcare,USA600-D,IT Services to rely on 24/7,DRAFT_READY,,,,,Send from Gmail drafts,2026-05-21,,USA600 push; draft_id=r4967115413022644325; market=PHX-ATL-Healthcare; email_status=verified
2026-05-21,Chase Construction Group,John Morss,Chief Operating Officer,jmorss@dfchase.com,NC-TN-Construction,USA600-D,IT Services to rely on 24/7,DRAFT_READY,,,,,Send from Gmail drafts,2026-05-21,,USA600 push; draft_id=r-3767486596130480269; market=NC-TN-Construction; email_status=verified
2026-05-21,Concorde Construction Company,Matthew Ganci,Chief Operating Officer,mganci@concordeconst.com,NC-TN-Construction,USA600-D,IT Services to rely on 24/7,DRAFT_READY,,,,,Send from Gmail drafts,2026-05-21,,USA600 push; draft_id=r5381413065869533955; market=NC-TN-Construction; email_status=verified
2026-05-21,Night Owl Companies,Shannon Kesinger,Chief Operations Officer,shannonk@nonccorp.com,NC-TN-Construction,USA600-D,IT Services to rely on 24/7,DRAFT_READY,,,,,Send from Gmail drafts,2026-05-21,,USA600 push; draft_id=r4950250117361302810; market=NC-TN-Construction; email_status=verified
2026-05-21,Edifice Construction,Josiah Goins,Chief Operating Officer,jgoins@edificeinc.com,NC-TN-Construction,USA600-D,IT Services to rely on 24/7,DRAFT_READY,,,,,Send from Gmail drafts,2026-05-21,,USA600 push; draft_id=r-7575864493757498510; market=NC-TN-Construction; email_status=verified
2026-05-21,Edifice Construction,Shea Clarke,Information Technology Manager,sclarke@edificeinc.com,NC-TN-Construction,USA600-D,IT Services to rely on 24/7,DRAFT_READY,,,,,Send from Gmail drafts,2026-05-21,,USA600 push; draft_id=r8746359994344213490; market=NC-TN-Construction; email_status=verified
2026-05-21,Concorde Construction Company,Blaine Jackson,President and Chief Operating Officer,bjackson@concordeconst.com,NC-TN-Construction,USA600-D,IT Services to rely on 24/7,DRAFT_READY,,,,,Send from Gmail drafts,2026-05-21,,USA600 push; draft_id=r950643692421205672; market=NC-TN-Construction; email_status=verified
2026-05-21,"Carter Group, LLC",Shaun Dickert,Chief Operating Officer,shaun.dickert@cartergroupllc.com,NC-TN-Construction,USA600-D,IT Services to rely on 24/7,DRAFT_READY,,,,,Send from Gmail drafts,2026-05-21,,USA600 push; draft_id=r448351351916837713; market=NC-TN-Construction; email_status=verified
2026-05-21,"C. Herman Construction, LLC",Daniel Finegan,Chief Operating Officer and General Counsel,dfinegan@chermanconstruction.com,NC-TN-Construction,USA600-D,IT Services to rely on 24/7,DRAFT_READY,,,,,Send from Gmail drafts,2026-05-21,,USA600 push; draft_id=r-8960641573130690567; market=NC-TN-Construction; email_status=verified
2026-05-21,"C. Herman Construction, LLC",George Martignetti,Director of Operations,gmartignetti@chermanconstruction.com,NC-TN-Construction,USA600-D,IT Services to rely on 24/7,DRAFT_READY,,,,,Send from Gmail drafts,2026-05-21,,USA600 push; draft_id=r-8085470133478241946; market=NC-TN-Construction; email_status=verified
2026-05-21,Concorde Construction Company,Susan Colvin,Director of Operations,scolvin@concordeconst.com,NC-TN-Construction,USA600-D,IT Services to rely on 24/7,DRAFT_READY,,,,,Send from Gmail drafts,2026-05-21,,USA600 push; draft_id=r-8032363722036402028; market=NC-TN-Construction; email_status=verified
2026-05-21,Charter Construction,Josh Schneider,Chief Operations Officer,joshs@charterconstruction.com,NC-TN-Construction,USA600-D,IT Services to rely on 24/7,DRAFT_READY,,,,,Send from Gmail drafts,2026-05-21,,USA600 push; draft_id=r-1889135621298026550; market=NC-TN-Construction; email_status=verified
2026-05-21,Edison Foard Construction,Dan Henderson,Director of Operations,dhenderson@edisonfoard.com,NC-TN-Construction,USA600-D,IT Services to rely on 24/7,DRAFT_READY,,,,,Send from Gmail drafts,2026-05-21,,USA600 push; draft_id=r8640472698300883632; market=NC-TN-Construction; email_status=verified
2026-05-21,R.C. Mathews Contractor,Jonathan Haddock,Information Technology Manager,jhaddock@rcmathews.com,NC-TN-Construction,USA600-D,IT Services to rely on 24/7,DRAFT_READY,,,,,Send from Gmail drafts,2026-05-21,,USA600 push; draft_id=r5697694692265922689; market=NC-TN-Construction; email_status=verified
2026-05-21,Concorde Construction Company,Belinda Wilbourn,Operations Manager,bwilbourn@concordeconst.com,NC-TN-Construction,USA600-D,IT Services to rely on 24/7,DRAFT_READY,,,,,Send from Gmail drafts,2026-05-21,,USA600 push; draft_id=r269307976658476569; market=NC-TN-Construction; email_status=verified
2026-05-21,Whitlock Builders,Steven Whitlock,VP / COO,steven.whitlock@whitlockbuilders.com,NC-TN-Construction,USA600-D,IT Services to rely on 24/7,DRAFT_READY,,,,,Send from Gmail drafts,2026-05-21,,USA600 push; draft_id=r580848943207071200; market=NC-TN-Construction; email_status=verified
2026-05-21,Solomon Builders,Steve Hannon,Operations Manager,shannon@solomonbuilders.com,NC-TN-Construction,USA600-D,IT Services to rely on 24/7,DRAFT_READY,,,,,Send from Gmail drafts,2026-05-21,,USA600 push; draft_id=r-5471849950310922329; market=NC-TN-Construction; email_status=verified
2026-05-21,"August Construction Solutions, Inc.",Anne Mackenzie,Chief Operating Officer,anne@augustcs.com,NC-TN-Construction,USA600-D,IT Services to rely on 24/7,DRAFT_READY,,,,,Send from Gmail drafts,2026-05-21,,USA600 push; draft_id=r5631117632776127089; market=NC-TN-Construction; email_status=verified
2026-05-21,Chase Construction Group,Kevin Rigsby,Director of Information Technology,krigsby@dfchase.com,NC-TN-Construction,USA600-D,IT Services to rely on 24/7,DRAFT_READY,,,,,Send from Gmail drafts,2026-05-21,,USA600 push; draft_id=r770869866189900390; market=NC-TN-Construction; email_status=verified
2026-05-21,"Shelco, LLC",Brendan Bambrick,President & Chief Operating Officer,bbambrick@shelcollc.com,NC-TN-Construction,USA600-D,IT Services to rely on 24/7,DRAFT_READY,,,,,Send from Gmail drafts,2026-05-21,,USA600 push; draft_id=r-2980043833860857008; market=NC-TN-Construction; email_status=verified
2026-05-21,"W.R. Newman & Associates, Inc.",Darrin Buffa,Director of Operations,dbuffa@wrnewman.com,NC-TN-Construction,USA600-D,IT Services to rely on 24/7,DRAFT_READY,,,,,Send from Gmail drafts,2026-05-21,,USA600 push; draft_id=r-5098091986228662744; market=NC-TN-Construction; email_status=verified
2026-05-21,Barringer Construction,Chris Schenker,Director of Information Technology,chris.schenker@barringerconstruction.com,NC-TN-Construction,USA600-D,IT Services to rely on 24/7,DRAFT_READY,,,,,Send from Gmail drafts,2026-05-21,,USA600 push; draft_id=r-4255428090668411026; market=NC-TN-Construction; email_status=verified
2026-05-21,HomeCloud,Jonathan Gary,Director of Operations,jonathan@gethomecloud.com,NC-TN-Construction,USA600-D,IT Services to rely on 24/7,DRAFT_READY,,,,,Send from Gmail drafts,2026-05-21,,USA600 push; draft_id=r7623007652102494737; market=NC-TN-Construction; email_status=verified
2026-05-21,The Comfort Group Inc,Shay Williams,COO,shaywilliams@thecomfortgroup.com,NC-TN-Construction,USA600-D,IT Services to rely on 24/7,DRAFT_READY,,,,,Send from Gmail drafts,2026-05-21,,USA600 push; draft_id=r-7499942664105443838; market=NC-TN-Construction; email_status=verified
2026-05-21,INGENIOUS.BUILD,Benjamin Hans,Chief Operating Officer,ben@ingenious.build,NC-TN-Construction,USA600-D,IT Services to rely on 24/7,DRAFT_READY,,,,,Send from Gmail drafts,2026-05-21,,USA600 push; draft_id=r4428919699906838771; market=NC-TN-Construction; email_status=verified
2026-05-21,Copper Builders,Daniel Parrott,Chief Operations Officer,danielparrott@copperbuilders.com,NC-TN-Construction,USA600-D,IT Services to rely on 24/7,DRAFT_READY,,,,,Send from Gmail drafts,2026-05-21,,USA600 push; draft_id=r-9033947829253773688; market=NC-TN-Construction; email_status=verified
2026-05-21,Holt Brothers Construction,Dalton Williams,Director of Operations,dwilliams@holtbrothersinc.com,NC-TN-Construction,USA600-D,IT Services to rely on 24/7,DRAFT_READY,,,,,Send from Gmail drafts,2026-05-21,,USA600 push; draft_id=r-1690814774192655551; market=NC-TN-Construction; email_status=verified
2026-05-21,Summit Design and Engineering Services,Edmund Purcell,Chief Operations Officer,edmund.purcell@summitde.net,NC-TN-Construction,USA600-D,IT Services to rely on 24/7,DRAFT_READY,,,,,Send from Gmail drafts,2026-05-21,,USA600 push; draft_id=r2178341974116750778; market=NC-TN-Construction; email_status=verified
2026-05-21,Griffin Masonry,Chad Davis,COO,cdavis@griffinmasonry.com,NC-TN-Construction,USA600-D,IT Services to rely on 24/7,DRAFT_READY,,,,,Send from Gmail drafts,2026-05-21,,USA600 push; draft_id=r-2153977305611647822; market=NC-TN-Construction; email_status=verified
2026-05-21,Carocon Corporation,David Wheeler,COO/Director of Construction,davidw@carocon.com,NC-TN-Construction,USA600-D,IT Services to rely on 24/7,DRAFT_READY,,,,,Send from Gmail drafts,2026-05-21,,USA600 push; draft_id=r2011131222149711221; market=NC-TN-Construction; email_status=verified
2026-05-21,GHP,Rich Crim,Chief Operating Officer,rcrim@ghp1.com,NC-TN-Construction,USA600-D,IT Services to rely on 24/7,DRAFT_READY,,,,,Send from Gmail drafts,2026-05-21,,USA600 push; draft_id=r1219639952275210379; market=NC-TN-Construction; email_status=verified
2026-05-21,Clancy & Theys Construction Company,Joe Rider,Director of Operations,joerider@clancytheys.com,NC-TN-Construction,USA600-D,IT Services to rely on 24/7,DRAFT_READY,,,,,Send from Gmail drafts,2026-05-21,,USA600 push; draft_id=r8880063520768605367; market=NC-TN-Construction; email_status=verified
2026-05-21,"T.W. Frierson Contractor, Inc.",Lance Couch,Chief Operating Officer,lcouch@twfrierson.com,NC-TN-Construction,USA600-D,IT Services to rely on 24/7,DRAFT_READY,,,,,Send from Gmail drafts,2026-05-21,,USA600 push; draft_id=r-1262344440303940451; market=NC-TN-Construction; email_status=verified
2026-05-21,Duncan-Parnell Inc.,John Ledford,IT Director,john.ledford@duncan-parnell.com,NC-TN-Construction,USA600-D,IT Services to rely on 24/7,DRAFT_READY,,,,,Send from Gmail drafts,2026-05-21,,USA600 push; draft_id=r1437054439217596564; market=NC-TN-Construction; email_status=verified
2026-05-21,McFarland Construction U.S.,Ben Wilhelm,President & COO,bwilhelm@mcco-us.com,NC-TN-Construction,USA600-D,IT Services to rely on 24/7,DRAFT_READY,,,,,Send from Gmail drafts,2026-05-21,,USA600 push; draft_id=r-8140161635620340966; market=NC-TN-Construction; email_status=verified
2026-05-21,"Service Pros Installation Group, INC.",Andy Kurtas,Chief Operating Officer,andy.kurtas@serviceprosig.com,NC-TN-Construction,USA600-D,IT Services to rely on 24/7,DRAFT_READY,,,,,Send from Gmail drafts,2026-05-21,,USA600 push; draft_id=r-1545270516229137752; market=NC-TN-Construction; email_status=verified
2026-05-21,"CES Group Engineers, LLP",Renee Rizzuti,Chief Operating Officer,rrizzuti@ces-group.net,NC-TN-Construction,USA600-D,IT Services to rely on 24/7,DRAFT_READY,,,,,Send from Gmail drafts,2026-05-21,,USA600 push; draft_id=r-5386003413323664437; market=NC-TN-Construction; email_status=verified
2026-05-21,D.A. Everett Construction Group,Ian Bass,Director of Operations,ibass@daeverettgroup.com,NC-TN-Construction,USA600-D,IT Services to rely on 24/7,DRAFT_READY,,,,,Send from Gmail drafts,2026-05-21,,USA600 push; draft_id=r-4002954537352329613; market=NC-TN-Construction; email_status=verified
2026-05-21,Ashland Construction Company,Dale Angell,"Senior Vice President, Director of Construction Operations",dale@ashlandconstruction.com,NC-TN-Construction,USA600-D,IT Services to rely on 24/7,DRAFT_READY,,,,,Send from Gmail drafts,2026-05-21,,USA600 push; draft_id=r2407024974180394317; market=NC-TN-Construction; email_status=verified
2026-05-21,Granite Hills Group,Jared Rice,COO,jrice@granitehillsgroup.com,NC-TN-Construction,USA600-D,IT Services to rely on 24/7,DRAFT_READY,,,,,Send from Gmail drafts,2026-05-21,,USA600 push; draft_id=r7493972959639105119; market=NC-TN-Construction; email_status=verified
2026-05-21,Advanced Exterior Systems,Matt Chance,COO,mchance@advancedexteriorsystems.com,NC-TN-Construction,USA600-D,IT Services to rely on 24/7,DRAFT_READY,,,,,Send from Gmail drafts,2026-05-21,,USA600 push; draft_id=r-1453200272911246293; market=NC-TN-Construction; email_status=verified
2026-05-21,Cooper Tacia General Contracting Company,Dave Davenport,Chief Operating Officer,dave.davenport@coopertacia.com,NC-TN-Construction,USA600-D,IT Services to rely on 24/7,DRAFT_READY,,,,,Send from Gmail drafts,2026-05-21,,USA600 push; draft_id=r-7275552296840819538; market=NC-TN-Construction; email_status=verified
2026-05-21,Beacon Partners,Doug Irmscher,Chief Operating Officer,doug@beacondevelopment.com,NC-TN-Construction,USA600-D,IT Services to rely on 24/7,DRAFT_READY,,,,,Send from Gmail drafts,2026-05-21,,USA600 push; draft_id=r3819391415810645295; market=NC-TN-Construction; email_status=verified
2026-05-21,Harker,Tyler Carey,Chief Operating Officer,tyler.carey@harkercc.com,NC-TN-Construction,USA600-D,IT Services to rely on 24/7,DRAFT_READY,,,,,Send from Gmail drafts,2026-05-21,,USA600 push; draft_id=r7270428446009623816; market=NC-TN-Construction; email_status=verified
2026-05-21,Cooper Steel,Cory Cooper,Chief Operating Officer,ccooper@coopersteel.com,NC-TN-Construction,USA600-D,IT Services to rely on 24/7,DRAFT_READY,,,,,Send from Gmail drafts,2026-05-21,,USA600 push; draft_id=r5673936459903699439; market=NC-TN-Construction; email_status=verified
2026-05-21,"A&W Electric, Inc.",Matthew Nelson,COO,matt@aandwelectric.com,NC-TN-Construction,USA600-D,IT Services to rely on 24/7,DRAFT_READY,,,,,Send from Gmail drafts,2026-05-21,,USA600 push; draft_id=r5923287441949808415; market=NC-TN-Construction; email_status=verified
2026-05-21,National Coatings,Charlie Keebaugh,Chief Operating Officer,c.keebaugh@nationalcoatingsinc.com,NC-TN-Construction,USA600-D,IT Services to rely on 24/7,DRAFT_READY,,,,,Send from Gmail drafts,2026-05-21,,USA600 push; draft_id=r6497338153948140843; market=NC-TN-Construction; email_status=verified
2026-05-21,The Roby Family of Companies,David McGuire,Chief Operating Officer,david.mcguire@andrewroby.com,NC-TN-Construction,USA600-D,IT Services to rely on 24/7,DRAFT_READY,,,,,Send from Gmail drafts,2026-05-21,,USA600 push; draft_id=r8340949681070415885; market=NC-TN-Construction; email_status=verified
2026-05-21,Environamics Inc.,Stuart Clark,IT Manager,sclark@environamics.com,NC-TN-Construction,USA600-D,IT Services to rely on 24/7,DRAFT_READY,,,,,Send from Gmail drafts,2026-05-21,,USA600 push; draft_id=r-6340615527342067741; market=NC-TN-Construction; email_status=verified
2026-05-21,OneRallyPoint,Joe Amoroso,Chief Operations Officer,joe.amoroso@onerallypoint.com,NC-TN-Construction,USA600-D,IT Services to rely on 24/7,DRAFT_READY,,,,,Send from Gmail drafts,2026-05-21,,USA600 push; draft_id=r538060614223863977; market=NC-TN-Construction; email_status=verified
2026-05-21,IIBEC,Melany Rizzo,Chief Operating Officer,mrizzo@iibec.org,NC-TN-Construction,USA600-D,IT Services to rely on 24/7,DRAFT_READY,,,,,Send from Gmail drafts,2026-05-21,,USA600 push; draft_id=r-4910195090554186502; market=NC-TN-Construction; email_status=verified
2026-05-21,Alley-Cassetty Brick & Stone,Patrick Spear,Chief Operating Officer,pspear@alley-cassetty.com,NC-TN-Construction,USA600-D,IT Services to rely on 24/7,DRAFT_READY,,,,,Send from Gmail drafts,2026-05-21,,USA600 push; draft_id=r-2593366381827977550; market=NC-TN-Construction; email_status=verified
2026-05-21,Ashland Construction Company,Rhett Moody,Sr. Vice President/Director of Business Development & Preconstruction Services/Project Manager,rhett@ashlandconstruction.com,NC-TN-Construction,USA600-D,IT Services to rely on 24/7,DRAFT_READY,,,,,Send from Gmail drafts,2026-05-21,,USA600 push; draft_id=r4510553982476299098; market=NC-TN-Construction; email_status=verified
2026-05-21,MJM Architects,J Miller,Director of Operations and IT,j.miller@mjmarch.com,NC-TN-Construction,USA600-D,IT Services to rely on 24/7,DRAFT_READY,,,,,Send from Gmail drafts,2026-05-21,,USA600 push; draft_id=r4692959569928186411; market=NC-TN-Construction; email_status=verified
2026-05-21,CSDG,Sean Decoster,Chief Operating Officer,seand@csdgtn.com,NC-TN-Construction,USA600-D,IT Services to rely on 24/7,DRAFT_READY,,,,,Send from Gmail drafts,2026-05-21,,USA600 push; draft_id=r-8570256360009993892; market=NC-TN-Construction; email_status=verified
2026-05-21,"WK Dickson, an Ardurra company",Jason Hillgen,Information Technology Manager,jchillgen@wkdickson.com,NC-TN-Construction,USA600-D,IT Services to rely on 24/7,DRAFT_READY,,,,,Send from Gmail drafts,2026-05-21,,USA600 push; draft_id=r8140184728870509504; market=NC-TN-Construction; email_status=verified
2026-05-21,iSuite,Broderick Bevineau,Information Technology Manager,bbevineau@isuitellc.com,NC-TN-Construction,USA600-D,IT Services to rely on 24/7,DRAFT_READY,,,,,Send from Gmail drafts,2026-05-21,,USA600 push; draft_id=r-5421469188465376143; market=NC-TN-Construction; email_status=verified
2026-05-21,Fitch Irick Corporation,Adi Adair,Chief Operating Officer,aadair@fitchirick.com,NC-TN-Construction,USA600-D,IT Services to rely on 24/7,DRAFT_READY,,,,,Send from Gmail drafts,2026-05-21,,USA600 push; draft_id=r4690344109785462793; market=NC-TN-Construction; email_status=verified
2026-05-21,"Siteworks, LLC",Ryan Tyson,IT Manager,rtyson@siteworks-llc.com,NC-TN-Construction,USA600-D,IT Services to rely on 24/7,DRAFT_READY,,,,,Send from Gmail drafts,2026-05-21,,USA600 push; draft_id=r-526221399357565933; market=NC-TN-Construction; email_status=verified
2026-05-21,Stones River Electric,Jeff Fitzpatrick,Chief Operating Officer,jfitzpatrick@stonesriverelectric.com,NC-TN-Construction,USA600-D,IT Services to rely on 24/7,DRAFT_READY,,,,,Send from Gmail drafts,2026-05-21,,USA600 push; draft_id=r-6339730882073998055; market=NC-TN-Construction; email_status=verified
2026-05-21,Edifice Construction,Veronica McAllister,Director of Project Administration,vmcallister@edificeinc.com,NC-TN-Construction,USA600-D,IT Services to rely on 24/7,DRAFT_READY,,,,,Send from Gmail drafts,2026-05-21,,USA600 push; draft_id=r805103941624684488; market=NC-TN-Construction; email_status=verified
2026-05-21,Charlotte Flooring Inc.,Doug Stewart,Chief Operating Officer,doug.stewart@charlotteflooring.com,NC-TN-Construction,USA600-D,IT Services to rely on 24/7,DRAFT_READY,,,,,Send from Gmail drafts,2026-05-21,,USA600 push; draft_id=r5258246203868481997; market=NC-TN-Construction; email_status=verified
2026-05-21,Nashville Tempered Glass,Philip Contella,Chief Operating Officer,philipc@ntglass.com,NC-TN-Construction,USA600-D,IT Services to rely on 24/7,DRAFT_READY,,,,,Send from Gmail drafts,2026-05-21,,USA600 push; draft_id=r-8104377666757687859; market=NC-TN-Construction; email_status=verified
2026-05-21,1st Choice Cabinetry,Allison King,Chief Operating Officer,aking@1stchoicecabinets.com,NC-TN-Construction,USA600-D,IT Services to rely on 24/7,DRAFT_READY,,,,,Send from Gmail drafts,2026-05-21,,USA600 push; draft_id=r-4445499206252855851; market=NC-TN-Construction; email_status=verified
2026-05-21,Phoenix Marketing Group LLC,Jason Brown,Chief Operating Officer,jbrown@phx-reps.com,NC-TN-Construction,USA600-D,IT Services to rely on 24/7,DRAFT_READY,,,,,Send from Gmail drafts,2026-05-21,,USA600 push; draft_id=r-7752363506424788587; market=NC-TN-Construction; email_status=verified
2026-05-21,"Spartan Construction, LLC",Tammy Gigantelli,Operations Manager,tammy@spartanbuildinggroup.com,NC-TN-Construction,USA600-D,IT Services to rely on 24/7,DRAFT_READY,,,,,Send from Gmail drafts,2026-05-21,,USA600 push; draft_id=r25559742362095633; market=NC-TN-Construction; email_status=verified
2026-05-21,Advanced Recruiting Partners,Christopher Young,COO,cyoung@advancedrecruitingpartners.com,NC-TN-Construction,USA600-D,IT Services to rely on 24/7,DRAFT_READY,,,,,Send from Gmail drafts,2026-05-21,,USA600 push; draft_id=r6733356618390270361; market=NC-TN-Construction; email_status=verified
2026-05-21,"Burgess Sales & Supply, Inc.",Doug Pyatt,IT Manager,dpyatt@burgesssales.com,NC-TN-Construction,USA600-D,IT Services to rely on 24/7,DRAFT_READY,,,,,Send from Gmail drafts,2026-05-21,,USA600 push; draft_id=r3007907712841064190; market=NC-TN-Construction; email_status=verified
2026-05-21,ORC,Richie McNally,Chief Operating Officer,rmcnally@orcolan.com,NC-TN-Construction,USA600-D,IT Services to rely on 24/7,DRAFT_READY,,,,,Send from Gmail drafts,2026-05-21,,USA600 push; draft_id=r-5040711632196993324; market=NC-TN-Construction; email_status=verified
2026-05-21,Smarter Systems,Jon Matheis,Chief Operating Officer,jon.matheis@smartersys.com,NC-TN-Construction,USA600-D,IT Services to rely on 24/7,DRAFT_READY,,,,,Send from Gmail drafts,2026-05-21,,USA600 push; draft_id=r8444714033539642828; market=NC-TN-Construction; email_status=verified
2026-05-21,SBMG,Ruben Pena,Chief Operating Officer,ruben.pena@sbmg.com,NC-TN-Construction,USA600-D,IT Services to rely on 24/7,DRAFT_READY,,,,,Send from Gmail drafts,2026-05-21,,USA600 push; draft_id=r818900826187406068; market=NC-TN-Construction; email_status=verified
2026-05-21,"Blythe Construction, Inc.",Roger Keene,Operations Manager,roger.keene@blytheconstruction.com,NC-TN-Construction,USA600-D,IT Services to rely on 24/7,DRAFT_READY,,,,,Send from Gmail drafts,2026-05-21,,USA600 push; draft_id=r8212589831610633630; market=NC-TN-Construction; email_status=verified
2026-05-21,"Electronic Metrology Laboratory, LLC (EML)",Alex Roxbury,IT Manager,alex.roxbury@eml1.com,NC-TN-Construction,USA600-D,IT Services to rely on 24/7,DRAFT_READY,,,,,Send from Gmail drafts,2026-05-21,,USA600 push; draft_id=r-6767627925934279227; market=NC-TN-Construction; email_status=verified
2026-05-21,Oakley Construction Inc.,Adam Womack,Operations Manager,awomack@oakleyconstruction.net,NC-TN-Construction,USA600-D,IT Services to rely on 24/7,DRAFT_READY,,,,,Send from Gmail drafts,2026-05-21,,USA600 push; draft_id=r-7587825119140364550; market=NC-TN-Construction; email_status=verified
2026-05-21,North American Lawn & Landscape,Jason Shear,Chief Operating Officer,jshear@nalandscape.com,NC-TN-Construction,USA600-D,IT Services to rely on 24/7,DRAFT_READY,,,,,Send from Gmail drafts,2026-05-21,,USA600 push; draft_id=r-3494169437405092143; market=NC-TN-Construction; email_status=verified
2026-05-21,Meridian Waste,Dave Lavender,COO,dlavender@meridianwaste.com,NC-TN-Construction,USA600-D,IT Services to rely on 24/7,DRAFT_READY,,,,,Send from Gmail drafts,2026-05-21,,USA600 push; draft_id=r-7215724169470433790; market=NC-TN-Construction; email_status=verified
2026-05-21,Myers & Chapman,Will Dowd,Field Operations Manager,wdowd@myers-chapman.com,NC-TN-Construction,USA600-D,IT Services to rely on 24/7,DRAFT_READY,,,,,Send from Gmail drafts,2026-05-21,,USA600 push; draft_id=r-7313670715585409009; market=NC-TN-Construction; email_status=verified
2026-05-21,The Wooten Company,Steven Dodds,IT Manager,sdodds@thewootencompany.com,NC-TN-Construction,USA600-D,IT Services to rely on 24/7,DRAFT_READY,,,,,Send from Gmail drafts,2026-05-21,,USA600 push; draft_id=r-1161987269318827078; market=NC-TN-Construction; email_status=verified
2026-05-21,Night Owl Companies,Craig King,Director of Production Operations,craigk@nonccorp.com,NC-TN-Construction,USA600-D,IT Services to rely on 24/7,DRAFT_READY,,,,,Send from Gmail drafts,2026-05-21,,USA600 push; draft_id=r9192708654170638040; market=NC-TN-Construction; email_status=verified
2026-05-21,"August Construction Solutions, Inc.",Meredith Morgan,Operations Manager,meredith@augustcs.com,NC-TN-Construction,USA600-D,IT Services to rely on 24/7,DRAFT_READY,,,,,Send from Gmail drafts,2026-05-21,,USA600 push; draft_id=r-7237211402737470063; market=NC-TN-Construction; email_status=verified
2026-05-21,Performance Construction Advisors,John Mayes,"Director, Operations",jmayes2@familybusinessinstitute.com,NC-TN-Construction,USA600-D,IT Services to rely on 24/7,DRAFT_READY,,,,,Send from Gmail drafts,2026-05-21,,USA600 push; draft_id=r-6871333115981547184; market=NC-TN-Construction; email_status=verified
2026-05-21,GHP,Jeff Fowler,COO / CFO,jfowler@ghp1.com,NC-TN-Construction,USA600-D,IT Services to rely on 24/7,DRAFT_READY,,,,,Send from Gmail drafts,2026-05-21,,USA600 push; draft_id=r-6710008467711875587; market=NC-TN-Construction; email_status=verified
2026-05-21,Triton Stone Group of Nashville,Patrick Patterson,COO,patrick@tritonstonenashville.com,NC-TN-Construction,USA600-D,IT Services to rely on 24/7,DRAFT_READY,,,,,Send from Gmail drafts,2026-05-21,,USA600 push; draft_id=r3337070955806636903; market=NC-TN-Construction; email_status=verified
2026-05-21,Morex Inc,Chastity Mazigi,Chief Operations Officer and Treasurer,chastity.mazigi@morexinc.com,NC-TN-Construction,USA600-D,IT Services to rely on 24/7,DRAFT_READY,,,,,Send from Gmail drafts,2026-05-21,,USA600 push; draft_id=r2925213427363946066; market=NC-TN-Construction; email_status=verified
2026-05-21,"Don Kennedy Roofing, Inc.",Donnie Kennedy,COO,donnie@donkennedyroofing.com,NC-TN-Construction,USA600-D,IT Services to rely on 24/7,DRAFT_READY,,,,,Send from Gmail drafts,2026-05-21,,USA600 push; draft_id=r-3311019676597129402; market=NC-TN-Construction; email_status=verified
2026-05-21,Little Diversified Architectural Consulting,Charles Todd,Chief Operating Officer,charles.todd@littleonline.com,NC-TN-Construction,USA600-D,IT Services to rely on 24/7,DRAFT_READY,,,,,Send from Gmail drafts,2026-05-21,,USA600 push; draft_id=r-4724354263056893627; market=NC-TN-Construction; email_status=verified
2026-05-21,ThinkTech Advisors,Chris Barker,COO,cbarker@thinktechadvisors.com,NC-TN-Construction,USA600-D,IT Services to rely on 24/7,DRAFT_READY,,,,,Send from Gmail drafts,2026-05-21,,USA600 push; draft_id=r-6735450433450707063; market=NC-TN-Construction; email_status=verified
2026-05-21,AR HOSPITALITY,Adrian Villa,Chief Operations Officer,avilla@linkhospitalitycorp.com,NC-TN-Construction,USA600-D,IT Services to rely on 24/7,DRAFT_READY,,,,,Send from Gmail drafts,2026-05-21,,USA600 push; draft_id=r-2291171137617044482; market=NC-TN-Construction; email_status=verified
2026-05-21,LandDesign,Andre Rutland,IT Manager,arutland@landdesign.com,NC-TN-Construction,USA600-D,IT Services to rely on 24/7,DRAFT_READY,,,,,Send from Gmail drafts,2026-05-21,,USA600 push; draft_id=r-5163986335339605661; market=NC-TN-Construction; email_status=verified
2026-05-21,"Page One, Inc.",Andrew Milauskas,Chief Operating Officer,amilauskas@pageonelegal.com,NC-TN-Construction,USA600-D,IT Services to rely on 24/7,DRAFT_READY,,,,,Send from Gmail drafts,2026-05-21,,USA600 push; draft_id=r6212328982426018989; market=NC-TN-Construction; email_status=verified
2026-05-21,Sunrock,Zach Satterwhite,Chief Operating Officer,zsatterwhite@thesunrockgroup.com,NC-TN-Construction,USA600-D,IT Services to rely on 24/7,DRAFT_READY,,,,,Send from Gmail drafts,2026-05-21,,USA600 push; draft_id=r-3836907954759465603; market=NC-TN-Construction; email_status=verified
2026-05-21,"DataStaff, Inc.",Robert Crabill,Chief Operating Officer,rcrabill@datastaffnc.com,NC-TN-Construction,USA600-D,IT Services to rely on 24/7,DRAFT_READY,,,,,Send from Gmail drafts,2026-05-21,,USA600 push; draft_id=r7388137565354691160; market=NC-TN-Construction; email_status=verified
2026-05-21,Go Store It Self-Storage,Beau Agnello,COO,beau@gostoreit.com,NC-TN-Construction,USA600-D,IT Services to rely on 24/7,DRAFT_READY,,,,,Send from Gmail drafts,2026-05-21,,USA600 push; draft_id=r-8311680354160728146; market=NC-TN-Construction; email_status=verified
2026-05-21,Piedmont Door Solutions,Emily Lucas,IT Director,elucas@piedmontds.com,NC-TN-Construction,USA600-D,IT Services to rely on 24/7,DRAFT_READY,,,,,Send from Gmail drafts,2026-05-21,,USA600 push; draft_id=r-161423997069757609; market=NC-TN-Construction; email_status=verified
2026-05-21,The ProHunters,Debbie Morales,Chief Operating Officer,debbie@prohuntersearch.com,NC-TN-Construction,USA600-D,IT Services to rely on 24/7,DRAFT_READY,,,,,Send from Gmail drafts,2026-05-21,,USA600 push; draft_id=r3810619534212935855; market=NC-TN-Construction; email_status=verified
2026-05-21,Left Main REI,Jennie Muzzy,Chief Operations Officer,jennie@leftmainrei.com,NC-TN-Construction,USA600-D,IT Services to rely on 24/7,DRAFT_READY,,,,,Send from Gmail drafts,2026-05-21,,USA600 push; draft_id=r1847899703943264340; market=NC-TN-Construction; email_status=verified
2026-05-21,"DWC Construction Co., Inc.",Cory Braman,Operation Manager,cory.braman@dwcbuilds.com,NC-TN-Construction,USA600-D,IT Services to rely on 24/7,DRAFT_READY,,,,,Send from Gmail drafts,2026-05-21,,USA600 push; draft_id=r5779092573058487927; market=NC-TN-Construction; email_status=verified
2026-05-21,Economic Development Partnership of North Carolina (EDPNC),Michael Ebert,Chief Operating Officer,michael.ebert@edpnc.com,NC-TN-Construction,USA600-D,IT Services to rely on 24/7,DRAFT_READY,,,,,Send from Gmail drafts,2026-05-21,,USA600 push; draft_id=r-1663370521755767014; market=NC-TN-Construction; email_status=verified
2026-05-21,Dalamar Homes,George Boktor,Chief Operating Officer,gboktor@dalamarhomes.com,NC-TN-Construction,USA600-D,IT Services to rely on 24/7,DRAFT_READY,,,,,Send from Gmail drafts,2026-05-21,,USA600 push; draft_id=r-652668197490493761; market=NC-TN-Construction; email_status=verified
2026-05-21,"Young Moore and Henderson, P.A.",David Paul,IT Director,david.paul@youngmoorelaw.com,NC-TN-Construction,USA600-D,IT Services to rely on 24/7,DRAFT_READY,,,,,Send from Gmail drafts,2026-05-21,,USA600 push; draft_id=r2306186317569561315; market=NC-TN-Construction; email_status=verified
2026-05-21,LOVING,Megan Logan,Chief Operating Officer,megan.logan@thelovingcompanies.com,NC-TN-Construction,USA600-D,IT Services to rely on 24/7,DRAFT_READY,,,,,Send from Gmail drafts,2026-05-21,,USA600 push; draft_id=r6346945356684571098; market=NC-TN-Construction; email_status=verified
2026-05-21,AGX Freight,Walter Woodruff,IT Manager,walter.woodruff@agxfreight.com,FL-Logistics,USA600-D,IT Services to rely on 24/7,DRAFT_READY,,,,,Send from Gmail drafts,2026-05-21,,USA600 push; draft_id=r-8803812174912314787; market=FL-Logistics; email_status=verified
2026-05-21,Tree Logistics,Pedro Garcia,Chief Operations Officer,pgarcia@treelogistics.com,FL-Logistics,USA600-D,IT Services to rely on 24/7,DRAFT_READY,,,,,Send from Gmail drafts,2026-05-21,,USA600 push; draft_id=r1330054711461219863; market=FL-Logistics; email_status=verified
2026-05-21,Interworld Freight Inc.,Joe Vazquez,Chief Operating Officer,jvazquez@interwf.com,FL-Logistics,USA600-D,IT Services to rely on 24/7,DRAFT_READY,,,,,Send from Gmail drafts,2026-05-21,,USA600 push; draft_id=r2403866269723411624; market=FL-Logistics; email_status=verified
2026-05-21,Atlantic Logistics,Johnnie Greene,Chief Operating Officer,johnnie@shipatlantic.com,FL-Logistics,USA600-D,IT Services to rely on 24/7,DRAFT_READY,,,,,Send from Gmail drafts,2026-05-21,,USA600 push; draft_id=r7848357357325493391; market=FL-Logistics; email_status=verified
2026-05-21,"Fusion Logistics, Inc.",Carlos Delgado,President - COO,carlos@solutionsbyfusion.com,FL-Logistics,USA600-D,IT Services to rely on 24/7,DRAFT_READY,,,,,Send from Gmail drafts,2026-05-21,,USA600 push; draft_id=r-4136066428909374385; market=FL-Logistics; email_status=verified
2026-05-21,Direct Impact Logistics,Barclay Paul,Chief Operating Officer,pbarclay@directimpactlogistics.com,FL-Logistics,USA600-D,IT Services to rely on 24/7,DRAFT_READY,,,,,Send from Gmail drafts,2026-05-21,,USA600 push; draft_id=r-1753076707356563130; market=FL-Logistics; email_status=verified
2026-05-21,HNM Global Logistics,Darrell Gajadhar,Chief Operations Officer,darrellg@hnmgloballogistics.com,FL-Logistics,USA600-D,IT Services to rely on 24/7,DRAFT_READY,,,,,Send from Gmail drafts,2026-05-21,,USA600 push; draft_id=r7438922179862976972; market=FL-Logistics; email_status=verified
2026-05-21,Triton Logistics,Amanda Gil,Chief Operating Officer,agil@tritonlogistics.us.com,FL-Logistics,USA600-D,IT Services to rely on 24/7,DRAFT_READY,,,,,Send from Gmail drafts,2026-05-21,,USA600 push; draft_id=r2823031078983171460; market=FL-Logistics; email_status=verified
2026-05-21,AGX Freight,Geoffrey Taylor,Director of Operations,geoff.taylor@agxfreight.com,FL-Logistics,USA600-D,IT Services to rely on 24/7,DRAFT_READY,,,,,Send from Gmail drafts,2026-05-21,,USA600 push; draft_id=r-7062448471607924452; market=FL-Logistics; email_status=verified
2026-05-21,NXTPoint Logistics,Russell O'Dell,Vice President Operations,rodell@nxtpointlogistics.com,FL-Logistics,USA600-D,IT Services to rely on 24/7,DRAFT_READY,,,,,Send from Gmail drafts,2026-05-21,,USA600 push; draft_id=r-8236720997866434816; market=FL-Logistics; email_status=verified
2026-05-21,Medov Logistics,Nick Angeletos,Global Chief Operating Officer,nick.angeletos@medovlog.com,FL-Logistics,USA600-D,IT Services to rely on 24/7,DRAFT_READY,,,,,Send from Gmail drafts,2026-05-21,,USA600 push; draft_id=r3919514800989313623; market=FL-Logistics; email_status=verified
2026-05-21,Boomerang Transportation,Cassie Glover,Director of Operations,cg@boomtrans.com,FL-Logistics,USA600-D,IT Services to rely on 24/7,DRAFT_READY,,,,,Send from Gmail drafts,2026-05-21,,USA600 push; draft_id=r6264189428733343357; market=FL-Logistics; email_status=verified
2026-05-21,Horizon Auto Logistics,Ignasi Matas,Chief Operating Officer,ignasi.sola@horizonautologistics.com,FL-Logistics,USA600-D,IT Services to rely on 24/7,DRAFT_READY,,,,,Send from Gmail drafts,2026-05-21,,USA600 push; draft_id=r2791063261998230338; market=FL-Logistics; email_status=verified
2026-05-21,Fox Logistics,David Mangold,Co-Owner & Chief Operating Officer,dmangold@foxlogistics.com,FL-Logistics,USA600-D,IT Services to rely on 24/7,DRAFT_READY,,,,,Send from Gmail drafts,2026-05-21,,USA600 push; draft_id=r-967231327955803089; market=FL-Logistics; email_status=verified
2026-05-21,Proficient Auto Logistics,Amy Rice,President and Chief Operating Officer,arice@proautologistics.com,FL-Logistics,USA600-D,IT Services to rely on 24/7,DRAFT_READY,,,,,Send from Gmail drafts,2026-05-21,,USA600 push; draft_id=r-1084613653684799201; market=FL-Logistics; email_status=verified
2026-05-21,Medov Logistics,Edward Santa,Director of Operations,edward.santa@medovlog.com,FL-Logistics,USA600-D,IT Services to rely on 24/7,DRAFT_READY,,,,,Send from Gmail drafts,2026-05-21,,USA600 push; draft_id=r5232086287678106016; market=FL-Logistics; email_status=verified
2026-05-21,Atlantic Logistics,Rex Oliver,Director of Operations,rex@shipatlantic.com,FL-Logistics,USA600-D,IT Services to rely on 24/7,DRAFT_READY,,,,,Send from Gmail drafts,2026-05-21,,USA600 push; draft_id=r7114306868777712925; market=FL-Logistics; email_status=verified
2026-05-21,Cold-Link Logistics,Jay Slater,IT Manager,jslater@cold-linklogistics.com,FL-Logistics,USA600-D,IT Services to rely on 24/7,DRAFT_READY,,,,,Send from Gmail drafts,2026-05-21,,USA600 push; draft_id=r-8633245751759819550; market=FL-Logistics; email_status=verified
2026-05-21,Capital Logistics Group,Chris Erlandson,Director of Operations,cerlandson@clgdelivers.com,FL-Logistics,USA600-D,IT Services to rely on 24/7,DRAFT_READY,,,,,Send from Gmail drafts,2026-05-21,,USA600 push; draft_id=r2666849228408922485; market=FL-Logistics; email_status=verified
2026-05-21,Cold-Link Logistics,Carlos Lopez,Vice President Operations,clopez@mandichgroup.com,FL-Logistics,USA600-D,IT Services to rely on 24/7,DRAFT_READY,,,,,Send from Gmail drafts,2026-05-21,,USA600 push; draft_id=r-7175098137865782512; market=FL-Logistics; email_status=verified
2026-05-21,Centurion Auto Logistics,Dean Pearson,Chief Operating Officer,dpearson@centurionautologistics.com,FL-Logistics,USA600-D,IT Services to rely on 24/7,DRAFT_READY,,,,,Send from Gmail drafts,2026-05-21,,USA600 push; draft_id=r6473612861754541653; market=FL-Logistics; email_status=verified
2026-05-21,Easyflyers,Erik Kucharzyk,Chief Operating Officer,erik.kucharzyk@easyflyers.com,FL-Logistics,USA600-D,IT Services to rely on 24/7,DRAFT_READY,,,,,Send from Gmail drafts,2026-05-21,,USA600 push; draft_id=r4910066528510932972; market=FL-Logistics; email_status=verified
2026-05-21,Direct Impact Logistics,Starlyn Almonte,Director of Operations,salmonte@directimpactlogistics.com,FL-Logistics,USA600-D,IT Services to rely on 24/7,DRAFT_READY,,,,,Send from Gmail drafts,2026-05-21,,USA600 push; draft_id=r-6017172801796213158; market=FL-Logistics; email_status=verified
2026-05-21,SDS Rx Powered by DHL Supply Chain,Peyton Young,IT Manager,pyoung@sds-rx.com,FL-Logistics,USA600-D,IT Services to rely on 24/7,DRAFT_READY,,,,,Send from Gmail drafts,2026-05-21,,USA600 push; draft_id=r-3642534003563401359; market=FL-Logistics; email_status=verified
2026-05-21,Onboard Logistics Group,Sara Arita Panchame,Director of Operations,sara.arita@onboardlogistics.net,FL-Logistics,USA600-D,IT Services to rely on 24/7,DRAFT_READY,,,,,Send from Gmail drafts,2026-05-21,,USA600 push; draft_id=r4484822107099095329; market=FL-Logistics; email_status=verified
2026-05-21,CW Carriers USA Inc.,Rob Workman,Chief Operating Officer,rob@cwcarriersinc.com,FL-Logistics,USA600-D,IT Services to rely on 24/7,DRAFT_READY,,,,,Send from Gmail drafts,2026-05-21,,USA600 push; draft_id=r-8964104990290767808; market=FL-Logistics; email_status=verified
2026-05-21,"Momentum Transportation USA, an award-winning Landstar Agent",James Carithers,Vice President of Operations,jcarithers@landstar-agent.com,FL-Logistics,USA600-D,IT Services to rely on 24/7,DRAFT_READY,,,,,Send from Gmail drafts,2026-05-21,,USA600 push; draft_id=r-3700769418602317737; market=FL-Logistics; email_status=verified
2026-05-21,Tabi Connect,Adriana Padilla,IT Director,adrianap@tabiconnect.com,FL-Logistics,USA600-D,IT Services to rely on 24/7,DRAFT_READY,,,,,Send from Gmail drafts,2026-05-21,,USA600 push; draft_id=r8343038432123132910; market=FL-Logistics; email_status=verified
2026-05-21,Tree Logistics,Joaquim Capell,Operation Manager,jcapell@treelogistics.com,FL-Logistics,USA600-D,IT Services to rely on 24/7,DRAFT_READY,,,,,Send from Gmail drafts,2026-05-21,,USA600 push; draft_id=r6513692448722566487; market=FL-Logistics; email_status=verified
2026-05-21,Express Freight Inc.,Austin Bowmar,Operations Manager,austin@expressfreightinc.com,FL-Logistics,USA600-D,IT Services to rely on 24/7,DRAFT_READY,,,,,Send from Gmail drafts,2026-05-21,,USA600 push; draft_id=r3018667422948028633; market=FL-Logistics; email_status=verified
2026-05-21,Transflo,Don Burke,COO,dburke@transflo.com,FL-Logistics,USA600-D,IT Services to rely on 24/7,DRAFT_READY,,,,,Send from Gmail drafts,2026-05-21,,USA600 push; draft_id=r-9052213928205559434; market=FL-Logistics; email_status=verified
2026-05-21,Dux Logistics,Luccas Zillig,Operations Manager,luccas.zillig@go-dux.com,FL-Logistics,USA600-D,IT Services to rely on 24/7,DRAFT_READY,,,,,Send from Gmail drafts,2026-05-21,,USA600 push; draft_id=r4157413696757463741; market=FL-Logistics; email_status=verified
2026-05-21,Interworld Freight Inc.,Daniel Zapata,Operations Manager,dzapata@interwf.com,FL-Logistics,USA600-D,IT Services to rely on 24/7,DRAFT_READY,,,,,Send from Gmail drafts,2026-05-21,,USA600 push; draft_id=r-2045084364008263109; market=FL-Logistics; email_status=verified
2026-05-21,Forbis Logistics,Onyll Prieto,Operations Manager,onyll.prieto@forbislogistics.com,FL-Logistics,USA600-D,IT Services to rely on 24/7,DRAFT_READY,,,,,Send from Gmail drafts,2026-05-21,,USA600 push; draft_id=r-6185885205057902496; market=FL-Logistics; email_status=verified
2026-05-21,AGS AGUNSA,Pedro Errazuriz R,Chief Operating Officer,perrazuriz@ags.inc,FL-Logistics,USA600-D,IT Services to rely on 24/7,DRAFT_READY,,,,,Send from Gmail drafts,2026-05-21,,USA600 push; draft_id=r8751327112730106117; market=FL-Logistics; email_status=verified
2026-05-21,Star Freight LLC,Anthony Barrington,Ops Mgr,abarrington@star-freightllc.com,FL-Logistics,USA600-D,IT Services to rely on 24/7,DRAFT_READY,,,,,Send from Gmail drafts,2026-05-21,,USA600 push; draft_id=r-3675999251622962262; market=FL-Logistics; email_status=verified
2026-05-21,AMG Global Distribution,Ralph Fernandez,Chief Operations Officer,rfernandez@mailusers.net,FL-Logistics,USA600-D,IT Services to rely on 24/7,DRAFT_READY,,,,,Send from Gmail drafts,2026-05-21,,USA600 push; draft_id=r9085518314148801196; market=FL-Logistics; email_status=verified
2026-05-21,Shamrock Express,Benjamin Niswonger,Chief Operating Officer,bniswonger@shamrockintermodal.com,FL-Logistics,USA600-D,IT Services to rely on 24/7,DRAFT_READY,,,,,Send from Gmail drafts,2026-05-21,,USA600 push; draft_id=r2642309273266707436; market=FL-Logistics; email_status=verified
2026-05-21,Magaya Corporation,Dawn Russell,Chief Operating Officer,drussell@magaya.com,FL-Logistics,USA600-D,IT Services to rely on 24/7,DRAFT_READY,,,,,Send from Gmail drafts,2026-05-21,,USA600 push; draft_id=r7183066768210088535; market=FL-Logistics; email_status=verified
2026-05-21,ReedTMS Logistics,Vincente Cruz,Executive Vice President,vincente.cruz@werner.com,FL-Logistics,USA600-D,IT Services to rely on 24/7,DRAFT_READY,,,,,Send from Gmail drafts,2026-05-21,,USA600 push; draft_id=r-4456230527241840213; market=FL-Logistics; email_status=verified
2026-05-21,Corporate Traffic Logistics,James Dillon,"Director, Operations Jacksonville",james.dillon@corporatetraffic.com,FL-Logistics,USA600-D,IT Services to rely on 24/7,DRAFT_READY,,,,,Send from Gmail drafts,2026-05-21,,USA600 push; draft_id=r-8525130093287480437; market=FL-Logistics; email_status=verified
2026-05-21,NXTPoint Logistics,Mark Marlow,Operations Manager,mark.marlow@nxtpointlogistics.com,FL-Logistics,USA600-D,IT Services to rely on 24/7,DRAFT_READY,,,,,Send from Gmail drafts,2026-05-21,,USA600 push; draft_id=r-2229420014398670308; market=FL-Logistics; email_status=verified
2026-05-21,NXTPoint Logistics,Bryan White,Operations Manager,bryan.white@nxtpointlogistics.com,FL-Logistics,USA600-D,IT Services to rely on 24/7,DRAFT_READY,,,,,Send from Gmail drafts,2026-05-21,,USA600 push; draft_id=r7180170578385318403; market=FL-Logistics; email_status=verified
2026-05-21,NXTPoint Logistics,Jose Rodriguez,Operations Manager,jose.rodriguez@nxtpointlogistics.com,FL-Logistics,USA600-D,IT Services to rely on 24/7,DRAFT_READY,,,,,Send from Gmail drafts,2026-05-21,,USA600 push; draft_id=r3285909899879407295; market=FL-Logistics; email_status=verified
2026-05-21,NXTPoint Logistics,Martha Mingucha,Operations Manager,martha.mingucha@nxtpointlogistics.com,FL-Logistics,USA600-D,IT Services to rely on 24/7,DRAFT_READY,,,,,Send from Gmail drafts,2026-05-21,,USA600 push; draft_id=r1510547107947984786; market=FL-Logistics; email_status=verified
2026-05-21,NXTPoint Logistics,Jesus Gonzalez,Operations Manager,jesus.gonzalez@nxtpointlogistics.com,FL-Logistics,USA600-D,IT Services to rely on 24/7,DRAFT_READY,,,,,Send from Gmail drafts,2026-05-21,,USA600 push; draft_id=r4234702479520894795; market=FL-Logistics; email_status=verified
2026-05-21,Antillean Marine Shipping Corporation,Derek Haylock,Chief Operating Officer,dhaylock@antillean.com,FL-Logistics,USA600-D,IT Services to rely on 24/7,DRAFT_READY,,,,,Send from Gmail drafts,2026-05-21,,USA600 push; draft_id=r8239386470228964726; market=FL-Logistics; email_status=verified
2026-05-21,NXTPoint Logistics,Kristin Rush,Operations Manager,kristin.rush@suddath.com,FL-Logistics,USA600-D,IT Services to rely on 24/7,DRAFT_READY,,,,,Send from Gmail drafts,2026-05-21,,USA600 push; draft_id=r1631887829119680568; market=FL-Logistics; email_status=verified
2026-05-21,NXTPoint Logistics,Jennifer Yurksaitis,Operations Manager,jennifer.yurksaitis@nxtpointlogistics.com,FL-Logistics,USA600-D,IT Services to rely on 24/7,DRAFT_READY,,,,,Send from Gmail drafts,2026-05-21,,USA600 push; draft_id=r5508920986964791666; market=FL-Logistics; email_status=verified
2026-05-21,Fast Track Worldwide Logistics Inc.,Andrea Palmisano,Operations Manager,a.palmisano@fasttrackgroup.us,FL-Logistics,USA600-D,IT Services to rely on 24/7,DRAFT_READY,,,,,Send from Gmail drafts,2026-05-21,,USA600 push; draft_id=r2386437185591188677; market=FL-Logistics; email_status=verified
2026-05-21,Capital Logistics Group,Jackie Grandchamp,Associate Director of Operations,jgrandchamp@clgdelivers.com,FL-Logistics,USA600-D,IT Services to rely on 24/7,DRAFT_READY,,,,,Send from Gmail drafts,2026-05-21,,USA600 push; draft_id=r5430538248878656991; market=FL-Logistics; email_status=verified
2026-05-21,SDS Rx Powered by DHL Supply Chain,Sufian Almashhadany,Vice President Operations-Central,salmashhadany@sds-rx.com,FL-Logistics,USA600-D,IT Services to rely on 24/7,DRAFT_READY,,,,,Send from Gmail drafts,2026-05-21,,USA600 push; draft_id=r3169639796432104077; market=FL-Logistics; email_status=verified
2026-05-21,"Fusion Logistics, Inc.",Dan Maxwell,"Vice President, Operational Finance",dan@solutionsbyfusion.com,FL-Logistics,USA600-D,IT Services to rely on 24/7,DRAFT_READY,,,,,Send from Gmail drafts,2026-05-21,,USA600 push; draft_id=r-3562215700884106780; market=FL-Logistics; email_status=verified
2026-05-21,Sky Lease Cargo,Ricardo Nieto,VP of Operations,rnieto@skylease.aero,FL-Logistics,USA600-D,IT Services to rely on 24/7,DRAFT_READY,,,,,Send from Gmail drafts,2026-05-21,,USA600 push; draft_id=r-8460484349069775079; market=FL-Logistics; email_status=verified
2026-05-21,SDS Rx Powered by DHL Supply Chain,Michael Tokach,Vice President of Operations - South,mtokach@sds-rx.com,FL-Logistics,USA600-D,IT Services to rely on 24/7,DRAFT_READY,,,,,Send from Gmail drafts,2026-05-21,,USA600 push; draft_id=r7732698254672480209; market=FL-Logistics; email_status=verified
2026-05-21,SDS Rx Powered by DHL Supply Chain,Mario Florez,"Vice President, Operations - Northeast",mflorez@sds-rx.com,FL-Logistics,USA600-D,IT Services to rely on 24/7,DRAFT_READY,,,,,Send from Gmail drafts,2026-05-21,,USA600 push; draft_id=r3691382992407407685; market=FL-Logistics; email_status=verified
2026-05-21,Patriot Rail,Jerry Hall,President and COO,jerry.hall@patriotrail.com,FL-Logistics,USA600-D,IT Services to rely on 24/7,DRAFT_READY,,,,,Send from Gmail drafts,2026-05-21,,USA600 push; draft_id=r-6077099317764620224; market=FL-Logistics; email_status=verified
2026-05-21,Horizon Auto Logistics,Daniel Perez Manjarres,Director of Operations,daniel.perez@horizonautologistics.com,FL-Logistics,USA600-D,IT Services to rely on 24/7,DRAFT_READY,,,,,Send from Gmail drafts,2026-05-21,,USA600 push; draft_id=r2671173190432431589; market=FL-Logistics; email_status=verified
2026-05-21,HNM Global Logistics,Matthew Johnston,Operations Manager,mjohnston@hnmgloballogistics.com,FL-Logistics,USA600-D,IT Services to rely on 24/7,DRAFT_READY,,,,,Send from Gmail drafts,2026-05-21,,USA600 push; draft_id=r3963083989159672477; market=FL-Logistics; email_status=verified
2026-05-21,Proficient Auto Logistics,Scott Perry,Vice President Operations,sperry@proautologistics.com,FL-Logistics,USA600-D,IT Services to rely on 24/7,DRAFT_READY,,,,,Send from Gmail drafts,2026-05-21,,USA600 push; draft_id=r1780438097916760595; market=FL-Logistics; email_status=verified
2026-05-21,"Momentum Transportation USA, an award-winning Landstar Agent",Craig Haddock,Director of Operations,chaddock@landstar-agent.com,FL-Logistics,USA600-D,IT Services to rely on 24/7,DRAFT_READY,,,,,Send from Gmail drafts,2026-05-21,,USA600 push; draft_id=r8112300821610383553; market=FL-Logistics; email_status=verified
2026-05-21,Dux Logistics,Shannon Kitchens,Import Operations Manager,shannon.kitchens@go-dux.com,FL-Logistics,USA600-D,IT Services to rely on 24/7,DRAFT_READY,,,,,Send from Gmail drafts,2026-05-21,,USA600 push; draft_id=r-8753815123702647918; market=FL-Logistics; email_status=verified
2026-05-21,STT Logistics Group,Mario Corado,Operations Manager,mario.corado@sttlg.us,FL-Logistics,USA600-D,IT Services to rely on 24/7,DRAFT_READY,,,,,Send from Gmail drafts,2026-05-21,,USA600 push; draft_id=r-4404420311078839490; market=FL-Logistics; email_status=verified
2026-05-21,HTS Logistics,Joshua Cottle,Night Ops Manager,jcottle@hickorytrans.com,FL-Logistics,USA600-D,IT Services to rely on 24/7,DRAFT_READY,,,,,Send from Gmail drafts,2026-05-21,,USA600 push; draft_id=r2789008952359365151; market=FL-Logistics; email_status=verified
2026-05-21,Proficient Auto Transport,Randy Beggs,Chief Operating Officer,rbeggs@proautologistics.com,FL-Logistics,USA600-D,IT Services to rely on 24/7,DRAFT_READY,,,,,Send from Gmail drafts,2026-05-21,,USA600 push; draft_id=r-6594834160003951236; market=FL-Logistics; email_status=verified
2026-05-21,Pacer Global Logistics,Jeffrey Brashares,"EVP, COO",jbrashares@stgusa.com,FL-Logistics,USA600-D,IT Services to rely on 24/7,DRAFT_READY,,,,,Send from Gmail drafts,2026-05-21,,USA600 push; draft_id=r-8765517009772923930; market=FL-Logistics; email_status=verified
2026-05-21,Onboard Logistics Group,Francisco Rojas,CS & Operations Manager,francisco.rojas@onboardlogistics.net,FL-Logistics,USA600-D,IT Services to rely on 24/7,DRAFT_READY,,,,,Send from Gmail drafts,2026-05-21,,USA600 push; draft_id=r-7877921461219643200; market=FL-Logistics; email_status=verified
2026-05-21,Easyflyers,Diego Nicolas Frecia,Director of Operations,diego.frecia@easyflyers.com,FL-Logistics,USA600-D,IT Services to rely on 24/7,DRAFT_READY,,,,,Send from Gmail drafts,2026-05-21,,USA600 push; draft_id=r-1706780371849130635; market=FL-Logistics; email_status=verified
2026-05-21,Lightning Transport & Logistics,Jessica Bennett,Chief Operating Officer,jessica@ltransl.com,FL-Logistics,USA600-D,IT Services to rely on 24/7,DRAFT_READY,,,,,Send from Gmail drafts,2026-05-21,,USA600 push; draft_id=r-2161482752754055933; market=FL-Logistics; email_status=verified
2026-05-21,TransCargo Solutions,Andres Llach,Director of Operations,andres@transcargo.io,FL-Logistics,USA600-D,IT Services to rely on 24/7,DRAFT_READY,,,,,Send from Gmail drafts,2026-05-21,,USA600 push; draft_id=r7311116408016738504; market=FL-Logistics; email_status=verified
2026-05-21,Jacksonville Port Authority (JAXPORT),James Bennett,Chief Operating Officer,james.bennett@jaxport.com,FL-Logistics,USA600-D,IT Services to rely on 24/7,DRAFT_READY,,,,,Send from Gmail drafts,2026-05-21,,USA600 push; draft_id=r1574833526643870551; market=FL-Logistics; email_status=verified
2026-05-21,ReedTMS Logistics,Simo Mekouar,Director of Information Technology,simo.mekouar@werner.com,FL-Logistics,USA600-D,IT Services to rely on 24/7,DRAFT_READY,,,,,Send from Gmail drafts,2026-05-21,,USA600 push; draft_id=r-293073055899873733; market=FL-Logistics; email_status=verified
2026-05-21,DIVERSE LOGISTICS AND DISTRIBUTION LLC,Victor Mraz,Chief Operating Officer,vmraz@diverselogistics.com,FL-Logistics,USA600-D,IT Services to rely on 24/7,DRAFT_READY,,,,,Send from Gmail drafts,2026-05-21,,USA600 push; draft_id=r-634539845529389617; market=FL-Logistics; email_status=verified
2026-05-21,CW Carriers USA Inc.,Nevena Workman,Director of Operations,nevena@cwcarriersinc.com,FL-Logistics,USA600-D,IT Services to rely on 24/7,DRAFT_READY,,,,,Send from Gmail drafts,2026-05-21,,USA600 push; draft_id=r-5075951746007126662; market=FL-Logistics; email_status=verified
2026-05-21,BrightCell Logistics,Armando Fuentes,Experienced IT Manager,armando.fuentes@brightcell-logistics.com,FL-Logistics,USA600-D,IT Services to rely on 24/7,DRAFT_READY,,,,,Send from Gmail drafts,2026-05-21,,USA600 push; draft_id=r5964704109320945548; market=FL-Logistics; email_status=verified
2026-05-21,Corporate Traffic Logistics,Jason Mann,Logistics Operations Manager,jason.mann@corporatetraffic.com,FL-Logistics,USA600-D,IT Services to rely on 24/7,DRAFT_READY,,,,,Send from Gmail drafts,2026-05-21,,USA600 push; draft_id=r4232109504179057498; market=FL-Logistics; email_status=verified
2026-05-21,Port Tampa Bay,Brian Giuliani,Chief Operating Officer,bgiuliani@tampaport.com,FL-Logistics,USA600-D,IT Services to rely on 24/7,DRAFT_READY,,,,,Send from Gmail drafts,2026-05-21,,USA600 push; draft_id=r7041137593803138481; market=FL-Logistics; email_status=verified
2026-05-21,The Elite Group,Christine Hegarty,Chief Operating Officer,chegarty@elitegrp.com,FL-Logistics,USA600-D,IT Services to rely on 24/7,DRAFT_READY,,,,,Send from Gmail drafts,2026-05-21,,USA600 push; draft_id=r-3794764510826121435; market=FL-Logistics; email_status=verified
2026-05-21,Magellan Transport Logistics,Melinda Gardepe,Operations Manager and Logistics Sales,myates@magellanlogistics.com,FL-Logistics,USA600-D,IT Services to rely on 24/7,DRAFT_READY,,,,,Send from Gmail drafts,2026-05-21,,USA600 push; draft_id=r6733524378703808150; market=FL-Logistics; email_status=verified
2026-05-21,"Summar Financial, LLC",Yobany Espitia,Chief Operating Officer,yespitia@summar.com,FL-Logistics,USA600-D,IT Services to rely on 24/7,DRAFT_READY,,,,,Send from Gmail drafts,2026-05-21,,USA600 push; draft_id=r-8906142391678097172; market=FL-Logistics; email_status=verified
2026-05-21,Cold-Link Logistics,Donald Martin,Operations Manager,dmartin@cold-linklogistics.com,FL-Logistics,USA600-D,IT Services to rely on 24/7,DRAFT_READY,,,,,Send from Gmail drafts,2026-05-21,,USA600 push; draft_id=r8217751395990775113; market=FL-Logistics; email_status=verified
2026-05-21,Magellan Transport Logistics,Alexandra Cripe,LTL Operations Manager,acripe@magellanlogistics.com,FL-Logistics,USA600-D,IT Services to rely on 24/7,DRAFT_READY,,,,,Send from Gmail drafts,2026-05-21,,USA600 push; draft_id=r-3305644396288423060; market=FL-Logistics; email_status=verified
2026-05-21,Dedicated Ground Logistics (DGL),Alejandro Ochoa,Freight Operations Manager,alejandro.ochoa@dglus.com,FL-Logistics,USA600-D,IT Services to rely on 24/7,DRAFT_READY,,,,,Send from Gmail drafts,2026-05-21,,USA600 push; draft_id=r-1727004619024588357; market=FL-Logistics; email_status=verified
2026-05-21,Cold-Link Logistics,Mario Rodriguez,Operations Manager,mrodriguez@cold-linklogistics.com,FL-Logistics,USA600-D,IT Services to rely on 24/7,DRAFT_READY,,,,,Send from Gmail drafts,2026-05-21,,USA600 push; draft_id=r3511469731463421469; market=FL-Logistics; email_status=verified
2026-05-21,Cold-Link Logistics,Michelle Johnson,Operations Manager,mjohnson@cold-linklogistics.com,FL-Logistics,USA600-D,IT Services to rely on 24/7,DRAFT_READY,,,,,Send from Gmail drafts,2026-05-21,,USA600 push; draft_id=r1394392809390460643; market=FL-Logistics; email_status=verified
2026-05-21,"BC Industrial Supply, Inc.",Jon Carvalho,Chief Operations Officer,jcarvalho@bcindustrialsupply.com,FL-Logistics,USA600-D,IT Services to rely on 24/7,DRAFT_READY,,,,,Send from Gmail drafts,2026-05-21,,USA600 push; draft_id=r-6108604664821190774; market=FL-Logistics; email_status=verified
2026-05-21,National Parcel Logistics Inc.,Erik Debonis,Operations Manager,edebonis@nationalparcel.com,FL-Logistics,USA600-D,IT Services to rely on 24/7,DRAFT_READY,,,,,Send from Gmail drafts,2026-05-21,,USA600 push; draft_id=r7504276432324166829; market=FL-Logistics; email_status=verified
2026-05-21,Star Freight LLC,Chris Corry,"Operations Manager, Star Freight Logistics LLC",ccorry@starfreightllc.com,FL-Logistics,USA600-D,IT Services to rely on 24/7,DRAFT_READY,,,,,Send from Gmail drafts,2026-05-21,,USA600 push; draft_id=r-8432949897691665260; market=FL-Logistics; email_status=verified
2026-05-21,VeriTread,Lee Betagole,Director of Operations,lee@veritread.com,FL-Logistics,USA600-D,IT Services to rely on 24/7,DRAFT_READY,,,,,Send from Gmail drafts,2026-05-21,,USA600 push; draft_id=r-8538152039068836444; market=FL-Logistics; email_status=verified
2026-05-21,ECU Worldwide USA,James Julian,Vice President Operations & Compliance,jjulian@ecuworldwide.us,FL-Logistics,USA600-D,IT Services to rely on 24/7,DRAFT_READY,,,,,Send from Gmail drafts,2026-05-21,,USA600 push; draft_id=r-85065895662740338; market=FL-Logistics; email_status=verified
2026-05-21,Port Tampa Bay,Paul Pope,IT Manager,ppope@tampaport.com,FL-Logistics,USA600-D,IT Services to rely on 24/7,DRAFT_READY,,,,,Send from Gmail drafts,2026-05-21,,USA600 push; draft_id=r2309695759989900767; market=FL-Logistics; email_status=verified
2026-05-21,"Momentum Transportation USA, an award-winning Landstar Agent",Joseph Pommerenk,Operations Manager,jpommerenk@landstar-agent.com,FL-Logistics,USA600-D,IT Services to rely on 24/7,DRAFT_READY,,,,,Send from Gmail drafts,2026-05-21,,USA600 push; draft_id=r-1156196653033910519; market=FL-Logistics; email_status=verified
2026-05-21,Transflo,Rob Brunton,SVP of Operations,rob.brunton@transflo.com,FL-Logistics,USA600-D,IT Services to rely on 24/7,DRAFT_READY,,,,,Send from Gmail drafts,2026-05-21,,USA600 push; draft_id=r-1775987019612444370; market=FL-Logistics; email_status=verified
2026-05-21,"Momentum Transportation USA, an award-winning Landstar Agent",Charles Moran,Operations Manager,cmoran@landstar-agent.com,FL-Logistics,USA600-D,IT Services to rely on 24/7,DRAFT_READY,,,,,Send from Gmail drafts,2026-05-21,,USA600 push; draft_id=r6566825774229619280; market=FL-Logistics; email_status=verified
2026-05-21,"Momentum Transportation USA, an award-winning Landstar Agent",Lizzy Hutchinson,Operations Manager,whutchinson@landstar-agent.com,FL-Logistics,USA600-D,IT Services to rely on 24/7,DRAFT_READY,,,,,Send from Gmail drafts,2026-05-21,,USA600 push; draft_id=r873218011446637515; market=FL-Logistics; email_status=verified
2026-05-21,"Momentum Transportation USA, an award-winning Landstar Agent",Mark Bonday,Operations Manager,mbonday@landstar-agent.com,FL-Logistics,USA600-D,IT Services to rely on 24/7,DRAFT_READY,,,,,Send from Gmail drafts,2026-05-21,,USA600 push; draft_id=r205079806134803059; market=FL-Logistics; email_status=verified
2026-05-21,Sky Lease Cargo,Hernan Fuentes,Director of Operations,hfuentes@skylease.aero,FL-Logistics,USA600-D,IT Services to rely on 24/7,DRAFT_READY,,,,,Send from Gmail drafts,2026-05-21,,USA600 push; draft_id=r8463425567937149074; market=FL-Logistics; email_status=verified
2026-05-21,Transflo,Merady Smith,Director of Operations,merady.smith@transflo.com,FL-Logistics,USA600-D,IT Services to rely on 24/7,DRAFT_READY,,,,,Send from Gmail drafts,2026-05-21,,USA600 push; draft_id=r5583712983537867975; market=FL-Logistics; email_status=verified
2026-05-21,Harrison Street Private Wealth,Brian Petersen,CFO and COO,bpetersen@versuscapital.com,NV-CO-Finance,USA600-D,IT Services to rely on 24/7,DRAFT_READY,,,,,Send from Gmail drafts,2026-05-21,,USA600 push; draft_id=r1920608225108185212; market=NV-CO-Finance; email_status=verified
2026-05-21,Chenco Holdings,Justin Hsu,Managing Director & Chief Operating Officer (COO),justin.hsu@chenco.com,NV-CO-Finance,USA600-D,IT Services to rely on 24/7,DRAFT_READY,,,,,Send from Gmail drafts,2026-05-21,,USA600 push; draft_id=r-8995203659899608523; market=NV-CO-Finance; email_status=verified
2026-05-21,NOW CFO,Stephanie Hess,Cfo/coo,stephanie.hess@nowcfo.com,NV-CO-Finance,USA600-D,IT Services to rely on 24/7,DRAFT_READY,,,,,Send from Gmail drafts,2026-05-21,,USA600 push; draft_id=r2510962539234380715; market=NV-CO-Finance; email_status=verified
2026-05-21,E.A. Buck Financial Services,Scott Bennewitz,Chief Financial Officer,sbennewitz@eabuck.com,NV-CO-Finance,USA600-D,IT Services to rely on 24/7,DRAFT_READY,,,,,Send from Gmail drafts,2026-05-21,,USA600 push; draft_id=r-7369139170806286672; market=NV-CO-Finance; email_status=verified
2026-05-21,E.A. Buck Financial Services,Greg Visconti,Chief Financial Officer,gvisconti@eabuck.com,NV-CO-Finance,USA600-D,IT Services to rely on 24/7,DRAFT_READY,,,,,Send from Gmail drafts,2026-05-21,,USA600 push; draft_id=r-7093285201238550453; market=NV-CO-Finance; email_status=verified
2026-05-21,TaskRay,Eric Lougher,Coo/cfo,eric.lougher@taskray.com,NV-CO-Finance,USA600-D,IT Services to rely on 24/7,DRAFT_READY,,,,,Send from Gmail drafts,2026-05-21,,USA600 push; draft_id=r3348826269053939537; market=NV-CO-Finance; email_status=verified
2026-05-21,Spruceview Capital Partners LLC,Miles Jackson,Chief Financial Officer,mjackson@spruceviewpartners.com,NV-CO-Finance,USA600-D,IT Services to rely on 24/7,DRAFT_READY,,,,,Send from Gmail drafts,2026-05-21,,USA600 push; draft_id=r-5865863188931647608; market=NV-CO-Finance; email_status=verified
2026-05-21,The Cynosure Group,Richard Lee,Chief Financial Officer,richard.lee@cynosuregroup.com,NV-CO-Finance,USA600-D,IT Services to rely on 24/7,DRAFT_READY,,,,,Send from Gmail drafts,2026-05-21,,USA600 push; draft_id=r3501220366306054322; market=NV-CO-Finance; email_status=verified
2026-05-21,Cornerstone Holdings,Nick Steiner,Chief Financial Officer,nsteiner@cstoneholdings.com,NV-CO-Finance,USA600-D,IT Services to rely on 24/7,DRAFT_READY,,,,,Send from Gmail drafts,2026-05-21,,USA600 push; draft_id=r-4557193074283483170; market=NV-CO-Finance; email_status=verified
2026-05-21,Ares Wealth Management Solutions,Mace McClatchy,Managing Director - Market Officer,mace.mcclatchy@blackcreekgroup.com,NV-CO-Finance,USA600-D,IT Services to rely on 24/7,DRAFT_READY,,,,,Send from Gmail drafts,2026-05-21,,USA600 push; draft_id=r4811596205565461155; market=NV-CO-Finance; email_status=verified
2026-05-21,AllenComm,Paul Zackrison,Coo/cfo,paulz@allencomm.com,NV-CO-Finance,USA600-D,IT Services to rely on 24/7,DRAFT_READY,,,,,Send from Gmail drafts,2026-05-21,,USA600 push; draft_id=r8967237413657716746; market=NV-CO-Finance; email_status=verified
2026-05-21,United Aqua Group,Lee Rincon,Coo/cfo,lrincon@unitedaquagroup.com,NV-CO-Finance,USA600-D,IT Services to rely on 24/7,DRAFT_READY,,,,,Send from Gmail drafts,2026-05-21,,USA600 push; draft_id=r7190828947298094244; market=NV-CO-Finance; email_status=verified
2026-05-21,Intrinsic LLC,Kaylin Wax,Chief Financial Officer,kwax@intrinsicfirm.com,NV-CO-Finance,USA600-D,IT Services to rely on 24/7,DRAFT_READY,,,,,Send from Gmail drafts,2026-05-21,,USA600 push; draft_id=r8119320796415568400; market=NV-CO-Finance; email_status=verified
2026-05-21,Gerety & Associates CPAs,Lourdes Peters,Chief Financial Officer,lpeters@geretycpa.com,NV-CO-Finance,USA600-D,IT Services to rely on 24/7,DRAFT_READY,,,,,Send from Gmail drafts,2026-05-21,,USA600 push; draft_id=r3223955687980603646; market=NV-CO-Finance; email_status=verified
2026-05-21,PINE Advisor Solutions,Daryn Levesque,"Director, Chief Operating Officer",daryn@pineadvisorsolutions.com,NV-CO-Finance,USA600-D,IT Services to rely on 24/7,DRAFT_READY,,,,,Send from Gmail drafts,2026-05-21,,USA600 push; draft_id=r-6247609169366571674; market=NV-CO-Finance; email_status=verified
2026-05-21,The Cynosure Group,David Bennett,Managing Director,david.bennett@cynosuregroup.com,NV-CO-Finance,USA600-D,IT Services to rely on 24/7,DRAFT_READY,,,,,Send from Gmail drafts,2026-05-21,,USA600 push; draft_id=r-809716218212632588; market=NV-CO-Finance; email_status=verified
2026-05-21,The Cynosure Group,Zach Larkin,Managing Director,zach.larkin@cynosuregroup.com,NV-CO-Finance,USA600-D,IT Services to rely on 24/7,DRAFT_READY,,,,,Send from Gmail drafts,2026-05-21,,USA600 push; draft_id=r8648102016641363980; market=NV-CO-Finance; email_status=verified
2026-05-21,The Gart Companies,David Stgermain,Chief Financial Officer,dstgermain@gartco.com,NV-CO-Finance,USA600-D,IT Services to rely on 24/7,DRAFT_READY,,,,,Send from Gmail drafts,2026-05-21,,USA600 push; draft_id=r-8774049106625144082; market=NV-CO-Finance; email_status=verified
2026-05-21,The Cynosure Group,Bud Scruggs,Managing Director,scruggs@cynosuregroup.com,NV-CO-Finance,USA600-D,IT Services to rely on 24/7,DRAFT_READY,,,,,Send from Gmail drafts,2026-05-21,,USA600 push; draft_id=r4440156718363998792; market=NV-CO-Finance; email_status=verified
2026-05-21,The Cynosure Group,Brandon Muirhead,Managing Director,brandon.muirhead@cynosuregroup.com,NV-CO-Finance,USA600-D,IT Services to rely on 24/7,DRAFT_READY,,,,,Send from Gmail drafts,2026-05-21,,USA600 push; draft_id=r8728497183775062171; market=NV-CO-Finance; email_status=verified
2026-05-21,ClearOne,Simon Brewer,COO/CFO/Founder,simon.brewer@clearone.com,NV-CO-Finance,USA600-D,IT Services to rely on 24/7,DRAFT_READY,,,,,Send from Gmail drafts,2026-05-21,,USA600 push; draft_id=r-4911115570669745334; market=NV-CO-Finance; email_status=verified
2026-05-21,The Cynosure Group,Alice Chung,Managing Director,alice.chung@cynosuregroup.com,NV-CO-Finance,USA600-D,IT Services to rely on 24/7,DRAFT_READY,,,,,Send from Gmail drafts,2026-05-21,,USA600 push; draft_id=r-7040876186999631424; market=NV-CO-Finance; email_status=verified
2026-05-21,The Cynosure Group,Jason Cain,Managing Director,jason.cain@cynosuregroup.com,NV-CO-Finance,USA600-D,IT Services to rely on 24/7,DRAFT_READY,,,,,Send from Gmail drafts,2026-05-21,,USA600 push; draft_id=r7536155500435996721; market=NV-CO-Finance; email_status=verified
2026-05-21,The Cynosure Group,Keith Taylor,Managing Director,keith.taylor@cynosuregroup.com,NV-CO-Finance,USA600-D,IT Services to rely on 24/7,DRAFT_READY,,,,,Send from Gmail drafts,2026-05-21,,USA600 push; draft_id=r-3267521164682270353; market=NV-CO-Finance; email_status=verified
2026-05-21,JFDI Accountants,Jenny Zhang,Chief Operating Officer,jenny.zhang@jfdi.co,NV-CO-Finance,USA600-D,IT Services to rely on 24/7,DRAFT_READY,,,,,Send from Gmail drafts,2026-05-21,,USA600 push; draft_id=r4867943468927204997; market=NV-CO-Finance; email_status=verified
2026-05-21,The Cynosure Group,Jared Schumann,Managing Director,jared.schumann@cynosuregroup.com,NV-CO-Finance,USA600-D,IT Services to rely on 24/7,DRAFT_READY,,,,,Send from Gmail drafts,2026-05-21,,USA600 push; draft_id=r-603919104275959914; market=NV-CO-Finance; email_status=verified
2026-05-21,The Cynosure Group,Elizabeth Smoose,Managing Director,liz.smoose@cynosuregroup.com,NV-CO-Finance,USA600-D,IT Services to rely on 24/7,DRAFT_READY,,,,,Send from Gmail drafts,2026-05-21,,USA600 push; draft_id=r4137679751811534016; market=NV-CO-Finance; email_status=verified
2026-05-21,Bow River Capital,Jamison Davis,Chief Financial Officer,davis@bowrivercapital.com,NV-CO-Finance,USA600-D,IT Services to rely on 24/7,DRAFT_READY,,,,,Send from Gmail drafts,2026-05-21,,USA600 push; draft_id=r-6776230378254317176; market=NV-CO-Finance; email_status=verified
2026-05-21,Cornerstone Holdings,Ryan Williams,Managing Director,rwilliams@cstoneholdings.com,NV-CO-Finance,USA600-D,IT Services to rely on 24/7,DRAFT_READY,,,,,Send from Gmail drafts,2026-05-21,,USA600 push; draft_id=r-7882226043760150518; market=NV-CO-Finance; email_status=verified
2026-05-21,Diversify,Brad Crcp,Chief Operating Officer,banderson@dfpg.com,NV-CO-Finance,USA600-D,IT Services to rely on 24/7,DRAFT_READY,,,,,Send from Gmail drafts,2026-05-21,,USA600 push; draft_id=r-8724730400852898033; market=NV-CO-Finance; email_status=verified
2026-05-21,SRS Acquiom,Bill Shepherd,Chief Financial Officer,bshepherd@srsacquiom.com,NV-CO-Finance,USA600-D,IT Services to rely on 24/7,DRAFT_READY,,,,,Send from Gmail drafts,2026-05-21,,USA600 push; draft_id=r1951951601810819660; market=NV-CO-Finance; email_status=verified
2026-05-21,Excellere Partners,Mark Sparrow,Chief Financial Officer,msparrow@excellere.com,NV-CO-Finance,USA600-D,IT Services to rely on 24/7,DRAFT_READY,,,,,Send from Gmail drafts,2026-05-21,,USA600 push; draft_id=r4048854580364791885; market=NV-CO-Finance; email_status=verified
2026-05-21,Richey May Utah,Garrett Cazier,Chief Financial Officer,gcazier@wsrp.com,NV-CO-Finance,USA600-D,IT Services to rely on 24/7,DRAFT_READY,,,,,Send from Gmail drafts,2026-05-21,,USA600 push; draft_id=r-5771486672464743934; market=NV-CO-Finance; email_status=verified
2026-05-21,KO Law,Katy Phillips,Chief Financial Officer,kphillips@kofirm.com,NV-CO-Finance,USA600-D,IT Services to rely on 24/7,DRAFT_READY,,,,,Send from Gmail drafts,2026-05-21,,USA600 push; draft_id=r6076166902479600773; market=NV-CO-Finance; email_status=verified
2026-05-21,Diversify,Sam Waterfield,IT Manager,swaterfield@diversify.com,NV-CO-Finance,USA600-D,IT Services to rely on 24/7,DRAFT_READY,,,,,Send from Gmail drafts,2026-05-21,,USA600 push; draft_id=r-6617124245598557205; market=NV-CO-Finance; email_status=verified
2026-05-21,Ascentris,Pat Kendall,Managing Director,pat.kendall@ascentris.com,NV-CO-Finance,USA600-D,IT Services to rely on 24/7,DRAFT_READY,,,,,Send from Gmail drafts,2026-05-21,,USA600 push; draft_id=r-2550112119074104488; market=NV-CO-Finance; email_status=verified
2026-05-21,Ascentris,Anthony Breault,Managing Director,anthony.breault@ascentris.com,NV-CO-Finance,USA600-D,IT Services to rely on 24/7,DRAFT_READY,,,,,Send from Gmail drafts,2026-05-21,,USA600 push; draft_id=r-3313625048076735320; market=NV-CO-Finance; email_status=verified
2026-05-21,Ascentris,Tricia Noble,Managing Director,tricia.noble@ascentris.com,NV-CO-Finance,USA600-D,IT Services to rely on 24/7,DRAFT_READY,,,,,Send from Gmail drafts,2026-05-21,,USA600 push; draft_id=r4272482097796256305; market=NV-CO-Finance; email_status=verified
2026-05-21,Fore Property,Greg Sand,CFO/COO/National Partner,gsand@foreproperty.com,NV-CO-Finance,USA600-D,IT Services to rely on 24/7,DRAFT_READY,,,,,Send from Gmail drafts,2026-05-21,,USA600 push; draft_id=r2088467849427550445; market=NV-CO-Finance; email_status=verified
2026-05-21,Intrinsic LLC,Helen Dixon,Managing Director,hdixon@intrinsicfirm.com,NV-CO-Finance,USA600-D,IT Services to rely on 24/7,DRAFT_READY,,,,,Send from Gmail drafts,2026-05-21,,USA600 push; draft_id=r2487324099719995962; market=NV-CO-Finance; email_status=verified
2026-05-21,The Anschutz Corporation,Brian Fleming,Chief Financial Officer,brian.fleming@tac-denver.com,NV-CO-Finance,USA600-D,IT Services to rely on 24/7,DRAFT_READY,,,,,Send from Gmail drafts,2026-05-21,,USA600 push; draft_id=r1152689510965317982; market=NV-CO-Finance; email_status=verified
2026-05-21,Ascentris,Jeff Higgins,Managing Director,jeff.higgins@ascentris.com,NV-CO-Finance,USA600-D,IT Services to rely on 24/7,DRAFT_READY,,,,,Send from Gmail drafts,2026-05-21,,USA600 push; draft_id=r-8021840746580225470; market=NV-CO-Finance; email_status=verified
2026-05-21,Intrinsic LLC,Alisa Snow,Managing Director,asnow@intrinsicfirm.com,NV-CO-Finance,USA600-D,IT Services to rely on 24/7,DRAFT_READY,,,,,Send from Gmail drafts,2026-05-21,,USA600 push; draft_id=r5383149782508533991; market=NV-CO-Finance; email_status=verified
2026-05-21,Spruceview Capital Partners LLC,Hannah Pressler,Chief Operating Officer and Chief Compliance Officer,hpressler@spruceviewpartners.com,NV-CO-Finance,USA600-D,IT Services to rely on 24/7,DRAFT_READY,,,,,Send from Gmail drafts,2026-05-21,,USA600 push; draft_id=r3021252804561187177; market=NV-CO-Finance; email_status=verified
2026-05-21,Ascentris,Denis Curran,Partner & Chief Operating Officer,denis.curran@ascentris.com,NV-CO-Finance,USA600-D,IT Services to rely on 24/7,DRAFT_READY,,,,,Send from Gmail drafts,2026-05-21,,USA600 push; draft_id=r-2435682922710748922; market=NV-CO-Finance; email_status=verified
2026-05-21,Harrison Street Private Wealth,Hasan Goncu,Managing Director,hgoncu@versuscapital.com,NV-CO-Finance,USA600-D,IT Services to rely on 24/7,DRAFT_READY,,,,,Send from Gmail drafts,2026-05-21,,USA600 push; draft_id=r5340537054332009066; market=NV-CO-Finance; email_status=verified
2026-05-21,Mountaingate Capital,Amanda Calender,Chief Financial Officer,acalender@mountaingate.com,NV-CO-Finance,USA600-D,IT Services to rely on 24/7,DRAFT_READY,,,,,Send from Gmail drafts,2026-05-21,,USA600 push; draft_id=r3179400414305747851; market=NV-CO-Finance; email_status=verified
2026-05-21,Harrison Street Private Wealth,Adam Evans,Managing Director,aevans@harrisonstpw.com,NV-CO-Finance,USA600-D,IT Services to rely on 24/7,DRAFT_READY,,,,,Send from Gmail drafts,2026-05-21,,USA600 push; draft_id=r4351865221482709517; market=NV-CO-Finance; email_status=verified
2026-05-21,Harrison Street Private Wealth,Mike McDaniel,Managing Director,mikem@sealyinvestmentsecurities.com,NV-CO-Finance,USA600-D,IT Services to rely on 24/7,DRAFT_READY,,,,,Send from Gmail drafts,2026-05-21,,USA600 push; draft_id=r-7164856672340887519; market=NV-CO-Finance; email_status=verified
2026-05-21,Ascentris,Peter Savoie,Managing Director,peter.savoie@ascentris.com,NV-CO-Finance,USA600-D,IT Services to rely on 24/7,DRAFT_READY,,,,,Send from Gmail drafts,2026-05-21,,USA600 push; draft_id=r2385480955781296515; market=NV-CO-Finance; email_status=verified
2026-05-21,Tanner,Crystal Bush,Chief Financial Officer,cbush@tannerco.com,NV-CO-Finance,USA600-D,IT Services to rely on 24/7,DRAFT_READY,,,,,Send from Gmail drafts,2026-05-21,,USA600 push; draft_id=r2051641572424486011; market=NV-CO-Finance; email_status=verified
2026-05-21,Village Pet Care,Mayra Chimienti,Chief Operating Officer,mayra.chimienti@villagepet.com,NV-CO-Finance,USA600-D,IT Services to rely on 24/7,DRAFT_READY,,,,,Send from Gmail drafts,2026-05-21,,USA600 push; draft_id=r-7893322113254688145; market=NV-CO-Finance; email_status=verified
2026-05-21,The Back Room Offshoring Inc.,Scott Findlay,Chief Financial Officer,scott@thebackroomop.com,NV-CO-Finance,USA600-D,IT Services to rely on 24/7,DRAFT_READY,,,,,Send from Gmail drafts,2026-05-21,,USA600 push; draft_id=r-2052309649187261473; market=NV-CO-Finance; email_status=verified
2026-05-21,Chenco Holdings,Fred Liao,Managing Director CEO of US Operations,fred.liao@chenco.com,NV-CO-Finance,USA600-D,IT Services to rely on 24/7,DRAFT_READY,,,,,Send from Gmail drafts,2026-05-21,,USA600 push; draft_id=r-614401214138519326; market=NV-CO-Finance; email_status=verified
2026-05-21,The Boyer Company,Brian Gochnour,Chief Operating Officer | Director of Finance,bgochnour@boyercompany.com,NV-CO-Finance,USA600-D,IT Services to rely on 24/7,DRAFT_READY,,,,,Send from Gmail drafts,2026-05-21,,USA600 push; draft_id=r-8598292003382346480; market=NV-CO-Finance; email_status=verified
2026-05-21,Chickpea - Financial Services,Lino Brydges,Managing Director,lino@chickpea.la,NV-CO-Finance,USA600-D,IT Services to rely on 24/7,DRAFT_READY,,,,,Send from Gmail drafts,2026-05-21,,USA600 push; draft_id=r-4715046305295549962; market=NV-CO-Finance; email_status=verified
2026-05-21,Mercato Partners,Brian Lanier,CFO,blanier@mercatopartners.com,NV-CO-Finance,USA600-D,IT Services to rely on 24/7,DRAFT_READY,,,,,Send from Gmail drafts,2026-05-21,,USA600 push; draft_id=r6363056637310953482; market=NV-CO-Finance; email_status=verified
2026-05-21,NOW CFO,Zeke Youd,Chief Financial Officer,zeke.youd@nowcfo.com,NV-CO-Finance,USA600-D,IT Services to rely on 24/7,DRAFT_READY,,,,,Send from Gmail drafts,2026-05-21,,USA600 push; draft_id=r-4228267630834414626; market=NV-CO-Finance; email_status=verified
2026-05-21,"K.P. Kauffman Company, Inc.",Genevieve Bucsek,Chief Financial Officer,gbucsek@kpk.com,NV-CO-Finance,USA600-D,IT Services to rely on 24/7,DRAFT_READY,,,,,Send from Gmail drafts,2026-05-21,,USA600 push; draft_id=r-7611068433053892824; market=NV-CO-Finance; email_status=verified
2026-05-21,"Environmental Financial Consulting Group, LLC (EFCG)",Renee Ring,Chief Operating Officer,rring@efcg.com,NV-CO-Finance,USA600-D,IT Services to rely on 24/7,DRAFT_READY,,,,,Send from Gmail drafts,2026-05-21,,USA600 push; draft_id=r8528569510528998534; market=NV-CO-Finance; email_status=verified
2026-05-21,NOW CFO,Shawn Dinkelman,Chief Financial Officer,shawn.dinkelman@nowcfo.com,NV-CO-Finance,USA600-D,IT Services to rely on 24/7,DRAFT_READY,,,,,Send from Gmail drafts,2026-05-21,,USA600 push; draft_id=r5821564035520293692; market=NV-CO-Finance; email_status=verified
2026-05-21,Larson & Company,Jim Phillippi,IT Director,jphillippi@larsco.com,NV-CO-Finance,USA600-D,IT Services to rely on 24/7,DRAFT_READY,,,,,Send from Gmail drafts,2026-05-21,,USA600 push; draft_id=r-8857248773163845610; market=NV-CO-Finance; email_status=verified
2026-05-21,NOW CFO,Brian Thull,Chief Financial Officer,brian.thull@nowcfo.com,NV-CO-Finance,USA600-D,IT Services to rely on 24/7,DRAFT_READY,,,,,Send from Gmail drafts,2026-05-21,,USA600 push; draft_id=r3435727114037798609; market=NV-CO-Finance; email_status=verified
2026-05-21,Essex Financial Services LLC,Chuck Ryba,Chief Operating Officer,chuck.ryba@essexfs.com,NV-CO-Finance,USA600-D,IT Services to rely on 24/7,DRAFT_READY,,,,,Send from Gmail drafts,2026-05-21,,USA600 push; draft_id=r-1376613042604416388; market=NV-CO-Finance; email_status=verified
2026-05-21,KSL Capital Partners,Nolen Taylor,Chief Financial Officer,nolen.taylor@kslcapital.com,NV-CO-Finance,USA600-D,IT Services to rely on 24/7,DRAFT_READY,,,,,Send from Gmail drafts,2026-05-21,,USA600 push; draft_id=r-8008243800770935252; market=NV-CO-Finance; email_status=verified
2026-05-21,Actionstep,Nick Jankovsky,Chief Financial Officer,nick.jankovsky@actionstep.com,NV-CO-Finance,USA600-D,IT Services to rely on 24/7,DRAFT_READY,,,,,Send from Gmail drafts,2026-05-21,,USA600 push; draft_id=r5848329240569332901; market=NV-CO-Finance; email_status=verified
2026-05-21,Grand Peaks,Max Siler,Chief Financial Officer,msiler@grandpeaks.com,NV-CO-Finance,USA600-D,IT Services to rely on 24/7,DRAFT_READY,,,,,Send from Gmail drafts,2026-05-21,,USA600 push; draft_id=r-1368834716858781024; market=NV-CO-Finance; email_status=verified
2026-05-21,Suralink,Ryan Macia,Chief Financial Officer,ryan.macia@suralink.com,NV-CO-Finance,USA600-D,IT Services to rely on 24/7,DRAFT_READY,,,,,Send from Gmail drafts,2026-05-21,,USA600 push; draft_id=r-2083397490977150160; market=NV-CO-Finance; email_status=verified
2026-05-21,Northwood Investors LLC,Jacob Reingardt,Chief Financial Officer,jreingardt@northwoodinvestors.com,NV-CO-Finance,USA600-D,IT Services to rely on 24/7,DRAFT_READY,,,,,Send from Gmail drafts,2026-05-21,,USA600 push; draft_id=r-870839791664630227; market=NV-CO-Finance; email_status=verified
2026-05-21,ML Holdings Company,Barton Montgomery,Chief Financial Officer,bmontgomery@mlholdings.com,NV-CO-Finance,USA600-D,IT Services to rely on 24/7,DRAFT_READY,,,,,Send from Gmail drafts,2026-05-21,,USA600 push; draft_id=r581606288019392286; market=NV-CO-Finance; email_status=verified
2026-05-21,Beneficial Financial Group,Spencer Butler,"Senior Vice President, Chief Financial Officer, and Chief Operating Officer",spencer.butler@benfinancial.com,NV-CO-Finance,USA600-D,IT Services to rely on 24/7,DRAFT_READY,,,,,Send from Gmail drafts,2026-05-21,,USA600 push; draft_id=r-1206749911068820918; market=NV-CO-Finance; email_status=verified
2026-05-21,High Country Search Group,Kathleen David,Director of Operations,kathleen@highcountrysearch.com,NV-CO-Finance,USA600-D,IT Services to rely on 24/7,DRAFT_READY,,,,,Send from Gmail drafts,2026-05-21,,USA600 push; draft_id=r-1721716097608420505; market=NV-CO-Finance; email_status=verified
2026-05-21,PINE Advisor Solutions,Chris Jones,Managing Director,chris@pineadvisorsolutions.com,NV-CO-Finance,USA600-D,IT Services to rely on 24/7,DRAFT_READY,,,,,Send from Gmail drafts,2026-05-21,,USA600 push; draft_id=r-5831041887436080067; market=NV-CO-Finance; email_status=verified
2026-05-21,PayTech,Karen Volkert,Chief Operations Officer,kvolkert@paytech-inc.com,NV-CO-Finance,USA600-D,IT Services to rely on 24/7,DRAFT_READY,,,,,Send from Gmail drafts,2026-05-21,,USA600 push; draft_id=r2574533368239805040; market=NV-CO-Finance; email_status=verified
2026-05-21,Tanner,Dan Griffiths,Chief Operating Officer,dgriffiths@tannerco.com,NV-CO-Finance,USA600-D,IT Services to rely on 24/7,DRAFT_READY,,,,,Send from Gmail drafts,2026-05-21,,USA600 push; draft_id=r6356510662584651016; market=NV-CO-Finance; email_status=verified
2026-05-21,Village Pet Care,Scott Kinnersley,IT Manager,scott.kinnersley@villagepet.com,NV-CO-Finance,USA600-D,IT Services to rely on 24/7,DRAFT_READY,,,,,Send from Gmail drafts,2026-05-21,,USA600 push; draft_id=r-4718770792000273575; market=NV-CO-Finance; email_status=verified
2026-05-21,Bow River Capital,Jeremy Held,Managing Director,jheld@bowrivercapital.com,NV-CO-Finance,USA600-D,IT Services to rely on 24/7,DRAFT_READY,,,,,Send from Gmail drafts,2026-05-21,,USA600 push; draft_id=r8148364102285394673; market=NV-CO-Finance; email_status=verified
2026-05-21,Fusion Healthcare Staffing,Jarin Dana,Chief Financial Officer,jarin.dana@fusionhcs.com,NV-CO-Finance,USA600-D,IT Services to rely on 24/7,DRAFT_READY,,,,,Send from Gmail drafts,2026-05-21,,USA600 push; draft_id=r7800271484987392864; market=NV-CO-Finance; email_status=verified
2026-05-21,Forum Investment Group,Paul McAuliffe,Chief Financial Officer,pmcauliffe@forumig.com,NV-CO-Finance,USA600-D,IT Services to rely on 24/7,DRAFT_READY,,,,,Send from Gmail drafts,2026-05-21,,USA600 push; draft_id=r-385985108265008332; market=NV-CO-Finance; email_status=verified
2026-05-21,Simplify Asset Management,John Ryu,CFO,john.ryu@simplify.us,NV-CO-Finance,USA600-D,IT Services to rely on 24/7,DRAFT_READY,,,,,Send from Gmail drafts,2026-05-21,,USA600 push; draft_id=r-4847020952761156455; market=NV-CO-Finance; email_status=verified
2026-05-21,SALT Lending,Nurit Gurkov,Chief Financial Officer,nurit.gurkov@saltlending.com,NV-CO-Finance,USA600-D,IT Services to rely on 24/7,DRAFT_READY,,,,,Send from Gmail drafts,2026-05-21,,USA600 push; draft_id=r-4544602196072377045; market=NV-CO-Finance; email_status=verified
2026-05-21,Bow River Capital,Gregory Hiatrides,Managing Director,hiatrides@bowrivercapital.com,NV-CO-Finance,USA600-D,IT Services to rely on 24/7,DRAFT_READY,,,,,Send from Gmail drafts,2026-05-21,,USA600 push; draft_id=r8869027544468200361; market=NV-CO-Finance; email_status=verified
2026-05-21,Sovereign Wealth Fund Institute (SWFI),Karen Maduell,Chief Operating Officer,kmaduell@swfinstitute.org,NV-CO-Finance,USA600-D,IT Services to rely on 24/7,DRAFT_READY,,,,,Send from Gmail drafts,2026-05-21,,USA600 push; draft_id=r3094564937406939791; market=NV-CO-Finance; email_status=verified
2026-05-21,American Estate & Trust,Gabriel Ferrin,Chief Operating Officer,gabriel@aetrust.com,NV-CO-Finance,USA600-D,IT Services to rely on 24/7,DRAFT_READY,,,,,Send from Gmail drafts,2026-05-21,,USA600 push; draft_id=r4648836453079024867; market=NV-CO-Finance; email_status=verified
2026-05-21,Richey May Utah,Max Morton,Information Technology Manager,mmorton@richeymay.com,NV-CO-Finance,USA600-D,IT Services to rely on 24/7,DRAFT_READY,,,,,Send from Gmail drafts,2026-05-21,,USA600 push; draft_id=r6533305247561902914; market=NV-CO-Finance; email_status=verified
2026-05-21,Miller Frishman Group LLC,April Miller,CFO,aprilm@millerfrishman.com,NV-CO-Finance,USA600-D,IT Services to rely on 24/7,DRAFT_READY,,,,,Send from Gmail drafts,2026-05-21,,USA600 push; draft_id=r-1953858218188000600; market=NV-CO-Finance; email_status=verified
2026-05-21,Bow River Capital,Shayan Masoudpour,Managing Director,masoudpour@bowrivercapital.com,NV-CO-Finance,USA600-D,IT Services to rely on 24/7,DRAFT_READY,,,,,Send from Gmail drafts,2026-05-21,,USA600 push; draft_id=r2359676086863953342; market=NV-CO-Finance; email_status=verified
2026-05-21,ML Holdings Company,Kathy Pepperman,CFO,kpepperman@mlholdings.com,NV-CO-Finance,USA600-D,IT Services to rely on 24/7,DRAFT_READY,,,,,Send from Gmail drafts,2026-05-21,,USA600 push; draft_id=r2805804333550987456; market=NV-CO-Finance; email_status=verified
2026-05-21,Platte River Equity,Eric Crawford,Managing Director,ecrawford@platteriverequity.com,NV-CO-Finance,USA600-D,IT Services to rely on 24/7,DRAFT_READY,,,,,Send from Gmail drafts,2026-05-21,,USA600 push; draft_id=r-1548938264919692428; market=NV-CO-Finance; email_status=verified
2026-05-21,Great Gray Trust Company,Dan Mahoney,Chief Financial Officer,dan.mahoney@greatgray.com,NV-CO-Finance,USA600-D,IT Services to rely on 24/7,DRAFT_READY,,,,,Send from Gmail drafts,2026-05-21,,USA600 push; draft_id=r-2156543126325866815; market=NV-CO-Finance; email_status=verified
2026-05-21,Bow River Capital,Gaurav Sharma,Managing Director,sharma@bowrivercapital.com,NV-CO-Finance,USA600-D,IT Services to rely on 24/7,DRAFT_READY,,,,,Send from Gmail drafts,2026-05-21,,USA600 push; draft_id=r6236898126031262252; market=NV-CO-Finance; email_status=verified
2026-05-21,Meritage,Laura Beller,Managing Director,lbeller@meritagefunds.com,NV-CO-Finance,USA600-D,IT Services to rely on 24/7,DRAFT_READY,,,,,Send from Gmail drafts,2026-05-21,,USA600 push; draft_id=r-5865844435637346363; market=NV-CO-Finance; email_status=verified
2026-05-21,Lightspeed DMS,Robert Purcell,Chief Financial Officer,bob.purcell@lightspeeddms.com,NV-CO-Finance,USA600-D,IT Services to rely on 24/7,DRAFT_READY,,,,,Send from Gmail drafts,2026-05-21,,USA600 push; draft_id=r6138634630258968243; market=NV-CO-Finance; email_status=verified
2026-05-21,The Back Room Offshoring Inc.,Marvin Galang,Chief Operating Officer,marvin.galang@thebackroomop.com,NV-CO-Finance,USA600-D,IT Services to rely on 24/7,DRAFT_READY,,,,,Send from Gmail drafts,2026-05-21,,USA600 push; draft_id=r5886067574467304189; market=NV-CO-Finance; email_status=verified
2026-05-21,New Charter Technologies,Geoff Boyd,Chief Financial Officer,gboyd@newchartertech.com,NV-CO-Finance,USA600-D,IT Services to rely on 24/7,DRAFT_READY,,,,,Send from Gmail drafts,2026-05-21,,USA600 push; draft_id=r5753101229039809725; market=NV-CO-Finance; email_status=verified
2026-05-21,Luxury Asset Capital,Brian Cornick,Chief Financial Officer,brian@luxuryassetcapital.com,NV-CO-Finance,USA600-D,IT Services to rely on 24/7,DRAFT_READY,,,,,Send from Gmail drafts,2026-05-21,,USA600 push; draft_id=r7065048101979593407; market=NV-CO-Finance; email_status=verified
2026-05-21,Resource Capital Funds,Michele Valenti,Chief Operating Officer,mvalenti@rcflp.com,NV-CO-Finance,USA600-D,IT Services to rely on 24/7,DRAFT_READY,,,,,Send from Gmail drafts,2026-05-21,,USA600 push; draft_id=r8002601043482998422; market=NV-CO-Finance; email_status=verified
2026-05-21,Pinsight,Michelle Brown,Chief Operating Officer,michelle.brown@pinsight.com,NV-CO-Finance,USA600-D,IT Services to rely on 24/7,DRAFT_READY,,,,,Send from Gmail drafts,2026-05-21,,USA600 push; draft_id=r8916285146039195604; market=NV-CO-Finance; email_status=verified
2026-05-21,Ibex Investors,Stuart Schnabolk,Chief Financial Officer,sschnabolk@ibexinvestors.com,NV-CO-Finance,USA600-D,IT Services to rely on 24/7,DRAFT_READY,,,,,Send from Gmail drafts,2026-05-21,,USA600 push; draft_id=r-221283115482729276; market=NV-CO-Finance; email_status=verified
