category,title,company_or_agency,rate_or_budget,location,posted_date,link,contact_email,contact_phone,apply_method,description_snippet,priority
cloud_devops,Sr DevOps Engineer (Contract),PlayStation,$68-$102/hr,"Playa Vista, CA",2026-03-30,https://to.indeed.com/aafqdtcs8stt,,,Indeed (apply via link),"Contract DevOps, named brand",HOT
gov_contract,SYNOPSIS-Wireless Access Points at Camp Buckner,FDO EUSTIS / W6QM MICC-WEST POINT,see solicitation,US (federal),2026-05-14,https://sam.gov/opp/e0851a57d07b4b0484a23ca0e0f79c59/view,,,SAM.gov Special Notice; respond by 2026-06-20,SYNOPSIS-Wireless Access Points at Camp Buckner,HOT
gov_contract,Garrison Tactical Operational Support (GTOS),MARCOR SYSCOM / COMMANDER,see solicitation,US (federal),2026-05-20,https://sam.gov/opp/7f6d34b60b02483f88bfb196f2bb4eff/view,,,SAM.gov Sources Sought; respond by 2026-06-18,Garrison Tactical Operational Support (GTOS),HOT
gov_contract,Request for Information (RFI): Intelligent Shift Scheduler Tool for 24/7 Continuous Operations,AIR FORCE DISTRICT OF WASHINGTON / FA7014  AFDW PK,see solicitation,US (federal),2026-05-28,https://sam.gov/opp/ba97083b840b4c4da5201107cbe89b87/view,,,SAM.gov Sources Sought; respond by 2026-06-19,Request for Information (RFI): Intelligent Shift Scheduler Tool for 24/7 Continuous Operat,HOT
security,Zero Trust Cloud Engineer,Cratis Automation Solutions,$130K-$220K/yr,Remote,2026-05-31,https://to.indeed.com/aagrfq4jhxhl,,,Indeed (apply via link),Top-comp zero trust cloud,HOT
gov_contract,Earth Observing System Data and Information System (EOSDIS) Evolution and Development 3 (EED -3) Extension,NATIONAL AERONAUTICS AND SPACE ADMINISTRATION / NASA GODDARD SPACE FLIGHT CENTER,see solicitation,US (federal),2026-06-03,https://sam.gov/opp/8b19217fa1c8451a868b25ae4346ee78/view,,,SAM.gov Special Notice; respond by 2026-06-18,Earth Observing System Data and Information System (EOSDIS) Evolution and Development 3 (E,HOT
gov_contract,Notice of Intent to Sole Source Deployed Medicine Services,DEFENSE HEALTH AGENCY (DHA) / DEFENSE HEALTH AGENCY,see solicitation,US (federal),2026-06-03,https://sam.gov/opp/e457ff824b154edb9b9442e50ac5ff7f/view,,,SAM.gov Special Notice; respond by 2026-06-18,Notice of Intent to Sole Source Deployed Medicine Services,HOT
gov_contract,IHS-SS-26-1521934-Sources Sought Notice- Schneider Electric Advantage,INDIAN HEALTH SERVICE / GREAT PLAINS AREA INDIAN HEALTH SVC,see solicitation,US (federal),2026-06-03,https://sam.gov/opp/7c2bc212ef434b6c97910cda3b7ae2e4/view,,,SAM.gov Sources Sought; respond by 2026-06-20,IHS-SS-26-1521934-Sources Sought Notice- Schneider Electric Advantage,HOT
gov_contract,IHS-SS-26-1525971-Sources Sought Notice -AudioCare,INDIAN HEALTH SERVICE / GREAT PLAINS AREA INDIAN HEALTH SVC,see solicitation,US (federal),2026-06-03,https://sam.gov/opp/b6205ced2f194704b0c3b77790ff740b/view,,,SAM.gov Sources Sought; respond by 2026-06-18,IHS-SS-26-1525971-Sources Sought Notice -AudioCare,HOT
gov_contract,Notice of Intent to Sole Source:  Specialized Demographic Research & Statistical Analysis Services for Indian Health Service,INDIAN HEALTH SERVICE / DIVISION OF ACQUISITIONS POLICY HQ,see solicitation,US (federal),2026-06-03,https://sam.gov/opp/35ded3dcad2b4af692346d6b2fc1deab/view,,,SAM.gov Presolicitation; respond by 2026-06-19,Notice of Intent to Sole Source:  Specialized Demographic Research & Statistical Analysis ,HOT
gov_contract,DA10--ACRE/Feenics Gov Cloud Annual Software Support  POP 8/15/2026-8/14/2027,"VETERANS AFFAIRS, DEPARTMENT OF / NETWORK CONTRACT OFFICE 19 (36C259)",see solicitation,US (federal),2026-06-04,https://sam.gov/opp/5e228184136a46ad83674fc03caad26b/view,,,SAM.gov Special Notice; respond by 2026-06-19,DA10--ACRE/Feenics Gov Cloud Annual Software Support  POP 8/15/2026-8/14/2027,HOT
gov_contract,"Notification of Intent to Award a Sole Source Purchase Order to Allium Labs, Inc. – Allium Explorer",COMMODITY FUTURES TRADING COMMISSION / COMMODITY FUTURES TRADING COMM,see solicitation,US (federal),2026-06-04,https://sam.gov/opp/809b865202a643bd9758483467a85684/view,,,SAM.gov Presolicitation; respond by 2026-06-19,"Notification of Intent to Award a Sole Source Purchase Order to Allium Labs, Inc. – Allium",HOT
cloud_devops,AWS Architect,Navat Technologies,$75-$80/hr,Remote,2026-06-05,https://to.indeed.com/aaldvkc87sdz,,,Indeed (apply via link),Contract AWS architect remote,HOT
gov_contract,Information Technology Refresh Program (ITRP) Support,U.S. CUSTOMS AND BORDER PROTECTION / INFORMATION TECHNOLOGY CONTRACTING DIVISION,see solicitation,US (federal),2026-06-08,https://sam.gov/opp/f2f492fa785348baa5106494155e0e25/view,,,SAM.gov Sources Sought; respond by 2026-06-18,Information Technology Refresh Program (ITRP) Support,HOT
cloud_devops,Senior DevOps Engineer,Archigos Solutions,$113K-$200K/yr,Remote,2026-06-08,https://to.indeed.com/aawmxr9v9n8z,,,Indeed (apply via link),Senior DevOps; high comp remote,HOT
security,Senior CAPPS Security Analyst (PeopleSoft/ERP),Dutech,$80-$90/hr,Remote,2026-06-08,https://to.indeed.com/aay9wwt9ftct,,,Indeed (apply via link),ERP security contract remote,HOT
security,Site Reliability Engineer (FedRAMP),Marathon TS,$115K-$145K/yr,Remote,2026-06-08,https://to.indeed.com/aa9bxyy7wbjr,,,Indeed (apply via link),FedRAMP SRE; cleared/gov-adjacent,HOT
gov_contract,NATO Business Opportunity: AI-Assisted Tabletop Exercise (TTX) Framework for Cyberspace Operations,"COMMERCE, DEPARTMENT OF / BUREAU OF INDUSTRY AND SECURITY",see solicitation,US (federal),2026-06-09,https://sam.gov/opp/fc21b06ea01f4771ab735555f9c07d52/view,,,SAM.gov Special Notice; respond by 2026-06-18,NATO Business Opportunity: AI-Assisted Tabletop Exercise (TTX) Framework for Cyberspace Op,HOT
gov_contract,NATO Business Opportunity: Gamification Solutions for Cyberspace Warfare Development,"COMMERCE, DEPARTMENT OF / BUREAU OF INDUSTRY AND SECURITY",see solicitation,US (federal),2026-06-09,https://sam.gov/opp/20162a4d23294f37a2cb311a6654a232/view,,,SAM.gov Special Notice; respond by 2026-06-18,NATO Business Opportunity: Gamification Solutions for Cyberspace Warfare Development,HOT
security,Senior Cloud Network Security Engineer,Prospance Inc,$85-$90/hr,Remote,2026-06-09,https://to.indeed.com/aaq82pfq4rhs,,,Indeed (apply via link),High-rate cloud security contract,HOT
gov_contract,"Financial IT, ERP, and Business Process Support Services",AMERICAN BATTLE MONUMENTS COMMISSION / ABMC,see solicitation,US (federal),2026-06-10,https://sam.gov/opp/15ac81c8a688417fa4b02911641ab7ca/view,,,SAM.gov Combined Synopsis/Solicitation; respond by 2026-06-18,"Financial IT, ERP, and Business Process Support Services",HOT
gov_contract,J049--Real-Time Location System (RTLS) Managed Services Agreement  See attached for details,"VETERANS AFFAIRS, DEPARTMENT OF / 256-NETWORK CONTRACT OFFICE 16 (36C256)",see solicitation,US (federal),2026-06-10,https://sam.gov/opp/eca6a20a57f74ad086ec79573774c2f1/view,,,SAM.gov Sources Sought; respond by 2026-06-18,J049--Real-Time Location System (RTLS) Managed Services Agreement  See attached for detail,HOT
gov_contract,AI Driven Image Search Tool,US PATENT AND TRADEMARK OFFICE / DEPT OF COMMERCE PTO,see solicitation,US (federal),2026-06-10,https://sam.gov/opp/54c8614e6a9a49978a08e4c1fbb5a799/view,,,SAM.gov Sources Sought; respond by 2026-06-19,AI Driven Image Search Tool,HOT
gov_contract,J049--INTENT TO SOLE SOURCE NETSMART Tech Methasoft Support,"VETERANS AFFAIRS, DEPARTMENT OF / 245-NETWORK CONTRACT OFFICE 5 (36C245)",see solicitation,US (federal),2026-06-11,https://sam.gov/opp/0071360a098f45978e828a96462e0e10/view,,,SAM.gov Special Notice; respond by 2026-06-18,J049--INTENT TO SOLE SOURCE NETSMART Tech Methasoft Support,HOT
gov_contract,FY26-30 A34 TOG-FY26 Spectrum Charter,U.S. MARSHALS SERVICE / DEPT OF JUSTICE  US MARSHAL SERVICE,see solicitation,US (federal),2026-06-11,https://sam.gov/opp/a6cd677b21134cbc8a7d5e9fef7a3635/view,,,SAM.gov Special Notice; respond by 2026-06-18,FY26-30 A34 TOG-FY26 Spectrum Charter,HOT
gov_contract,DA10--VA-26-00036795 Broadcom (VMWare) ELA 2026 - NEW,"VETERANS AFFAIRS, DEPARTMENT OF / TECHNOLOGY ACQUISITION CENTER NJ (36C10B)",see solicitation,US (federal),2026-06-11,https://sam.gov/opp/dce2b1c4ff004e0f86d0c0a1804ddbed/view,,,SAM.gov Sources Sought; respond by 2026-06-19,DA10--VA-26-00036795 Broadcom (VMWare) ELA 2026 - NEW,HOT
gov_contract,Joint Staff JROC and Functional Capability Support Services,NAVSUP FLC NORFOLK / NAVSUP FLT LOG CTR NORFOLK,see solicitation,US (federal),2026-06-11,https://sam.gov/opp/7bb34e3d376e494488914f2db1a0a8bf/view,,,SAM.gov Sources Sought; respond by 2026-06-18,Joint Staff JROC and Functional Capability Support Services,HOT
gov_contract,Connecticut On-Line Law Enforcement Communications Teleprocessing (COLLECT) System,U.S. IMMIGRATION AND CUSTOMS ENFORCEMENT / DETENTION COMPLIANCE AND REMOVALS,see solicitation,US (federal),2026-06-11,https://sam.gov/opp/e10281ab131a4b45b3c6ee971345fc5d/view,,,SAM.gov Special Notice; respond by 2026-06-18,Connecticut On-Line Law Enforcement Communications Teleprocessing (COLLECT) System,HOT
gov_contract,DA01--Infrastructure Automation Technical Debt Reduction (IATDR)  (VA-26-00026979),"VETERANS AFFAIRS, DEPARTMENT OF / TECHNOLOGY ACQUISITION CENTER NJ (36C10B)",see solicitation,US (federal),2026-06-12,https://sam.gov/opp/f58acf087ee34660b9e55e32f26bf80f/view,,,SAM.gov Sources Sought; respond by 2026-06-18,DA01--Infrastructure Automation Technical Debt Reduction (IATDR)  (VA-26-00026979),HOT
gov_contract,"Genomics Information Management System (GIMS) License Renewal, Support,",FOOD AND DRUG ADMINISTRATION / FOOD AND DRUG ADMINISTRATION,see solicitation,US (federal),2026-06-12,https://sam.gov/opp/b1c4d3420737487fbd2e365bd4385be7/view,,,SAM.gov Solicitation; respond by 2026-06-19,"Genomics Information Management System (GIMS) License Renewal, Support,",HOT
gov_contract,DATA BRIDGE SOFTWARE MAINTENANCE,"VETERANS AFFAIRS, DEPARTMENT OF / 247-NETWORK CONTRACT OFFICE 7 (36C247)",see solicitation,US (federal),2026-06-12,https://sam.gov/opp/f06383a8b03042f3b51c92fcbdca999c/view,,,SAM.gov Sources Sought; respond by 2026-06-19,DATA BRIDGE SOFTWARE MAINTENANCE,HOT
gov_contract,"SWIS KBTTF ON-SITE SIT, CLB KBTTF INSTALLATION & CHECKOUT, CLB & DRNT REPAIRS",SSP / STRATEGIC SYSTEMS PROGRAMS,see solicitation,US (federal),2026-06-12,https://sam.gov/opp/ef7fa49d6cff4b88a98b59ebf881cec8/view,,,SAM.gov Sources Sought; respond by 2026-06-18,"SWIS KBTTF ON-SITE SIT, CLB KBTTF INSTALLATION & CHECKOUT, CLB & DRNT REPAIRS",HOT
gov_contract,"DG11--Wireless Medical Telemetry Systems Frequency Coordination,  Registration, and Allocation Services  Amendment 0001 to Extend the Solicitation","VETERANS AFFAIRS, DEPARTMENT OF / TECHNOLOGY ACQUISITION CENTER NJ (36C10B)",see solicitation,US (federal),2026-06-12,https://sam.gov/opp/9eb79c32ae264c5db90e62277a5885ea/view,,,SAM.gov Combined Synopsis/Solicitation; respond by 2026-06-18,"DG11--Wireless Medical Telemetry Systems Frequency Coordination,  Registration, and Alloca",HOT
gov_contract,Joint Staff Coalition Interoperability and Assurance Validation (CIAV) Services,NAVSUP FLC NORFOLK / NAVSUP FLT LOG CTR NORFOLK,see solicitation,US (federal),2026-06-12,https://sam.gov/opp/c7285b7a718a4730994fa65d7eae9f52/view,,,SAM.gov Sources Sought; respond by 2026-06-18,Joint Staff Coalition Interoperability and Assurance Validation (CIAV) Services,HOT
gov_contract,INL Guatemala Automated Biometric Identification System,"STATE, DEPARTMENT OF / ACQUISITIONS - INL",see solicitation,US (federal),2026-06-12,https://sam.gov/opp/3ac7f0933a4c472d8eb67002557fb811/view,,,SAM.gov Combined Synopsis/Solicitation; respond by 2026-06-18,INL Guatemala Automated Biometric Identification System,HOT
gov_contract,Notice of Intent - Sole Source to MHS GENESIS Solution providers,DEFENSE HEALTH AGENCY (DHA) / DEFENSE HEALTH AGENCY,see solicitation,US (federal),2026-06-15,https://sam.gov/opp/8eab9996b3eb4632ace81014f963c351/view,,,SAM.gov Sources Sought; respond by 2026-06-18,Notice of Intent - Sole Source to MHS GENESIS Solution providers,HOT
gov_contract,Notice of Intent for DataRay equipment D4 upgrade,OFFICE OF THE ASSISTANT SECRETARY FOR ADMINISTRATION (ASA) / PROGRAM SUPPORT CENTER ACQ MGMT SVC,see solicitation,US (federal),2026-06-15,https://sam.gov/opp/490fe5517de14200a48f5b85a00b62ba/view,,,SAM.gov Presolicitation; respond by 2026-06-18,Notice of Intent for DataRay equipment D4 upgrade,HOT
gov_contract,Structural Analysis,PACIFIC AIR FORCES / FA5215  766 ESS PKP,see solicitation,US (federal),2026-06-15,https://sam.gov/opp/66269a8be8854d8e8520be2bc50fcfd4/view,,,SAM.gov Solicitation; respond by 2026-06-19,Structural Analysis,HOT
gov_contract,"Modification of Boat Maintenance, Repair, and Technical Support Services",DEPT OF DEFENSE / DEPT OF THE NAVY,see solicitation,US (federal),2026-06-15,https://sam.gov/opp/45667601899c40db814c996dfdc25650/view,,,SAM.gov Special Notice; respond by 2026-06-18,"Modification of Boat Maintenance, Repair, and Technical Support Services",HOT
gov_contract,Request for Information (RFI) School Choice Education Voucher Platform,DEPT OF DEFENSE EDUCATION ACTIVITY (DODEA) / DOD EDUCATION ACTIVITY,see solicitation,US (federal),2026-06-15,https://sam.gov/opp/4a405aaaf94a47fdb767dc2565ec5ecc/view,,,SAM.gov Sources Sought; respond by 2026-06-18,Request for Information (RFI) School Choice Education Voucher Platform,HOT
cloud_devops,Senior DevOps Engineer,Savantys Solutions,From $90/hr,Remote,2026-06-15,https://to.indeed.com/aalsnm69bvcz,,,Indeed (apply via link),Fresh; $90/hr+ remote DevOps,HOT
gov_contract,DE10 - Defense Enrollment Eligibility Reporting System (DEERS) and Real-Time Automated Personnel Identification System (RAPIDS) services,NAVSUP FLC NORFOLK / NAVSUP FLT LOG CTR NORFOLK,see solicitation,US (federal),2026-06-16,https://sam.gov/opp/1dc3be8f97e24f1d99e90efeefc16cdc/view,,,SAM.gov Combined Synopsis/Solicitation; respond by 2026-06-19,DE10 - Defense Enrollment Eligibility Reporting System (DEERS) and Real-Time Automated Per,HOT
gov_contract,VA OIG CyberFeds Renewal,"VETERANS AFFAIRS, DEPARTMENT OF / OFFICE OF INSPECTOR GENERAL OIG (36C10M)",see solicitation,US (federal),2026-06-16,https://sam.gov/opp/f9ef06b38d084532beb747c631f8d8e5/view,,,SAM.gov Special Notice; respond by 2026-06-20,VA OIG CyberFeds Renewal,HOT
gov_contract,Call For Solutions- Advanced Manufacturing Components and OIB Technology Insertion,ACC RSA / W6QK ACC-RSA,see solicitation,US (federal),2026-06-16,https://sam.gov/opp/ab67784e2ac5408c9b94eabd8fb7c287/view,,,SAM.gov Solicitation; respond by 2026-06-18,Call For Solutions- Advanced Manufacturing Components and OIB Technology Insertion,HOT
gov_contract,C1DA--VASDHS SEISMIC STRUCTURAL SURVEY   - || VENDOR || (07/01/26-06/30/28) |,"VETERANS AFFAIRS, DEPARTMENT OF / 262-NETWORK CONTRACT OFFICE 22 (36C262)",see solicitation,US (federal),2026-06-16,https://sam.gov/opp/faea0b489edc42c582a77885ada37525/view,,,SAM.gov Solicitation; respond by 2026-06-19,C1DA--VASDHS SEISMIC STRUCTURAL SURVEY   - || VENDOR || (07/01/26-06/30/28) |,HOT
gov_contract,C1DA--VASDHS Master Plan FY2026  - (POP:07/01/2026-06/30/2027),"VETERANS AFFAIRS, DEPARTMENT OF / 262-NETWORK CONTRACT OFFICE 22 (36C262)",see solicitation,US (federal),2026-06-16,https://sam.gov/opp/fa50b870f9e3410a8d0419790a651a8d/view,,,SAM.gov Solicitation; respond by 2026-06-19,C1DA--VASDHS Master Plan FY2026  - (POP:07/01/2026-06/30/2027),HOT
gov_contract,NOTICE OF INTENT TO SOLE SOURCE TO Interstate Connecting Components,SPAWAR PACIFIC / NIWC PACIFIC,see solicitation,US (federal),2026-06-17,https://sam.gov/opp/38f7c4797362492485f5f59aa195d8df/view,,,SAM.gov Special Notice; respond by 2026-06-18,NOTICE OF INTENT TO SOLE SOURCE TO Interstate Connecting Components,HOT
gov_contract,J065--Karl Storz StreamConnect EHRM Support,"VETERANS AFFAIRS, DEPARTMENT OF / 252-NETWORK CONTRACT OFFICE 12 (36C252)",see solicitation,US (federal),2026-06-17,https://sam.gov/opp/c814fcf6fd26407daec0a9c197832e32/view,,,SAM.gov Special Notice; respond by 2026-06-19,J065--Karl Storz StreamConnect EHRM Support,HOT
gov_contract,Fire Bottle Servicing,AIR FORCE TEST CENTER / FA2823  AFTC PZIO,see solicitation,US (federal),2026-06-17,https://sam.gov/opp/3a29e1bab36244ccbbb76b88a30481af/view,,,SAM.gov Combined Synopsis/Solicitation; respond by 2026-06-18,Fire Bottle Servicing,HOT
gov_contract,USCGC DIAMONDBACK SHAFT SEAL TECH REP,U.S. COAST GUARD / SFLC PROCUREMENT BRANCH 3(00040),see solicitation,US (federal),2026-06-17,https://sam.gov/opp/55a3de55075143b5acf4de72f08e7bc7/view,,,SAM.gov Combined Synopsis/Solicitation; respond by 2026-06-19,USCGC DIAMONDBACK SHAFT SEAL TECH REP,HOT
gov_contract,F103--Utility Critical Water Testing at Asheville VAMC,"VETERANS AFFAIRS, DEPARTMENT OF / 246-NETWORK CONTRACTING OFFICE 6 (36C246)",see solicitation,US (federal),2026-06-17,https://sam.gov/opp/4ddb1d0add1945abb452b0ba0d57dbfc/view,,,SAM.gov Solicitation; respond by 2026-06-18,F103--Utility Critical Water Testing at Asheville VAMC,HOT
field_dispatch,"Sr. Technical Support Engineer, Prisma Access Browser",Palo Alto Networks,$103K-$167K/yr,"Plano, TX",2026-06-17,https://to.indeed.com/aa89fdtwllht,,,Indeed (apply via link),Local Plano; fresh; security support,HOT
gov_contract,Kessel Run PRIME RFI - CANCELLED,DIGITAL / FA8730  KESSEL RUN AFLCMC/HBBK,see solicitation,US (federal),2025-12-09,https://sam.gov/opp/ff1fc970a34f4af78fae530c79e14d6c/view,,,SAM.gov Special Notice; respond by 2026-12-19,Kessel Run PRIME RFI - CANCELLED,WARM
gov_contract,Tech Licensing Opportunity: ViBRANT: Visual Benign Reactor As Analog for Nuclear Testing,"ENERGY, DEPARTMENT OF / BATTELLE ENERGY ALLIANCE–DOE CNTR",see solicitation,US (federal),2026-04-13,https://sam.gov/opp/80839a339dd341389e404d6ac47a5979/view,,,SAM.gov Special Notice; respond by 2026-07-16,Tech Licensing Opportunity: ViBRANT: Visual Benign Reactor As Analog for Nuclear Testing,WARM
gov_contract,"Foundation Sustainment Support, Software and Integration (FS3i)",NATIONAL GEOSPATIAL-INTELLIGENCE AGENCY (NGA) / NATL GEOSPATIAL-INTELLIGENCE AGENCY,see solicitation,US (federal),2026-04-24,https://sam.gov/opp/107fbc1616134a41b432446eaa5078a9/view,,,SAM.gov Presolicitation; respond by 2026-09-30,"Foundation Sustainment Support, Software and Integration (FS3i)",WARM
gov_contract,AMC/A6 Information Technology Needs Commercial Solutions Opening (CSO) - Amendment 03,AIR MOBILITY COMMAND / FA4452  763 ESS,see solicitation,US (federal),2026-04-29,https://sam.gov/opp/be02fdf231504d56bd6a28f2d28c3cce/view,,,SAM.gov Combined Synopsis/Solicitation; respond by 2031-02-26,AMC/A6 Information Technology Needs Commercial Solutions Opening (CSO) - Amendment 03,WARM
gov_contract,W912DY26RA030 DRAFT SOLICITATION FOR UTILITY MONITORING AND CONTROL SYSTEMS VI,OTHER_DIVISION / W2V6 USA ENG SPT CTR HUNTSVIL,see solicitation,US (federal),2026-05-07,https://sam.gov/opp/620f67e5787042be94734f2826861509/view,,,SAM.gov Combined Synopsis/Solicitation; respond by 2026-06-22,W912DY26RA030 DRAFT SOLICITATION FOR UTILITY MONITORING AND CONTROL SYSTEMS VI,WARM
gov_contract,Sovereign Defense Cloud for High-Performance Computing Commercial Solutions Opening (CSO),OTHER_DIVISION / W2R2 USA ENGR R AND D CTR,see solicitation,US (federal),2026-05-07,https://sam.gov/opp/55c0c5ea5ef84232869c0134386dfa48/view,,,SAM.gov Special Notice; respond by 2026-08-07,Sovereign Defense Cloud for High-Performance Computing Commercial Solutions Opening (CSO),WARM
gov_contract,TECHNOLOGY LICENSING OPPORTUNITY: ReactorCast,"ENERGY, DEPARTMENT OF / TRIAD - DOE CONTRACTOR",see solicitation,US (federal),2026-05-12,https://sam.gov/opp/df9025501f1146cdbccfe0d369c6db99/view,,,SAM.gov Special Notice; respond by 2027-06-30,TECHNOLOGY LICENSING OPPORTUNITY: ReactorCast,WARM
gov_contract,ANC OCIO CEAS Support Services,FDO SAM HOUSTON / W6QM MICC-FT BELVOIR,see solicitation,US (federal),2026-05-19,https://sam.gov/opp/1bd143941f084085aba2a1f99373e4ed/view,,,SAM.gov Sources Sought; respond by 2026-06-22,ANC OCIO CEAS Support Services,WARM
remote_contract,Mid/Senior AI Cinematic Video Editor,EverAI,see listing,Remote,2026-05-19,https://remotive.com/remote-jobs/artificial-intelligence/mid-senior-ai-cinematic-video-editor-2090887,,,Remotive API,Mid/Senior AI Cinematic Video Editor,WARM
cloud_devops,DevOps Architect - Cross-Platform,Stellar Solutions,$60-$70/hr,"St. Louis, MO",2026-05-19,https://to.indeed.com/aalqshgpbfd6,,,Indeed (apply via link),Contract DevOps architect,WARM
remote_contract,Staff Product Engineer (São Paulo),LawnStarter,$80k - $100k,Remote,2026-05-21,https://remotive.com/remote-jobs/product/staff-product-engineer-sao-paulo-2090890,,,Remotive API,Staff Product Engineer (São Paulo),WARM
gov_contract,Input/Output (I/O) Configuration for Refreshed Data Concentrator Unit (DCU),U.S. COAST GUARD / AVIATION LOGISTICS CENTER (ALC)(00038),see solicitation,US (federal),2026-05-22,https://sam.gov/opp/0d1d946d5135424d9c0456040691db18/view,,,SAM.gov Combined Synopsis/Solicitation; respond by 2026-06-26,Input/Output (I/O) Configuration for Refreshed Data Concentrator Unit (DCU),WARM
cloud_devops,Technical Instructor (AWS DevOps),Per Scholas,$60-$65/hr,"Dallas, TX",2026-05-22,https://to.indeed.com/aa2cr92rzbfg,,,Indeed (apply via link),"Local Dallas AWS instructor, part-time",WARM
cloud_devops,Lead Platform Engineer (Open-Source DevTools),loxala,$45-$65/hr,Remote,2026-05-25,https://to.indeed.com/aan9vxvjdqxh,,,Indeed (apply via link),Contract platform eng remote,WARM
remote_contract,Staff Product Engineer (Campinas),LawnStarter,$80k - $100k,Remote,2026-05-26,https://remotive.com/remote-jobs/product/staff-product-engineer-campinas-2090902,,,Remotive API,Staff Product Engineer (Campinas),WARM
remote_contract,Staff Product Engineer (Florianópolis),LawnStarter,$80k - $100k,Remote,2026-05-27,https://remotive.com/remote-jobs/product/staff-product-engineer-florianopolis-2090899,,,Remotive API,Staff Product Engineer (Florianópolis),WARM
remote_contract,Staff Product Engineer (Belo Horizonte),LawnStarter,$80k - $100k,Remote,2026-05-27,https://remotive.com/remote-jobs/product/staff-product-engineer-belo-horizonte-2090900,,,Remotive API,Staff Product Engineer (Belo Horizonte),WARM
remote_contract,Staff Product Engineer (Porto Alegre),LawnStarter,$80k - $100k,Remote,2026-05-27,https://remotive.com/remote-jobs/product/staff-product-engineer-porto-alegre-2090901,,,Remotive API,Staff Product Engineer (Porto Alegre),WARM
remote_contract,Data Labeling Specialists,Workada,$18 - $22/hr,Remote,2026-05-27,https://remotive.com/remote-jobs/data/data-labeling-specialists-2090903,,,Remotive API,Data Labeling Specialists,WARM
cloud_devops,Senior BI Developer / Data Engineer (SQL/SSIS),Paramint,$45-$60/hr,Remote,2026-05-28,https://to.indeed.com/aaqcvghktq2j,,,Indeed (apply via link),US contract BI/data eng,WARM
gov_contract,COMSEC Managerial Security Support Services,COMMAND CONTROL COMMUNICATIONS INTEL & NETWORKS / FA8307  AFLCMC HNCK C3IN,see solicitation,US (federal),2026-05-29,https://sam.gov/opp/d51d1b89a4a64849a4990658c9dff73d/view,,,SAM.gov Solicitation; respond by 2026-06-29,COMSEC Managerial Security Support Services,WARM
helpdesk_remote,Senior Technical Support Engineer,Archigos Solutions,$50K-$151K/yr,Remote,2026-06-01,https://to.indeed.com/aa2htypppmbs,,,Indeed (apply via link),"Remote tech support, wide band",WARM
gov_contract,Moodle Learning Management System (LMS) Modernization,SELECTIVE SERVICE SYSTEM / SELECTIVE SERVICE SYSTEM,see solicitation,US (federal),2026-06-02,https://sam.gov/opp/503d4c9a19bd42919667afac19dd24d3/view,,,SAM.gov Special Notice; respond by 2026-06-30,Moodle Learning Management System (LMS) Modernization,WARM
remote_contract,Copywriter,Coalition Technologies ,$20k -$35k,Remote,2026-06-02,https://remotive.com/remote-jobs/writing/copywriter-1749306,,,Remotive API,Copywriter,WARM
remote_contract,"Staff Software Engineer, Product (Belo Horizonte)",LawnStarter,$80k - $100k,Remote,2026-06-02,https://remotive.com/remote-jobs/software-development/staff-software-engineer-product-belo-horizonte-2090910,,,Remotive API,"Staff Software Engineer, Product (Belo Horizonte)",WARM
remote_contract,"Staff Software Engineer, Product (Florianópolis)",LawnStarter,$80k - $100k,Remote,2026-06-02,https://remotive.com/remote-jobs/software-development/staff-software-engineer-product-florianopolis-2090911,,,Remotive API,"Staff Software Engineer, Product (Florianópolis)",WARM
remote_contract,"Staff Software Engineer, Product (Porto Alegre)",LawnStarter,$80k - $100k,Remote,2026-06-02,https://remotive.com/remote-jobs/software-development/staff-software-engineer-product-porto-alegre-2090909,,,Remotive API,"Staff Software Engineer, Product (Porto Alegre)",WARM
remote_contract,"Staff Software Engineer, Product (São Paulo)",LawnStarter,$80k - $100k,Remote,2026-06-02,https://remotive.com/remote-jobs/software-development/staff-software-engineer-product-sao-paulo-2090912,,,Remotive API,"Staff Software Engineer, Product (São Paulo)",WARM
remote_contract,Customer Operations & Writing Specialist,"Clerky, Inc.",$12K,Remote,2026-06-02,https://remotive.com/remote-jobs/customer-service/customer-operations-writing-specialist-2090942,,,Remotive API,Customer Operations & Writing Specialist,WARM
remote_contract,"Staff Software Engineer, Product (Campinas)",LawnStarter,$80k - $100k,Remote,2026-06-02,https://remotive.com/remote-jobs/software-development/staff-software-engineer-product-campinas-2090913,,,Remotive API,"Staff Software Engineer, Product (Campinas)",WARM
gov_contract,CTP Advertising Data Monitoring Subscription and Training,FOOD AND DRUG ADMINISTRATION / FDA OFFICE OF ACQ  GRANT SVCS,see solicitation,US (federal),2026-06-03,https://sam.gov/opp/a6b74d150c5a4180888f894eb3b2cdc1/view,,,SAM.gov Solicitation; respond by 2026-06-22,CTP Advertising Data Monitoring Subscription and Training,WARM
remote_contract,Head of Sales,The Land Geek,$109k - $228k,Remote,2026-06-03,https://remotive.com/remote-jobs/sales/head-of-sales-2090943,,,Remotive API,Head of Sales,WARM
gov_contract,NATO Improved Link Eleven (NILE) In-Service Support 6 (ISS 6),SPAWAR HQ / NAVAL INFORMATION WARFARE SYSTEMS,see solicitation,US (federal),2026-06-04,https://sam.gov/opp/f2e9afe1798744d9a0a0df9ee46990e4/view,,,SAM.gov Presolicitation; respond by 2026-07-06,NATO Improved Link Eleven (NILE) In-Service Support 6 (ISS 6),WARM
gov_contract,Interoperability and Interface Modernization Request for Information,"VETERANS AFFAIRS, DEPARTMENT OF / STRATEGIC ACQUISITION CENTER FREDERICKSBURG (36C10G)",see solicitation,US (federal),2026-06-04,https://sam.gov/opp/30fda40cd6474aab9b59124eb1594ccb/view,,,SAM.gov Special Notice; respond by 2026-06-22,Interoperability and Interface Modernization Request for Information,WARM
gov_contract,NOI to Sole Source Pristima Software License and Maintenance,,see solicitation,US (federal),2026-06-04,https://sam.gov/opp/9c952e3f14824abf8a06b479d3d3aaf4/view,,,SAM.gov Special Notice; respond by 2026-06-22,NOI to Sole Source Pristima Software License and Maintenance,WARM
gov_contract,Request for Information (RFI 80TECH26RFI0020): Strategic Partnerships for NASA Data Center Infrastructure,NATIONAL AERONAUTICS AND SPACE ADMINISTRATION / NASA IT PROCUREMENT OFFICE,see solicitation,US (federal),2026-06-04,https://sam.gov/opp/424ff733350e47438f47d5a7185bb5a4/view,,,SAM.gov Sources Sought; respond by 2026-07-17,Request for Information (RFI 80TECH26RFI0020): Strategic Partnerships for NASA Data Center,WARM
gov_contract,ISBEE Set Aside - FBSU Claim Management / Revenue Cycle Management (RCM) Service,INDIAN HEALTH SERVICE / BILLINGS AREA INDIAN HEALTH SVC,see solicitation,US (federal),2026-06-04,https://sam.gov/opp/ea83d7dfc37d486f94e03d5b61bced7b/view,,,SAM.gov Combined Synopsis/Solicitation; respond by 2026-06-26,ISBEE Set Aside - FBSU Claim Management / Revenue Cycle Management (RCM) Service,WARM
gov_contract,"eCRB Hosting, Licensing, Operation and Maintenance",LIBRARY OF CONGRESS / LIBRARY OF CONGRESS,see solicitation,US (federal),2026-06-04,https://sam.gov/opp/9a8ae9b2500c4ab5a25ccf0e5855b09d/view,,,SAM.gov Special Notice; respond by 2026-06-24,"eCRB Hosting, Licensing, Operation and Maintenance",WARM
remote_contract,Online Data Analyst Canada (French Language),TELUS Digital,see listing,Remote,2026-06-04,https://remotive.com/remote-jobs/all-others/online-data-analyst-canada-french-language-2090945,,,Remotive API,Online Data Analyst Canada (French Language),WARM
remote_contract,Online Data Analyst United States Spanish speakers,TELUS Digital,see listing,Remote,2026-06-04,https://remotive.com/remote-jobs/all-others/online-data-analyst-united-states-spanish-speakers-2090946,,,Remotive API,Online Data Analyst United States Spanish speakers,WARM
remote_contract,Online Data Analyst Canada,TELUS Digital,see listing,Remote,2026-06-04,https://remotive.com/remote-jobs/all-others/online-data-analyst-canada-2090944,,,Remotive API,Online Data Analyst Canada,WARM
remote_contract,Freelance Writer,IAPWE,$50-$75 /hour,Remote,2026-06-04,https://remotive.com/remote-jobs/writing/freelance-writer-1185979,,,Remotive API,Freelance Writer,WARM
gov_contract,Request for Information for Enterprise Resource Planning Common Services (ERP CS)_2026,BUSINESS AND ENTERPRISE SYSTEMS / FA8770  AFLCMC GBK,see solicitation,US (federal),2026-06-05,https://sam.gov/opp/592f0bf678d5424a9e5db02b0c04b4c6/view,,,SAM.gov Sources Sought; respond by 2026-07-07,Request for Information for Enterprise Resource Planning Common Services (ERP CS)_2026,WARM
cloud_devops,AWS Engineer - Remote - Contract,Navat Technologies,$60-$75/hr,Remote,2026-06-05,https://to.indeed.com/aaggysbn2kzl,,,Indeed (apply via link),Contract AWS engineer remote,WARM
cloud_devops,Senior Healthcare Data Engineer (GCP/Azure),Neon IT Solutions,$56-$60/hr,Remote,2026-06-05,https://to.indeed.com/aaqh6zmkfkdt,,,Indeed (apply via link),Healthcare data eng contract W2,WARM
gov_contract,Strategic Quality Support System (SQSS) - Ft Yuma Health Care Center,INDIAN HEALTH SERVICE / PHOENIX AREA INDIAN HEALTH SVC,see solicitation,US (federal),2026-06-08,https://sam.gov/opp/97b0c85f57d84635b69bd73b5f7965b8/view,,,SAM.gov Sources Sought; respond by 2026-07-18,Strategic Quality Support System (SQSS) - Ft Yuma Health Care Center,WARM
gov_contract,"Symbolic Nuclear Analysis Package (SNAP) Development, Maintenance, and Support Follow-On",NUCLEAR REGULATORY COMMISSION / NUCLEAR REGULATORY COMMISSION,see solicitation,US (federal),2026-06-08,https://sam.gov/opp/93bb9870648743cdaea28210057fd0f2/view,,,SAM.gov Sources Sought; respond by 2026-07-08,"Symbolic Nuclear Analysis Package (SNAP) Development, Maintenance, and Support Follow-On",WARM
gov_contract,AFRL/DP Laboratory Demonstration Project,AIR FORCE RESEARCH LABORATORY / FA2396 USAF AFMC AFRL PZL AFRL PZLE,see solicitation,US (federal),2026-06-08,https://sam.gov/opp/7a7d280ccf95424db685a60be06340ec/view,,,SAM.gov Sources Sought; respond by 2026-06-22,AFRL/DP Laboratory Demonstration Project,WARM
gov_contract,Intent to Award Sole Source for AFRL/DP Laboratory Demonstration Project,AIR FORCE RESEARCH LABORATORY / FA2396 USAF AFMC AFRL PZL AFRL PZLE,see solicitation,US (federal),2026-06-08,https://sam.gov/opp/da65ea12f5cd48fa96ba43dc76bdbd58/view,,,SAM.gov Special Notice; respond by 2026-06-22,Intent to Award Sole Source for AFRL/DP Laboratory Demonstration Project,WARM
gov_contract,TMTCG Websites,WEAPONS / FA8520  ALFCMC EBWK,see solicitation,US (federal),2026-06-08,https://sam.gov/opp/bd611bb1cd56436ebdde98831dbb9f03/view,,,SAM.gov Combined Synopsis/Solicitation; respond by 2026-07-08,TMTCG Websites,WARM
remote_contract,Inside Sales Contractor,"Credit Wellness, LLC",OTE $25k - $35k,Remote,2026-06-08,https://remotive.com/remote-jobs/sales/inside-sales-contractor-2086540,,,Remotive API,Inside Sales Contractor,WARM
gov_contract,SCADA Systems Maintenance,INTERNATIONAL BOUNDARY AND WATER COMMISSION: U.S.-MEXICO / INTERNAT. BOUNDARY AND WATER COMM.,see solicitation,US (federal),2026-06-09,https://sam.gov/opp/049c248c149443b1aec54dac4bdd90e9/view,,,SAM.gov Sources Sought; respond by 2026-06-22,SCADA Systems Maintenance,WARM
gov_contract,Sienna Software Development,"ENERGY, DEPARTMENT OF / ALLIANCE SUSTAINABLE ENRGY-DOECONTR",see solicitation,US (federal),2026-06-09,https://sam.gov/opp/5928e2a37f9d495186c1a2fae234e39e/view,,,SAM.gov Sources Sought; respond by 2026-06-26,Sienna Software Development,WARM
gov_contract,T-38A Virtual Reality Part Task Trainer (VRPTT) Maintenance,AIR FORCE GLOBAL STRIKE COMMAND / FA4625  509 CONS CC,see solicitation,US (federal),2026-06-09,https://sam.gov/opp/bd30518dae604ebc857bef9406f58709/view,,,SAM.gov Sources Sought; respond by 2026-06-24,T-38A Virtual Reality Part Task Trainer (VRPTT) Maintenance,WARM
gov_contract,FDIC's CISCO Hardware and Subscription Maintenance,FEDERAL DEPOSIT INSURANCE CORPORATION / FEDERAL DEPOSIT INSURANCE CORPORATION,see solicitation,US (federal),2026-06-09,https://sam.gov/opp/6d9a4ae4f5834cae9293568615f0dc2b/view,,,SAM.gov Solicitation; respond by 2026-06-25,FDIC's CISCO Hardware and Subscription Maintenance,WARM
gov_contract,Screening Information Request (SIR) for the Strategic Sourcing for the Acquisition of Various Supplies and Equipment (SAVES),FEDERAL AVIATION ADMINISTRATION / 697DCK REGIONAL ACQUISITIONS SVCS,see solicitation,US (federal),2026-06-09,https://sam.gov/opp/93d5bb8926c2423cb6d824d19bbd7936/view,,,SAM.gov Solicitation; respond by 2026-07-07,Screening Information Request (SIR) for the Strategic Sourcing for the Acquisition of Vari,WARM
remote_contract,iOS Developer,nooro,$60k-$130k (depending on experience),Remote,2026-06-09,https://remotive.com/remote-jobs/software-development/ios-developer-1956455,,,Remotive API,iOS Developer,WARM
remote_contract,High-Ticket Financial Sales Specialist & Team Lead Track,FSE LLC,$3k - $10k,Remote,2026-06-09,https://remotive.com/remote-jobs/sales/high-ticket-financial-sales-specialist-team-lead-track-2090949,,,Remotive API,High-Ticket Financial Sales Specialist & Team Lead Track,WARM
gov_contract,IHS-SS-26-1527469-Data Ray manages service for the bar code labeling for the Quentin N Burdick Memorial Healthcare in Belcourt ND,INDIAN HEALTH SERVICE / GREAT PLAINS AREA INDIAN HEALTH SVC,see solicitation,US (federal),2026-06-10,https://sam.gov/opp/027a29292b61471183c8f7949dbcf23c/view,,,SAM.gov Sources Sought; respond by 2026-06-25,IHS-SS-26-1527469-Data Ray manages service for the bar code labeling for the Quentin N Bur,WARM
gov_contract,7B22--OR Integration System,"VETERANS AFFAIRS, DEPARTMENT OF / 246-NETWORK CONTRACTING OFFICE 6 (36C246)",see solicitation,US (federal),2026-06-10,https://sam.gov/opp/b4f881b9e21b45caa66be0ece90da47f/view,,,SAM.gov Combined Synopsis/Solicitation; respond by 2026-07-02,7B22--OR Integration System,WARM
gov_contract,Microsoft Unified Support Services,NAVSUP FLC NORFOLK / NAVSUP FLT LOG CTR NORFOLK,see solicitation,US (federal),2026-06-10,https://sam.gov/opp/0e8a3364dacc4654b8263861f293a443/view,,,SAM.gov Combined Synopsis/Solicitation; respond by 2026-06-24,Microsoft Unified Support Services,WARM
gov_contract,Predicted Signal Phase and Timing for Blocked Crossing Mitigation Phase 1,FEDERAL RAILROAD ADMINISTRATION / 693JJ6 FEDERAL RAILROAD ADMIN,see solicitation,US (federal),2026-06-10,https://sam.gov/opp/9fcf9fc8a08d43f09d2a41d45190af5e/view,,,SAM.gov Special Notice; respond by 2026-06-29,Predicted Signal Phase and Timing for Blocked Crossing Mitigation Phase 1,WARM
gov_contract,7A21--NEW: RFI - National Digital Telepathology - Artificial  Intelligence (NDTP-AI) (VA-26-00058955),"VETERANS AFFAIRS, DEPARTMENT OF / TECHNOLOGY ACQUISITION CENTER NJ (36C10B)",see solicitation,US (federal),2026-06-10,https://sam.gov/opp/992c081a0c4c43bebccc3d8eb519e7c9/view,,,SAM.gov Sources Sought; respond by 2026-06-23,7A21--NEW: RFI - National Digital Telepathology - Artificial  Intelligence (NDTP-AI) (VA-2,WARM
gov_contract,NATO Business Opportunity: Tier 2 & 3 Uplift of the SIEM,"COMMERCE, DEPARTMENT OF / BUREAU OF INDUSTRY AND SECURITY",see solicitation,US (federal),2026-06-10,https://sam.gov/opp/e72ccdc220d54d878eb3c1f215c63f40/view,,,SAM.gov Special Notice; respond by 2026-07-29,NATO Business Opportunity: Tier 2 & 3 Uplift of the SIEM,WARM
gov_contract,NATO Business Opportunity: Tier 2 Tools and Security Systems Uplift,"COMMERCE, DEPARTMENT OF / BUREAU OF INDUSTRY AND SECURITY",see solicitation,US (federal),2026-06-10,https://sam.gov/opp/7105948ced88468ab0dbf28ed78f6592/view,,,SAM.gov Special Notice; respond by 2026-07-29,NATO Business Opportunity: Tier 2 Tools and Security Systems Uplift,WARM
gov_contract,Western Oregon Service Unit Laboratory Interface Software Upgrade,"HEALTH AND HUMAN SERVICES, DEPARTMENT OF / INDIAN HEALTH SERVICE",see solicitation,US (federal),2026-06-10,https://sam.gov/opp/80c9d98cc6b64c4b86f79248e8935c01/view,,,SAM.gov Special Notice; respond by 2026-06-23,Western Oregon Service Unit Laboratory Interface Software Upgrade,WARM
gov_contract,Notice of Intent ModelCenter Software,U.S. COAST GUARD / SFLC PROCUREMENT BRANCH 3(00040),see solicitation,US (federal),2026-06-10,https://sam.gov/opp/4f82d094be9e47009bc27e320bfa9ff3/view,,,SAM.gov Special Notice; respond by 2026-06-25,Notice of Intent ModelCenter Software,WARM
gov_contract,Notice of Intent to Sole Source Audio Visual Support Services,UNIFORMED SERVICES UNIVERSITY OF THE HEALTH SCIENCES  (USUHS) / USUHS,see solicitation,US (federal),2026-06-10,https://sam.gov/opp/52aab4eb8bb24d12b524d76fdfa1fe0f/view,,,SAM.gov Special Notice; respond by 2026-06-25,Notice of Intent to Sole Source Audio Visual Support Services,WARM
gov_contract,iBoss Support Subscription for OIT,BUREAU OF INDIAN AFFAIRS / EASTERN OKLAHOMA REGION,see solicitation,US (federal),2026-06-10,https://sam.gov/opp/2d54d8c34aa44abab444f96cfda6a95a/view,,,SAM.gov Combined Synopsis/Solicitation; respond by 2026-06-24,iBoss Support Subscription for OIT,WARM
gov_contract,Request for Information (RFI) - User Interface Solution for Corps-Level Commanders,ACC-APG / W6QK ACC-APG,see solicitation,US (federal),2026-06-11,https://sam.gov/opp/67dfab99611149cdac3eb821875cc230/view,,,SAM.gov Sources Sought; respond by 2026-06-23,Request for Information (RFI) - User Interface Solution for Corps-Level Commanders,WARM
gov_contract,Interoperability and Interface Modernization Request for Information,"VETERANS AFFAIRS, DEPARTMENT OF / STRATEGIC ACQUISITION CENTER FREDERICKSBURG (36C10G)",see solicitation,US (federal),2026-06-11,https://sam.gov/opp/fefac43460fe4f08a99ecb36aa85e692/view,,,SAM.gov Sources Sought; respond by 2026-06-29,Interoperability and Interface Modernization Request for Information,WARM
gov_contract,eContract File Management System (eCFMS) Backend Support,DEFENSE HEALTH AGENCY (DHA) / DEFENSE HEALTH AGENCY,see solicitation,US (federal),2026-06-11,https://sam.gov/opp/b69c0e7c37884c0c9a4a0ff6e3f0ee89/view,,,SAM.gov Special Notice; respond by 2026-06-26,eContract File Management System (eCFMS) Backend Support,WARM
gov_contract,6515--OR Integration System,"VETERANS AFFAIRS, DEPARTMENT OF / 246-NETWORK CONTRACTING OFFICE 6 (36C246)",see solicitation,US (federal),2026-06-11,https://sam.gov/opp/448ec6d2a9b64c9bb33736aff887678b/view,,,SAM.gov Solicitation; respond by 2026-07-02,6515--OR Integration System,WARM
gov_contract,"Office of Subsurface Capabilities (CG 7212)  Power Platform Modernization, Training, and SME Support",U.S. COAST GUARD / HQ CONTRACT OPERATIONS (CG-912)(000,see solicitation,US (federal),2026-06-11,https://sam.gov/opp/8b6a2a89c205493ea92526019cb23cb1/view,,,SAM.gov Sources Sought; respond by 2026-06-25,"Office of Subsurface Capabilities (CG 7212)  Power Platform Modernization, Training, and S",WARM
gov_contract,"80JSC023DA010, Simulation and Software Technology (SST) III Ceiling Increase",NATIONAL AERONAUTICS AND SPACE ADMINISTRATION / NASA JOHNSON SPACE CENTER,see solicitation,US (federal),2026-06-11,https://sam.gov/opp/69e916e7200f40919fc4a98ac1f7fea6/view,,,SAM.gov Special Notice; respond by 2026-06-26,"80JSC023DA010, Simulation and Software Technology (SST) III Ceiling Increase",WARM
gov_contract,Annual maintenance for 152 ProLaw licenses,"JUSTICE, DEPARTMENT OF / DRUG ENFORCEMENT ADMINISTRATION",see solicitation,US (federal),2026-06-11,https://sam.gov/opp/5164d71f24ab447c91b1c65edc0374e1/view,,,SAM.gov Special Notice; respond by 2026-06-25,Annual maintenance for 152 ProLaw licenses,WARM
gov_contract,DA01--Chat Bot (VA-26-00059859),"VETERANS AFFAIRS, DEPARTMENT OF / SAC FREDERICK (36C10X)",see solicitation,US (federal),2026-06-11,https://sam.gov/opp/0b29213f2f164700bd553b1e4bc62fd4/view,,,SAM.gov Presolicitation; respond by 2026-06-26,DA01--Chat Bot (VA-26-00059859),WARM
gov_contract,"IDAS System Operations, Licensing Renewal, and Maintenance",FOOD AND DRUG ADMINISTRATION / FDA Office of Acquisitions and Grants Services,see solicitation,US (federal),2026-06-11,https://sam.gov/opp/39539db3318c4310b1fbffabf5c5753b/view,,,SAM.gov Sources Sought; respond by 2026-06-25,"IDAS System Operations, Licensing Renewal, and Maintenance",WARM
gov_contract,THOR Software,AIR FORCE LIFE CYCLE MANAGEMENT CENTER / FA8604  AFLCMC PZI,see solicitation,US (federal),2026-06-11,https://sam.gov/opp/4ec7ea2ca2024915af066da1df55ae01/view,,,SAM.gov Presolicitation; respond by 2026-06-26,THOR Software,WARM
gov_contract,Intent to Sole Source Swift-Active Screener Licenses Renewal,NATIONAL OCEANIC AND ATMOSPHERIC ADMINISTRATION / DEPT OF COMMERCE NOAA,see solicitation,US (federal),2026-06-11,https://sam.gov/opp/d03a6198d44c451298641854b587bc65/view,,,SAM.gov Presolicitation; respond by 2026-06-26,Intent to Sole Source Swift-Active Screener Licenses Renewal,WARM
gov_contract,RFIARTIFICIALINTELLIGENCEANDADVANCEDANALYTICSSERVICES,DCSO PHILADELPHIA / DCSO PHILADELPHIA,see solicitation,US (federal),2026-06-11,https://sam.gov/opp/5040a99e0e6e46bd98cbed691ec48d71/view,,,SAM.gov Sources Sought; respond by 2026-06-23,RFIARTIFICIALINTELLIGENCEANDADVANCEDANALYTICSSERVICES,WARM
gov_contract,Q201--VISN 21 Patient Elopement and Wandering Prevention  (VA-26-00049526),"VETERANS AFFAIRS, DEPARTMENT OF / TECHNOLOGY ACQUISITION CENTER NJ (36C10B)",see solicitation,US (federal),2026-06-11,https://sam.gov/opp/a0ae401b29794aa4b1652a8a30e0fec7/view,,,SAM.gov Combined Synopsis/Solicitation; respond by 2026-07-13,Q201--VISN 21 Patient Elopement and Wandering Prevention  (VA-26-00049526),WARM
gov_contract,Fortinet Software Licenses for OIT,BUREAU OF INDIAN AFFAIRS / CENTRAL OFFICE,see solicitation,US (federal),2026-06-11,https://sam.gov/opp/4153c63e32ea480591a56c31e710ffc3/view,,,SAM.gov Solicitation; respond by 2026-06-22,Fortinet Software Licenses for OIT,WARM
gov_contract,NATO Request for Pre-Competitive Industry Engagement: Operational Network – Extension Program (ON-X),"COMMERCE, DEPARTMENT OF / BUREAU OF INDUSTRY AND SECURITY",see solicitation,US (federal),2026-06-11,https://sam.gov/opp/1a5ebbc96e0d4aa4847800e19aefc178/view,,,SAM.gov Special Notice; respond by 2026-06-24,NATO Request for Pre-Competitive Industry Engagement: Operational Network – Extension Prog,WARM
gov_contract,Request for Information - Sentinel Scheduling Support,STRATEGIC SYSTEMS-AFNWC / FA8204  AFNWC PZBA,see solicitation,US (federal),2026-06-11,https://sam.gov/opp/984ffe40e51340edaa8199cd551071d6/view,,,SAM.gov Sources Sought; respond by 2026-06-23,Request for Information - Sentinel Scheduling Support,WARM
gov_contract,Alternate Sourcing for JAU-72B/A Cartridge Actuated Initiators,NAVAIR NAWC AD / NAVAL AIR WARFARE CENTER AIR DIV,see solicitation,US (federal),2026-06-11,https://sam.gov/opp/215acd282e564852813c52b8558577a4/view,,,SAM.gov Combined Synopsis/Solicitation; respond by 2026-06-25,Alternate Sourcing for JAU-72B/A Cartridge Actuated Initiators,WARM
gov_contract,Request for Information | F-15 Avionics Systems Supportability Analysis,AIR FORCE SUSTAINMENT CENTER / FA8538  AFSC PZAAB,see solicitation,US (federal),2026-06-11,https://sam.gov/opp/c24c2729734b4c6394ba0b80d2136913/view,,,SAM.gov Presolicitation; respond by 2026-06-26,Request for Information | F-15 Avionics Systems Supportability Analysis,WARM
gov_contract,Presolicitation | F-15 Maintenance Testability Analysis Program,AIR FORCE SUSTAINMENT CENTER / FA8538  AFSC PZAAB,see solicitation,US (federal),2026-06-11,https://sam.gov/opp/35006e4cffc54ee38b2537882f5e29b3/view,,,SAM.gov Presolicitation; respond by 2026-06-26,Presolicitation | F-15 Maintenance Testability Analysis Program,WARM
gov_contract,Program Management/Service Revealed Deficiency (PM/SRD) Component Improvement Program (CIP) R&D Engineering Services,AIR FORCE SUSTAINMENT CENTER / FA8252  AFSC PZAAB,see solicitation,US (federal),2026-06-11,https://sam.gov/opp/cace8191a0bd41f0b0ebdb61eff8bed2/view,,,SAM.gov Presolicitation; respond by 2026-06-26,Program Management/Service Revealed Deficiency (PM/SRD) Component Improvement Program (CIP,WARM
gov_contract,Engineering Services NSWCCD Code 83,NAVSEA WARFARE CENTER / NSWC CARDEROCK,see solicitation,US (federal),2026-06-11,https://sam.gov/opp/6e5354109cc642d08884fca6f9639afd/view,,,SAM.gov Special Notice; respond by 2026-06-30,Engineering Services NSWCCD Code 83,WARM
gov_contract,AIR FORCE CRYPTOLOGIC OFFICE  COMMERCIAL SOLUTIONS OPENING,DEPT OF DEFENSE,see solicitation,US (federal),2026-06-11,https://sam.gov/opp/479793e39d9944768a0671d18443ecbc/view,,,SAM.gov Special Notice; respond by 2026-09-30,AIR FORCE CRYPTOLOGIC OFFICE  COMMERCIAL SOLUTIONS OPENING,WARM
gov_contract,NAWCAD WOLF SAIW Technical and Engineering Services (TES),NAVAIR NAWC AD / NAVAL AIR WARFARE CENTER AIR DIV,see solicitation,US (federal),2026-06-11,https://sam.gov/opp/a44232fb669546048ca80b1802bd43b0/view,,,SAM.gov Solicitation; respond by 2026-06-25,NAWCAD WOLF SAIW Technical and Engineering Services (TES),WARM
gov_contract,R425--FY26 Services (Base plus 4) - WNY ECP/LOTO Procedures -  528/528A4,"VETERANS AFFAIRS, DEPARTMENT OF / 242-NETWORK CONTRACT OFFICE 02 (36C242)",see solicitation,US (federal),2026-06-11,https://sam.gov/opp/bf185eee3cf649a7b752c9eb7a760997/view,,,SAM.gov Combined Synopsis/Solicitation; respond by 2026-06-26,R425--FY26 Services (Base plus 4) - WNY ECP/LOTO Procedures -  528/528A4,WARM
gov_contract,Bioinformatics Analysis of Livestock Genomics,FOOD AND DRUG ADMINISTRATION / FDA Office of Acquisitions and Grants Services,see solicitation,US (federal),2026-06-11,https://sam.gov/opp/34d5da8be11a4535a3138e1a72ccc58a/view,,,SAM.gov Combined Synopsis/Solicitation; respond by 2026-06-29,Bioinformatics Analysis of Livestock Genomics,WARM
gov_contract,Medicare Claim Management/Revenue Cycle Management (RCM) Service,INDIAN HEALTH SERVICE / BILLINGS AREA INDIAN HEALTH SVC,see solicitation,US (federal),2026-06-11,https://sam.gov/opp/da087b2cd43f4b2e8832ef52d64dea9b/view,,,SAM.gov Combined Synopsis/Solicitation; respond by 2026-07-02,Medicare Claim Management/Revenue Cycle Management (RCM) Service,WARM
gov_contract,Data Analysis and Harmonization Services for the Alzheimer’s Disease Sequencing Project (ADSP),NATIONAL INSTITUTES OF HEALTH / NATIONAL INSTITUTES OF HEALTH OLAO,see solicitation,US (federal),2026-06-11,https://sam.gov/opp/b5c283f737fe4fcf977e7118e0e60b1c/view,,,SAM.gov Special Notice; respond by 2026-06-23,Data Analysis and Harmonization Services for the Alzheimer’s Disease Sequencing Project (A,WARM
remote_contract,Office Assistant,Coalition Technologies ,"$31,2k- $52k",Remote,2026-06-11,https://remotive.com/remote-jobs/marketing/office-assistant-1680495,,,Remotive API,Office Assistant,WARM
remote_contract,Quality Assurance Rater - German (Germany),TELUS Digital,see listing,Remote,2026-06-11,https://remotive.com/remote-jobs/all-others/quality-assurance-rater-german-germany-2090988,,,Remotive API,Quality Assurance Rater - German (Germany),WARM
remote_contract,Senior Data Scientist,Lemon.io,see listing,Remote,2026-06-11,https://remotive.com/remote-jobs/data/senior-data-scientist-2090982,,,Remotive API,Senior Data Scientist,WARM
gov_contract,Forensic Health Program,DEFENSE HEALTH AGENCY (DHA) / DHA ENTERPRISE MED SUPPORT EMS-CD,see solicitation,US (federal),2026-06-12,https://sam.gov/opp/3cc0990b07604094a36a76275335015d/view,,,SAM.gov Sources Sought; respond by 2026-06-23,Forensic Health Program,WARM
gov_contract,Software License Renewal - Lexis Nexis,"STATE, DEPARTMENT OF / ACQUISITIONS -  DIPLOMATIC SECURITY",see solicitation,US (federal),2026-06-12,https://sam.gov/opp/eef2297b0e1f4f2f87ee80d5b405d395/view,,,SAM.gov Sources Sought; respond by 2026-06-24,Software License Renewal - Lexis Nexis,WARM
gov_contract,Engineering Services for Physical Security Programs (PSP) and Defensive Equipment and Armored Vehicles (DEAV),"STATE, DEPARTMENT OF / ACQUISITIONS - AQM MOMENTUM",see solicitation,US (federal),2026-06-12,https://sam.gov/opp/4e1fbe72b15c48cc8ba71dca898a3cd0/view,,,SAM.gov Combined Synopsis/Solicitation; respond by 2026-06-22,Engineering Services for Physical Security Programs (PSP) and Defensive Equipment and Armo,WARM
gov_contract,SeaPort CNSP - Readiness Assistance Training Team (RATT) Support,NAVSUP FLC SAN DIEGO / NAVSUP FLT LOG CTR  SAN DIEGO,see solicitation,US (federal),2026-06-12,https://sam.gov/opp/13a9b22cf6dd4900a92a8ae8ec588552/view,,,SAM.gov Solicitation; respond by 2026-07-15,SeaPort CNSP - Readiness Assistance Training Team (RATT) Support,WARM
gov_contract,Robins AFB: Pre-solicitation Notice,AIR FORCE SUSTAINMENT CENTER / FA8501  OPL CONTRACTING AFSC/PZIO,see solicitation,US (federal),2026-06-12,https://sam.gov/opp/ce666d4a8a1a42fba7c6fa8901852680/view,,,SAM.gov Presolicitation; respond by 2026-06-27,Robins AFB: Pre-solicitation Notice,WARM
gov_contract,SeaPort 8(a) Set-Aside - Fixed Site Integration and Fielding Support Services,MARCOR SYSCOM / COMMANDER,see solicitation,US (federal),2026-06-12,https://sam.gov/opp/12c47afd723343619c6751f51e723cba/view,,,SAM.gov Solicitation; respond by 2026-07-17,SeaPort 8(a) Set-Aside - Fixed Site Integration and Fielding Support Services,WARM
gov_contract,Area of Interest (AOI): Cyber Resource and Engineering Workforce (CREW),SPAWAR HQ / NAVAL INFORMATION WARFARE SYSTEMS,see solicitation,US (federal),2026-06-12,https://sam.gov/opp/d71f8cf1696d402a8bfb602987e6c830/view,,,SAM.gov Solicitation; respond by 2026-07-02,Area of Interest (AOI): Cyber Resource and Engineering Workforce (CREW),WARM
gov_contract,Sources Sought for Robotic Solution to Modernize the ABMC’s Robotic Headstone Program,AMERICAN BATTLE MONUMENTS COMMISSION / ABMC,see solicitation,US (federal),2026-06-12,https://sam.gov/opp/ad8860c0987442cc8e8021d1a3f609f6/view,,,SAM.gov Sources Sought; respond by 2026-07-10,Sources Sought for Robotic Solution to Modernize the ABMC’s Robotic Headstone Program,WARM
gov_contract,Installation of Ground Diesel Monitoring Wells,INDIAN HEALTH SERVICE / NAVAJO AREA INDIAN HEALTH SVC,see solicitation,US (federal),2026-06-12,https://sam.gov/opp/e778b8110941420bbbd4c3f9cb7e4b37/view,,,SAM.gov Solicitation; respond by 2026-06-26,Installation of Ground Diesel Monitoring Wells,WARM
gov_contract,SOLE SOURCE- NEXT-GEN OPIR POLAR SOFTWARE DEPOT ACTIVATION GAP ANALYSIS,AIR FORCE SUSTAINMENT CENTER / FA8571  MAINT CONTRACTING AFSC PZIM,see solicitation,US (federal),2026-06-12,https://sam.gov/opp/a4be099cde2b4db6ac1460898c9d3f06/view,,,SAM.gov Solicitation; respond by 2026-07-13,SOLE SOURCE- NEXT-GEN OPIR POLAR SOFTWARE DEPOT ACTIVATION GAP ANALYSIS,WARM
gov_contract,"Re-issuance of canceled solicitation N0018926RB003, DUSN(M) ITD IT Related Services",NAVSUP FLC NORFOLK / NAVSUP FLT LOG CTR NORFOLK,see solicitation,US (federal),2026-06-12,https://sam.gov/opp/d95a3236ba544ce6976d1c0c74ef366e/view,,,SAM.gov Solicitation; respond by 2026-06-22,"Re-issuance of canceled solicitation N0018926RB003, DUSN(M) ITD IT Related Services",WARM
gov_contract,Digital Asset Management System for WeRemember.ABMC.gov and the Burial and Memorialization Electronic Directory,AMERICAN BATTLE MONUMENTS COMMISSION / ABMC,see solicitation,US (federal),2026-06-12,https://sam.gov/opp/81255fda6af44d3a86950f910edb0589/view,,,SAM.gov Sources Sought; respond by 2026-07-10,Digital Asset Management System for WeRemember.ABMC.gov and the Burial and Memorialization,WARM
remote_contract,Business Transformation Lead,Expion Health,$175k - $225k,Remote,2026-06-12,https://remotive.com/remote-jobs/artificial-intelligence/business-transformation-lead-2090881,,,Remotive API,Business Transformation Lead,WARM
remote_contract,Assistant Account Payable,The Obesity Society,see listing,Remote,2026-06-12,https://remotive.com/remote-jobs/medical/assistant-account-payable-2090989,,,Remotive API,Assistant Account Payable,WARM
remote_contract,Head of Engineering,Lemon.io,see listing,Remote,2026-06-12,https://remotive.com/remote-jobs/software-development/head-of-engineering-2090983,,,Remotive API,Head of Engineering,WARM
gov_contract,Zero Trust Encryption RFI,"VETERANS AFFAIRS, DEPARTMENT OF / 256-NETWORK CONTRACT OFFICE 16 (36C256)",see solicitation,US (federal),2026-06-13,https://sam.gov/opp/cefe37153fc54c809ca8274983691bb5/view,,,SAM.gov Sources Sought; respond by 2026-06-23,Zero Trust Encryption RFI,WARM
gov_contract,Request for Whitepapers: AEDC Velocity Alliance - A Multi-Billion Dollar OTA Consortium Opportunity,AIR FORCE TEST CENTER / FA9101  AEDC PKP   PROCRMNT BR,see solicitation,US (federal),2026-06-14,https://sam.gov/opp/57262bd94e83439face2b365ebbe0e4c/view,,,SAM.gov Solicitation; respond by 2030-09-30,Request for Whitepapers: AEDC Velocity Alliance - A Multi-Billion Dollar OTA Consortium Op,WARM
remote_contract,Tech Lead Full-Stack Rails Engineer,Mitre Media,$170k - $200k,Remote,2026-06-14,https://remotive.com/remote-jobs/software-development/tech-lead-full-stack-rails-engineer-2069746,,,Remotive API,Tech Lead Full-Stack Rails Engineer,WARM
gov_contract,RFQ for Engineering Support Services,NAVSUP FLC NORFOLK / NAVSUP FLT LOG CTR NORFOLK,see solicitation,US (federal),2026-06-15,https://sam.gov/opp/e19c2fe9b3a64e62942647a6d1a4dec3/view,,,SAM.gov Solicitation; respond by 2026-06-22,RFQ for Engineering Support Services,WARM
gov_contract,Digital non-mydriatic retinal camera suitable for color fundus imaging and Fundus  Autofluorescence (FAF)   Brand Name for Reference: Canon CR-2 Plus AF with RF Capture,"VETERANS AFFAIRS, DEPARTMENT OF / 244-NETWORK CONTRACT OFFICE 4 (36C244)",see solicitation,US (federal),2026-06-15,https://sam.gov/opp/c37f7dd922b94f0fb02dcdf66e65273f/view,,,SAM.gov Sources Sought; respond by 2026-06-22,Digital non-mydriatic retinal camera suitable for color fundus imaging and Fundus  Autoflu,WARM
gov_contract,"PM LOG-FIN: Ammunition, Logistics, Finance, and Personnel Modernization – Call for Solutions (LOGFIN26‑CFS‑001)",ACC RI / W6QK ACC-RI,see solicitation,US (federal),2026-06-15,https://sam.gov/opp/6b294efa87894d8b963bedb284f04c45/view,,,SAM.gov Combined Synopsis/Solicitation; respond by 2026-06-30,"PM LOG-FIN: Ammunition, Logistics, Finance, and Personnel Modernization – Call for Solutio",WARM
gov_contract,"Enterprise Artificial Intelligence Governance, Management, and Implementation Support","VETERANS AFFAIRS, DEPARTMENT OF / TECHNOLOGY ACQUISITION CENTER NJ (36C10B)",see solicitation,US (federal),2026-06-15,https://sam.gov/opp/55d40b7c67924675a02091d03f17b386/view,,,SAM.gov Sources Sought; respond by 2026-06-23,"Enterprise Artificial Intelligence Governance, Management, and Implementation Support",WARM
gov_contract,Amended Class Justification for Information Assurance/Mission Assurance and Life Cycle Management Program Integrated Data Environment (LCMP-IDE) in support of: United States Air Force (USAF) Air Force Materiel Command Air Force Lifecycle Management Center,GENERAL SERVICES ADMINISTRATION / FEDERAL ACQUISITION SERVICE,see solicitation,US (federal),2026-06-15,https://sam.gov/opp/67abed3e95d84c0288b41b991442c48b/view,,,SAM.gov Special Notice; respond by 2026-07-01,Amended Class Justification for Information Assurance/Mission Assurance and Life Cycle Man,WARM
gov_contract,DEVCOM INVENTORY SOFTWARE MANAGEMENT,ACC-APG / W6QK ACC-APG NATICK,see solicitation,US (federal),2026-06-15,https://sam.gov/opp/a9759a54db0644b5accaaef0de51e51e/view,,,SAM.gov Solicitation; respond by 2026-06-22,DEVCOM INVENTORY SOFTWARE MANAGEMENT,WARM
gov_contract,Ft Polk Printers Buyout,DEFENSE HEALTH AGENCY (DHA) / DEFENSE HEALTH AGENCY,see solicitation,US (federal),2026-06-15,https://sam.gov/opp/2077c45323054f5ca2c78d7fd1eafa65/view,,,SAM.gov Special Notice; respond by 2026-06-22,Ft Polk Printers Buyout,WARM
gov_contract,Bruker-Alicona InfiniteFocus Microscope System Software Upgrade,FOOD AND DRUG ADMINISTRATION / FDA OFFICE OF ACQ  GRANT SVCS,see solicitation,US (federal),2026-06-15,https://sam.gov/opp/0d065ef5912f45f7b58fdee193903ba0/view,,,SAM.gov Combined Synopsis/Solicitation; respond by 2026-06-30,Bruker-Alicona InfiniteFocus Microscope System Software Upgrade,WARM
gov_contract,Endpoint Security Event Management,DEFENSE INFORMATION SYSTEMS AGENCY (DISA) / IT CONTRACTING DIVISION - PL84,see solicitation,US (federal),2026-06-15,https://sam.gov/opp/f52068aef10344bfa8dd49699d7f97bf/view,,,SAM.gov Sources Sought; respond by 2026-06-29,Endpoint Security Event Management,WARM
gov_contract,NATO Business Opportunity: NATO Enterprise PBN Wireless LAN,"COMMERCE, DEPARTMENT OF / BUREAU OF INDUSTRY AND SECURITY",see solicitation,US (federal),2026-06-15,https://sam.gov/opp/24b219b3f4654fd49bc29a07c380b530/view,,,SAM.gov Special Notice; respond by 2026-07-14,NATO Business Opportunity: NATO Enterprise PBN Wireless LAN,WARM
gov_contract,Q702--Automation Onsite Administrator for Omnicell,"VETERANS AFFAIRS, DEPARTMENT OF / 260-NETWORK CONTRACT OFFICE 20 (36C260)",see solicitation,US (federal),2026-06-15,https://sam.gov/opp/e0e59fcce2654e9aa8fa29ff260da1a1/view,,,SAM.gov Combined Synopsis/Solicitation; respond by 2026-06-22,Q702--Automation Onsite Administrator for Omnicell,WARM
gov_contract,NATO Request for Information: Forensics Evidence Management (FEM) System,"COMMERCE, DEPARTMENT OF / BUREAU OF INDUSTRY AND SECURITY",see solicitation,US (federal),2026-06-15,https://sam.gov/opp/facab9a1608b4b59806dfe802cbd0d96/view,,,SAM.gov Special Notice; respond by 2026-07-06,NATO Request for Information: Forensics Evidence Management (FEM) System,WARM
gov_contract,Impedence Measurement Device (IMD),NAVSEA WARFARE CENTER / NSWC PHILADELPHIA DIV,see solicitation,US (federal),2026-06-15,https://sam.gov/opp/2925b5c87dbb40c08e9442d0c861a98d/view,,,SAM.gov Presolicitation; respond by 2026-06-30,Impedence Measurement Device (IMD),WARM
gov_contract,Marketplace for Acquisition of Professional Services (MAPS),DEPT OF THE ARMY / W6QK ACC-APG,see solicitation,US (federal),2026-06-15,https://sam.gov/opp/37cd792a5fcc4eacb7865079510fd4b8/view,,,SAM.gov Solicitation; respond by 2026-06-22,Marketplace for Acquisition of Professional Services (MAPS),WARM
gov_contract,WASP Systems Engineering,NAVAIR HQS / NAVAL AIR SYSTEMS COMMAND,see solicitation,US (federal),2026-06-15,https://sam.gov/opp/134bbffbb2a14a319e44206e050e4092/view,,,SAM.gov Presolicitation; respond by 2026-06-30,WASP Systems Engineering,WARM
gov_contract,Seaport NxG - Tactical Data Link (TDL) Capabilities Based In-Service Engineering Agent (CB-ISEA),SPAWAR PACIFIC / NIWC PACIFIC,see solicitation,US (federal),2026-06-15,https://sam.gov/opp/cc7f3249d64d4268b2984a2ec68747bf/view,,,SAM.gov Solicitation; respond by 2026-07-20,Seaport NxG - Tactical Data Link (TDL) Capabilities Based In-Service Engineering Agent (CB,WARM
gov_contract,Alaska Range Combat Training Integrated Communications and Support (ARCTICS) II - Draft CLIN Structure,PACIFIC AIR FORCES / FA5215  766 ESS PKP,see solicitation,US (federal),2026-06-15,https://sam.gov/opp/a03b5b985cfe4d3aab5e9afb87035c82/view,,,SAM.gov Sources Sought; respond by 2026-06-30,Alaska Range Combat Training Integrated Communications and Support (ARCTICS) II - Draft CL,WARM
gov_contract,Licenses for Flownex Simulation Environment,"ENERGY, DEPARTMENT OF / ORNL UT-BATTELLE LLC-DOE CONTRACTOR",see solicitation,US (federal),2026-06-15,https://sam.gov/opp/db4c288e2f1a4769b7ae07869ab0c063/view,,,SAM.gov Solicitation; respond by 2026-06-22,Licenses for Flownex Simulation Environment,WARM
gov_contract,ORCHESTRA Commercial Solutions Opportunities Commercial Services for Instrumentation Management Office (IMO),ACC-ORL / W6QK ACC-ORLANDO,see solicitation,US (federal),2026-06-15,https://sam.gov/opp/58390a8ddb5f4cf8b9b65a7a356c6561/view,,,SAM.gov Sources Sought; respond by 2026-06-26,ORCHESTRA Commercial Solutions Opportunities Commercial Services for Instrumentation Manag,WARM
gov_contract,Engineering Support Services ID/IQ,FOREST SERVICE / INCIDENT PROCUREMENT AVIATION BRANCH,see solicitation,US (federal),2026-06-15,https://sam.gov/opp/717a4a2218ed4b3aae10615a23e963d9/view,,,SAM.gov Combined Synopsis/Solicitation; respond by 2026-07-06,Engineering Support Services ID/IQ,WARM
gov_contract,Market Survey to Support the Shore Submarine Communications Systems (SSCS) - REVISION,SPAWAR LANT / NIWC ATLANTIC,see solicitation,US (federal),2026-06-15,https://sam.gov/opp/330c1515cc1b49e6aafb211db3dfb54f/view,,,SAM.gov Sources Sought; respond by 2026-06-23,Market Survey to Support the Shore Submarine Communications Systems (SSCS) - REVISION,WARM
gov_contract,"Command and Control, Intelligence, Surveillance, and Reconnaissance (C2ISR) Staff Support",AMIC / FA4890  HQ ACC AMIC,see solicitation,US (federal),2026-06-15,https://sam.gov/opp/0f8a0940d1d543a1aaacbecbcdef74b7/view,,,SAM.gov Sources Sought; respond by 2026-06-30,"Command and Control, Intelligence, Surveillance, and Reconnaissance (C2ISR) Staff Support",WARM
gov_contract,Enterprise Cloud Services,NAVSUP FLC NORFOLK / NAVSUP FLT LOG CTR NORFOLK,see solicitation,US (federal),2026-06-15,https://sam.gov/opp/882be28057274bcb899ce032a13d33db/view,,,SAM.gov Presolicitation; respond by 2026-06-30,Enterprise Cloud Services,WARM
gov_contract,INL_RFQ-PR15775950 INTERNET SERVICE GCO,"STATE, DEPARTMENT OF / AMERICAN EMBASSY BOGOTA - NAS",see solicitation,US (federal),2026-06-15,https://sam.gov/opp/055e57d27b354f89a7be32ef23e62b23/view,,,SAM.gov Combined Synopsis/Solicitation; respond by 2026-06-25,INL_RFQ-PR15775950 INTERNET SERVICE GCO,WARM
gov_contract,m+p International Software Maintenance Renewal,NATIONAL AERONAUTICS AND SPACE ADMINISTRATION / NASA SHARED SERVICES CENTER,see solicitation,US (federal),2026-06-16,https://sam.gov/opp/52d3bf99a9684f13925c9c80c9ae2ebc/view,,,SAM.gov Combined Synopsis/Solicitation; respond by 2026-06-22,m+p International Software Maintenance Renewal,WARM
gov_contract,USMC Education Command Information Technology Support Services (EDCOM ITSS),MCINCR / COMMANDER,see solicitation,US (federal),2026-06-16,https://sam.gov/opp/404ce0453b274410ae807ac1e8c21b48/view,,,SAM.gov Sources Sought; respond by 2026-07-14,USMC Education Command Information Technology Support Services (EDCOM ITSS),WARM
gov_contract,Symphony OpsVue Software Licenses,NATIONAL TRANSPORTATION SAFETY BOARD,see solicitation,US (federal),2026-06-16,https://sam.gov/opp/a8678b201fe4445ea6979fb0e93f17db/view,,,SAM.gov Special Notice; respond by 2026-06-30,Symphony OpsVue Software Licenses,WARM
gov_contract,Sage 300 Technical Services,CENTERS FOR DISEASE CONTROL AND PREVENTION / CDC OFFICE OF ACQUISITION SERVICES,see solicitation,US (federal),2026-06-16,https://sam.gov/opp/3f792cad2d4d46ec990b0385f875d591/view,,,SAM.gov Presolicitation; respond by 2026-07-01,Sage 300 Technical Services,WARM
gov_contract,IT MANAGED SERVICE PROVIDER,UNITED STATES HOLOCAUST MEMORIAL MUSEUM / USHMM PROCUREMENT DIVISION,see solicitation,US (federal),2026-06-16,https://sam.gov/opp/ea4a99efef0b43bab30ad55e77464ea4/view,,,SAM.gov Solicitation; respond by 2026-06-24,IT MANAGED SERVICE PROVIDER,WARM
gov_contract,VTSCADA with Support Plus,MCIEAST / COMMANDING GENERAL,see solicitation,US (federal),2026-06-16,https://sam.gov/opp/fcb6a2e81c3845b781af5ccd157e3f13/view,,,SAM.gov Solicitation; respond by 2026-06-26,VTSCADA with Support Plus,WARM
gov_contract,NOAA Fisheries Special Notice of Intent to a Single Source-Echoview Software Maintenance,NATIONAL OCEANIC AND ATMOSPHERIC ADMINISTRATION / DEPT OF COMMERCE NOAA,see solicitation,US (federal),2026-06-16,https://sam.gov/opp/0d771ee0a50f487aa04bdf863b3224c5/view,,,SAM.gov Special Notice; respond by 2026-07-01,NOAA Fisheries Special Notice of Intent to a Single Source-Echoview Software Maintenance,WARM
gov_contract,"Image Processing, Modeling and Simulation Software",FOOD AND DRUG ADMINISTRATION / FDA CENTER FOR DRUG EVALUATION AND RESEARCH,see solicitation,US (federal),2026-06-16,https://sam.gov/opp/5f5a510499cf47aea19489d7d3dbac48/view,,,SAM.gov Solicitation; respond by 2026-06-23,"Image Processing, Modeling and Simulation Software",WARM
gov_contract,SOLE SOURCE NOTIFICATION: ViaSat Inc. Mark XIIB IFF Test Set SW Subscriptions,NAVAIR NAWC AD / NAVAL AIR WARFARE CENTER AIR DIV,see solicitation,US (federal),2026-06-16,https://sam.gov/opp/937f1f8079494bf1ab7aa72408a510d6/view,,,SAM.gov Combined Synopsis/Solicitation; respond by 2026-06-22,SOLE SOURCE NOTIFICATION: ViaSat Inc. Mark XIIB IFF Test Set SW Subscriptions,WARM
gov_contract,IL4 Storage & Wireless,AIR COMBAT COMMAND / FA4861  99 CONS LGC,see solicitation,US (federal),2026-06-16,https://sam.gov/opp/b07ea43f7f1a4bce877f63d4929e15b7/view,,,SAM.gov Sources Sought; respond by 2026-06-23,IL4 Storage & Wireless,WARM
gov_contract,Polyworks Renewal 2026,AIR FORCE TEST CENTER / FA9101  AEDC PKP   PROCRMNT BR,see solicitation,US (federal),2026-06-16,https://sam.gov/opp/b6ad8df56df54c21ae107732279678d9/view,,,SAM.gov Combined Synopsis/Solicitation; respond by 2026-07-06,Polyworks Renewal 2026,WARM
gov_contract,CrowdStrike Subscription for the FDIC,FEDERAL DEPOSIT INSURANCE CORPORATION / FEDERAL DEPOSIT INSURANCE CORPORATION,see solicitation,US (federal),2026-06-16,https://sam.gov/opp/1b9753c16ab6419e806954d3b6082c37/view,,,SAM.gov Solicitation; respond by 2026-06-23,CrowdStrike Subscription for the FDIC,WARM
gov_contract,Printer/Scanner/Copier plus three Option Years for extended maintenance and service IHS Mescalero Service,OFFICE OF THE ASSISTANT SECRETARY FOR ADMINISTRATION (ASA) / PROGRAM SUPPORT CENTER ACQ MGMT SVC,see solicitation,US (federal),2026-06-16,https://sam.gov/opp/7f166d5c0adf460482aaeeb32b485a60/view,,,SAM.gov Sources Sought; respond by 2026-06-26,Printer/Scanner/Copier plus three Option Years for extended maintenance and service IHS Me,WARM
gov_contract,ServiceNow_IHS1527016,OFFICE OF THE ASSISTANT SECRETARY FOR ADMINISTRATION (ASA) / PROGRAM SUPPORT CENTER ACQ MGMT SVC,see solicitation,US (federal),2026-06-16,https://sam.gov/opp/a8a55f5af0084be6a15c48b1cca91af5/view,,,SAM.gov Sources Sought; respond by 2026-06-30,ServiceNow_IHS1527016,WARM
gov_contract,National Instruments Equipment,NAVSEA WARFARE CENTER / NSWC CARDEROCK,see solicitation,US (federal),2026-06-16,https://sam.gov/opp/65e8779b766f45278a46f449bba03f52/view,,,SAM.gov Combined Synopsis/Solicitation; respond by 2026-06-23,National Instruments Equipment,WARM
gov_contract,"Ansys Government Initiatives, Systems Tool Kits",AIR FORCE LIFE CYCLE MANAGEMENT CENTER / FA8604  AFLCMC PZI,see solicitation,US (federal),2026-06-16,https://sam.gov/opp/ed51dc7d693b4818948095f3d89c0d73/view,,,SAM.gov Presolicitation; respond by 2026-06-23,"Ansys Government Initiatives, Systems Tool Kits",WARM
gov_contract,J6 Program Management Office Support Services,U.S. SPECIAL OPERATIONS COMMAND (USSOCOM) / HQ USSOCOM,see solicitation,US (federal),2026-06-16,https://sam.gov/opp/0fb6a12bdb264b909c30de709eee1591/view,,,SAM.gov Solicitation; respond by 2026-07-08,J6 Program Management Office Support Services,WARM
gov_contract,Commercial Solutions Opening (CSO) PEO-SDA,U.S. SPECIAL OPERATIONS COMMAND (USSOCOM) / HQ USSOCOM,see solicitation,US (federal),2026-06-16,https://sam.gov/opp/8a75a70fc12640c182b1d4e5c7ea8dee/view,,,SAM.gov Special Notice; respond by 2026-12-01,Commercial Solutions Opening (CSO) PEO-SDA,WARM
gov_contract,MAMMOTH-CSO,NATIONAL GEOSPATIAL-INTELLIGENCE AGENCY (NGA) / ATTN: MS S84 - OCS,see solicitation,US (federal),2026-06-16,https://sam.gov/opp/03f95f31ab4848019f154a6ce7425d19/view,,,SAM.gov Solicitation; respond by 2026-06-26,MAMMOTH-CSO,WARM
gov_contract,DoW ESI Business Website Development Support,SPAWAR PACIFIC / NIWC PACIFIC,see solicitation,US (federal),2026-06-16,https://sam.gov/opp/dde2f263797e4491a69301d88a9e32a4/view,,,SAM.gov Solicitation; respond by 2026-06-22,DoW ESI Business Website Development Support,WARM
gov_contract,Command & Control Experimentation (C2X) and Modernization Software Engineering Services for Future Naval Operations_*SEAPORT CONTRACT HOLDERS ONLY,SPAWAR PACIFIC / NIWC PACIFIC,see solicitation,US (federal),2026-06-16,https://sam.gov/opp/df629dc46ebb49fb8f53d905ab2dbe0e/view,,,SAM.gov Solicitation; respond by 2026-06-29,Command & Control Experimentation (C2X) and Modernization Software Engineering Services fo,WARM
gov_contract,PAC-3 Guidance Processor Unit Redesign (GPUR) Seeker Block V(SBV) Flight Test Support,ACC RSA / W6QK ACC-RSA,see solicitation,US (federal),2026-06-16,https://sam.gov/opp/6f9a5df8aff34487a4e3e404ccb39974/view,,,SAM.gov Presolicitation; respond by 2026-07-01,PAC-3 Guidance Processor Unit Redesign (GPUR) Seeker Block V(SBV) Flight Test Support,WARM
gov_contract,Advance Notice: N66604-26-R-3000 Code 25 CANES Tactical Networks,NAVSEA WARFARE CENTER / NUWC DIV NEWPORT,see solicitation,US (federal),2026-06-16,https://sam.gov/opp/d4f80567f5064e85b2313aaf461950d4/view,,,SAM.gov Solicitation; respond by 2026-07-30,Advance Notice: N66604-26-R-3000 Code 25 CANES Tactical Networks,WARM
gov_contract,Combat Coder Site Support,DIGITAL / FA8527  AFLCMC HBKB,see solicitation,US (federal),2026-06-16,https://sam.gov/opp/4d1ff3572d6241fa9c220e62ab8db9eb/view,,,SAM.gov Sources Sought; respond by 2026-07-16,Combat Coder Site Support,WARM
gov_contract,Mission Module Engineering and Technical Support,NAVSEA WARFARE CENTER / NAVAL SURFACE WARFARE CENTER,see solicitation,US (federal),2026-06-16,https://sam.gov/opp/2f0b9b10303140318f9a28f1473ca685/view,,,SAM.gov Presolicitation; respond by 2026-07-02,Mission Module Engineering and Technical Support,WARM
gov_contract,Obsolescence Engineering Services,NAVSEA WARFARE CENTER / NSWC PHILADELPHIA DIV,see solicitation,US (federal),2026-06-16,https://sam.gov/opp/b0757075290341d49865077673277aa8/view,,,SAM.gov Special Notice; respond by 2026-06-30,Obsolescence Engineering Services,WARM
gov_contract,Joint Base Langley- Eustis (JBLE) Architect -Engineer (A-E) Services IDIQ Contract,AIR COMBAT COMMAND / FA4800  633 CONS PKP,see solicitation,US (federal),2026-06-16,https://sam.gov/opp/4df607c38d5f4760885e462ec3c1c7ea/view,,,SAM.gov Sources Sought; respond by 2026-07-13,Joint Base Langley- Eustis (JBLE) Architect -Engineer (A-E) Services IDIQ Contract,WARM
gov_contract,GSA OASIS 8(a) - PIER Fiber Maintenance,NAVSUP FLC NORFOLK / NAVSUP FLT LOG CTR NORFOLK,see solicitation,US (federal),2026-06-16,https://sam.gov/opp/d3cdfebaa38c4a6f9421f3095fe3d560/view,,,SAM.gov Solicitation; respond by 2026-06-29,GSA OASIS 8(a) - PIER Fiber Maintenance,WARM
gov_contract,Aerospace Systems Technical Research & Operations Support Services II (ASTROS II),AIR FORCE TEST CENTER / FA9300 AFTC PZR,see solicitation,US (federal),2026-06-16,https://sam.gov/opp/382b028cc2694f5c99ced6bb5255dbb6/view,,,SAM.gov Sources Sought; respond by 2026-06-25,Aerospace Systems Technical Research & Operations Support Services II (ASTROS II),WARM
gov_contract,"Mine Warfare (MIW) and Surface Mine Countermeasures (SMCM) Design Agent (DA), Technical Direction Agent (TDA), In-Service Engineering Agent (ISEA), and Foreign Military Sales (FMS)",NAVSEA WARFARE CENTER / NAVAL SURFACE WARFARE CENTER,see solicitation,US (federal),2026-06-16,https://sam.gov/opp/2b01d1db486d440db923601ed68f1b00/view,,,SAM.gov Presolicitation; respond by 2026-06-25,"Mine Warfare (MIW) and Surface Mine Countermeasures (SMCM) Design Agent (DA), Technical Di",WARM
gov_contract,SBTC Training and Logistics Support,NAVSUP FLC NORFOLK / NAVSUP FLT LOG CTR NORFOLK,see solicitation,US (federal),2026-06-16,https://sam.gov/opp/79db1be41a4342e6a737bf79a5041e29/view,,,SAM.gov Solicitation; respond by 2026-07-02,SBTC Training and Logistics Support,WARM
gov_contract,CPE ST3 Professional Services,ACC-ORL / W6QK ACC-ORLANDO,see solicitation,US (federal),2026-06-16,https://sam.gov/opp/a4e5bab5274e40a6b1ac3a604b3028d7/view,,,SAM.gov Presolicitation; respond by 2026-07-06,CPE ST3 Professional Services,WARM
gov_contract,"Notice of Intent to Sole Source - Title: Aviation Software Licenses for Military Flight Dispatch and Integrated Navigation Data (INDS) Services for C-37A/B & C-39A Aircraft (Jeppesen ForeFlight, Inc.)","HOMELAND SECURITY, DEPARTMENT OF / U.S. COAST GUARD",see solicitation,US (federal),2026-06-16,https://sam.gov/opp/95a9a11bcd91481786ca1abfd41e97ad/view,,,SAM.gov Special Notice; respond by 2026-06-30,Notice of Intent to Sole Source - Title: Aviation Software Licenses for Military Flight Di,WARM
gov_contract,ID Scanners,"HOMELAND SECURITY, DEPARTMENT OF",see solicitation,US (federal),2026-06-16,https://sam.gov/opp/fe0f604bc142417a83e9681cddeb77ee/view,,,SAM.gov Special Notice; respond by 2026-06-23,ID Scanners,WARM
gov_contract,"Freshworks Licenses, Implementation, and Maintenance",AMERICAN BATTLE MONUMENTS COMMISSION / ABMC,see solicitation,US (federal),2026-06-16,https://sam.gov/opp/3d0758059c40490c8b68bfb2697007e1/view,,,SAM.gov Combined Synopsis/Solicitation; respond by 2026-07-11,"Freshworks Licenses, Implementation, and Maintenance",WARM
gov_contract,"Notice of Intent to Sole Source – Title: Military Flight Dispatch & Integrated Navigation Data (INDS) - JEPPESEN FOREFLIGHT, INC.","HOMELAND SECURITY, DEPARTMENT OF / U.S. COAST GUARD",see solicitation,US (federal),2026-06-16,https://sam.gov/opp/1965092d0fac449880d53d7e732b5035/view,,,SAM.gov Special Notice; respond by 2026-06-30,Notice of Intent to Sole Source – Title: Military Flight Dispatch & Integrated Navigation ,WARM
gov_contract,DA10--VA Enterprise Cloud Brokerage Service VA-27-00000536,"VETERANS AFFAIRS, DEPARTMENT OF / TECHNOLOGY ACQUISITION CENTER NJ (36C10B)",see solicitation,US (federal),2026-06-16,https://sam.gov/opp/29780d1b99444d7fa51af3bf5aedc12d/view,,,SAM.gov Sources Sought; respond by 2026-06-29,DA10--VA Enterprise Cloud Brokerage Service VA-27-00000536,WARM
remote_contract,Senior Independent AI Engineer / Architect,A.Team,$120 - $170 /hour,Remote,2026-06-16,https://remotive.com/remote-jobs/software-development/senior-independent-ai-engineer-architect-1919266,,,Remotive API,Senior Independent AI Engineer / Architect,WARM
remote_contract,Senior Independent Software Developer,A.Team,$90 - $150 /hour,Remote,2026-06-16,https://remotive.com/remote-jobs/software-development/senior-independent-software-developer-1919265,,,Remotive API,Senior Independent Software Developer,WARM
remote_contract,Frontend Developer,Quinncia Inc,$20k – $35k • No equity,Remote,2026-06-16,https://remotive.com/remote-jobs/software-development/frontend-developer-2090991,,,Remotive API,Frontend Developer,WARM
gov_contract,Services for Technology Engineering and Knowledge Management Modernization (STEaKMM),DEFENSE INFORMATION SYSTEMS AGENCY (DISA) / DEFENSE INFORMATION SYSTEMS AGENCY,see solicitation,US (federal),2026-06-17,https://sam.gov/opp/789dfabfc5bf42139bbcc6e1543b04b9/view,,,SAM.gov Sources Sought; respond by 2026-07-01,Services for Technology Engineering and Knowledge Management Modernization (STEaKMM),WARM
gov_contract,FDIC Acquisition System Next Generation (AS-NG),FEDERAL DEPOSIT INSURANCE CORPORATION / FEDERAL DEPOSIT INSURANCE CORPORATION,see solicitation,US (federal),2026-06-17,https://sam.gov/opp/d7c0270384804f28a038fa729a77eebd/view,,,SAM.gov Solicitation; respond by 2026-07-01,FDIC Acquisition System Next Generation (AS-NG),WARM
gov_contract,D--Notice of Intent to Sole Source for SAMOS,NATIONAL OCEANIC AND ATMOSPHERIC ADMINISTRATION / DEPT OF COMMERCE NOAA,see solicitation,US (federal),2026-06-17,https://sam.gov/opp/4cde22ae380d4af29e983f9866467510/view,,,SAM.gov Special Notice; respond by 2026-06-29,D--Notice of Intent to Sole Source for SAMOS,WARM
gov_contract,"R499--PTSD-SPECIFIC UX, DESIGN, TESTING, AND CONTENT DEVELOPMENT  FOR MOBILE APPS","VETERANS AFFAIRS, DEPARTMENT OF / TECHNOLOGY ACQUISITION CENTER NJ (36C10B)",see solicitation,US (federal),2026-06-17,https://sam.gov/opp/7b147cbaf92b479aadfe331aa988f093/view,,,SAM.gov Sources Sought; respond by 2026-06-23,"R499--PTSD-SPECIFIC UX, DESIGN, TESTING, AND CONTENT DEVELOPMENT  FOR MOBILE APPS",WARM
gov_contract,D--PINGMapper Python Programming Services,US GEOLOGICAL SURVEY / OFFICE OF ACQUISITON  GRANTS,see solicitation,US (federal),2026-06-17,https://sam.gov/opp/c08118a42b6640d282f552f0954eb25d/view,,,SAM.gov Combined Synopsis/Solicitation; respond by 2026-06-22,D--PINGMapper Python Programming Services,WARM
gov_contract,Joint Clothing and Textile Modernization Initiative (JCTMI),ACC-APG / W6QK ACC-APG,see solicitation,US (federal),2026-06-17,https://sam.gov/opp/d405ddef3966419395a30e38bf7767a7/view,,,SAM.gov Combined Synopsis/Solicitation; respond by 2026-07-10,Joint Clothing and Textile Modernization Initiative (JCTMI),WARM
gov_contract,UPGRADE OF D3 TO D4 ON ZEBRA PRINTERS,,see solicitation,US (federal),2026-06-17,https://sam.gov/opp/ce175cc400d64261ba133eeb88df2359/view,,,SAM.gov Sources Sought; respond by 2026-06-22,UPGRADE OF D3 TO D4 ON ZEBRA PRINTERS,WARM
gov_contract,IDEA Data Analysis Software Acquisition,DEFENSE INTELLIGENCE AGENCY (DIA) / VIRGINIA CONTRACTING ACTIVITY,see solicitation,US (federal),2026-06-17,https://sam.gov/opp/683e027605264da8aef20222ceb1b57d/view,,,SAM.gov Solicitation; respond by 2026-07-02,IDEA Data Analysis Software Acquisition,WARM
gov_contract,Solicitation Notice - Recreation Permitting & Tran,"U.S. FISH AND WILDLIFE SERVICE / FWS, IT SERVICES",see solicitation,US (federal),2026-06-17,https://sam.gov/opp/4a7101228c1b4ab9ae56ddb81ee202a1/view,,,SAM.gov Solicitation; respond by 2026-07-08,Solicitation Notice - Recreation Permitting & Tran,WARM
gov_contract,DA01--Software maintenance and support of MyPath tools,"VETERANS AFFAIRS, DEPARTMENT OF / 260-NETWORK CONTRACT OFFICE 20 (36C260)",see solicitation,US (federal),2026-06-17,https://sam.gov/opp/e933adc6e57a4efca6518e51ffb3fc57/view,,,SAM.gov Combined Synopsis/Solicitation; respond by 2026-07-15,DA01--Software maintenance and support of MyPath tools,WARM
gov_contract,DA10--Alaris Software Management Service  NIHCS,"VETERANS AFFAIRS, DEPARTMENT OF / 250-NETWORK CONTRACT OFFICE 10 (36C250)",see solicitation,US (federal),2026-06-17,https://sam.gov/opp/4163f05eb88d4372a8602b89a3ec0380/view,,,SAM.gov Sources Sought; respond by 2026-06-26,DA10--Alaris Software Management Service  NIHCS,WARM
gov_contract,ENTERPRISE IT SUPPORT,FDO SAM HOUSTON / W6QM MICC-FDO FT SAM HOUSTON,see solicitation,US (federal),2026-06-17,https://sam.gov/opp/1ca7bebef60a4579a3ee2aa5fd9e01b6/view,,,SAM.gov Sources Sought; respond by 2026-07-16,ENTERPRISE IT SUPPORT,WARM
gov_contract,FY26 Nutritional Biochemistry Laboratory Maintenance Renewal,NATIONAL AERONAUTICS AND SPACE ADMINISTRATION / NASA SHARED SERVICES CENTER,see solicitation,US (federal),2026-06-17,https://sam.gov/opp/0c67dee7c58e48ebac21b310ab94abf8/view,,,SAM.gov Combined Synopsis/Solicitation; respond by 2026-06-23,FY26 Nutritional Biochemistry Laboratory Maintenance Renewal,WARM
gov_contract,Notice of Intent,NAVFAC ATLANTIC CMD / NAVFACSYSCOM ATLANTIC,see solicitation,US (federal),2026-06-17,https://sam.gov/opp/5d7255ce87fa4f2a81966358dd74fe76/view,,,SAM.gov Special Notice; respond by 2026-06-24,Notice of Intent,WARM
gov_contract,Next Generation (NextGen) Passport Personalization Printers Support,"STATE, DEPARTMENT OF / ACQUISITIONS - AQM MOMENTUM",see solicitation,US (federal),2026-06-17,https://sam.gov/opp/1c6665dceb7d4834b9550e5dc0819024/view,,,SAM.gov Solicitation; respond by 2026-07-20,Next Generation (NextGen) Passport Personalization Printers Support,WARM
gov_contract,Microsoft Unified Defense Language Institute Foreign Language Center (DLIFLC),FDO EUSTIS / W6QM MICC-FDO FT EUSTIS,see solicitation,US (federal),2026-06-17,https://sam.gov/opp/802304c0210a4915bc026b89e953f6c6/view,,,SAM.gov Combined Synopsis/Solicitation; respond by 2026-06-26,Microsoft Unified Defense Language Institute Foreign Language Center (DLIFLC),WARM
gov_contract,DoS Dermatology Specific Virtual Reference,"STATE, DEPARTMENT OF / ACQUISITIONS - AQM MOMENTUM",see solicitation,US (federal),2026-06-17,https://sam.gov/opp/b0e10bce21054f748d7e1a1a60872a74/view,,,SAM.gov Sources Sought; respond by 2026-07-01,DoS Dermatology Specific Virtual Reference,WARM
gov_contract,Destruction Cart,JOINT BASE SAN ANTONIO / FA3016  502 CONS CL,see solicitation,US (federal),2026-06-17,https://sam.gov/opp/c98a152f6671405b98a3fdd0fdfbf41a/view,,,SAM.gov Solicitation; respond by 2026-06-26,Destruction Cart,WARM
gov_contract,Ellsworth Junos Training,AIR FORCE GLOBAL STRIKE COMMAND / FA4690  28 CONS PKC,see solicitation,US (federal),2026-06-17,https://sam.gov/opp/cfad7d23da4044d7a02f7a377ed8d22f/view,,,SAM.gov Solicitation; respond by 2026-06-23,Ellsworth Junos Training,WARM
gov_contract,GovTA COTS  - Timekeeping Software Solution with Minimal Customization,"STATE, DEPARTMENT OF / ACQUISITIONS - AQM MOMENTUM",see solicitation,US (federal),2026-06-17,https://sam.gov/opp/b186a71e5f6f4a1790a6a9fcebd93aa0/view,,,SAM.gov Sources Sought; respond by 2026-06-26,GovTA COTS  - Timekeeping Software Solution with Minimal Customization,WARM
gov_contract,CASU TECHNICAL AND PROGRAM SUPPORT SERVICES FOR THE BASE REALIGNMENT AND CLOSURE PROGRAM MANAGEMENT OFFICE (BRAC PMO),NAVFAC SOUTHWEST SW / NAVFACSYSCOM SOUTHWEST,see solicitation,US (federal),2026-06-17,https://sam.gov/opp/2e0cfd3252cd442b90899bcd93133b02/view,,,SAM.gov Combined Synopsis/Solicitation; respond by 2026-06-22,CASU TECHNICAL AND PROGRAM SUPPORT SERVICES FOR THE BASE REALIGNMENT AND CLOSURE PROGRAM M,WARM
gov_contract,"N6449826R3104 - SeaPort-NXG, 60 HZ Shipboard Electrical Systems Engineering Services",NAVSEA WARFARE CENTER / NSWC PHILADELPHIA DIV,see solicitation,US (federal),2026-06-17,https://sam.gov/opp/f9b62dc44190475c98f5043651fbf3d1/view,,,SAM.gov Solicitation; respond by 2026-07-21,"N6449826R3104 - SeaPort-NXG, 60 HZ Shipboard Electrical Systems Engineering Services",WARM
gov_contract,Aerospace Systems Technical Research & Operations Support Services II (ASTROS II),AIR FORCE TEST CENTER / FA9300 AFTC PZR,see solicitation,US (federal),2026-06-17,https://sam.gov/opp/6512f73c3096437fa6f37b065a5008e4/view,,,SAM.gov Sources Sought; respond by 2026-07-08,Aerospace Systems Technical Research & Operations Support Services II (ASTROS II),WARM
gov_contract,Continued engineering support services for SSNX SubVALUE taskers.,NAVSEA WARFARE CENTER / NSWC CARDEROCK,see solicitation,US (federal),2026-06-17,https://sam.gov/opp/4db056efc01347ebb95dec909915ffb8/view,,,SAM.gov Presolicitation; respond by 2026-06-23,Continued engineering support services for SSNX SubVALUE taskers.,WARM
gov_contract,U-2 ASQ-230 Sustainment and Support,"INTELLIGENCE, SURVEILLANCE, RECONNAISSANCE / FA8528  AFLCMC WIKA",see solicitation,US (federal),2026-06-17,https://sam.gov/opp/b40e7c5ae3344581bf217048c298de41/view,,,SAM.gov Sources Sought; respond by 2026-07-01,U-2 ASQ-230 Sustainment and Support,WARM
gov_contract,Tinker Base Engineering Support Services (TBESS) Sources Sought,AIR FORCE SUSTAINMENT CENTER / FA8137  AFSC PZIOC,see solicitation,US (federal),2026-06-17,https://sam.gov/opp/bd0d1bbe4640441198a46994eb5a0806/view,,,SAM.gov Sources Sought; respond by 2026-06-30,Tinker Base Engineering Support Services (TBESS) Sources Sought,WARM
gov_contract,Utility Master Plan,"ENERGY, DEPARTMENT OF / BROOKHAVEN NATL LAB -DOE CONTRACTOR",see solicitation,US (federal),2026-06-17,https://sam.gov/opp/06d2c349747e43ddb216a506bb344092/view,,,SAM.gov Solicitation; respond by 2026-07-09,Utility Master Plan,WARM
gov_contract,Navigational Database (NavDB),MOBILITY AIRCRAFT / FA8504  AFLCMC WLNKA,see solicitation,US (federal),2026-06-17,https://sam.gov/opp/7478e325cdb342eeafb8926e4c8fa3d5/view,,,SAM.gov Combined Synopsis/Solicitation; respond by 2026-07-17,Navigational Database (NavDB),WARM
gov_contract,EGYN211002 Repair Electrical Transformers B820 B830 (A/E) & EGYN261004 Repair Wastewater Pond Liner F760 (A/E) at Cavalier Space Force Station,AIR COMBAT COMMAND / FA4659  319 CONS PK,see solicitation,US (federal),2026-06-17,https://sam.gov/opp/077ae9e9eafe4e31bbbd4f087a80ff1c/view,,,SAM.gov Presolicitation; respond by 2026-06-26,EGYN211002 Repair Electrical Transformers B820 B830 (A/E) & EGYN261004 Repair Wastewater P,WARM
gov_contract,Ultrasonic Side Scan Testing Services,U.S. COAST GUARD / SFLC PROCUREMENT BRANCH 3(00040),see solicitation,US (federal),2026-06-17,https://sam.gov/opp/f7cd0d4005ad4e6392f7ea371fb6f3a0/view,,,SAM.gov Solicitation; respond by 2026-06-22,Ultrasonic Side Scan Testing Services,WARM
gov_contract,"Former Nebraska Ordnance Plant (FNOP) near Mead, NE, SATOC Synopsis",NWD / W071 ENDIST KANSAS CITY,see solicitation,US (federal),2026-06-17,https://sam.gov/opp/95d8c3ad6643487ab5f3a02116b9deb6/view,,,SAM.gov Solicitation; respond by 2026-07-02,"Former Nebraska Ordnance Plant (FNOP) near Mead, NE, SATOC Synopsis",WARM
gov_contract,"Former Nebraska Ordnance Plant (FNOP) near Mead, NE, SATOC Synopsis",NWD / W071 ENDIST KANSAS CITY,see solicitation,US (federal),2026-06-17,https://sam.gov/opp/71bf2bb0eb3d4b9fae37d3cca2183516/view,,,SAM.gov Special Notice; respond by 2026-07-02,"Former Nebraska Ordnance Plant (FNOP) near Mead, NE, SATOC Synopsis",WARM
gov_contract,Architect-Engineer (A-E) Services IDIQ for Offutt AFB,AIR COMBAT COMMAND / FA4600  55 CONS  PKP,see solicitation,US (federal),2026-06-17,https://sam.gov/opp/d4b20fe983e3483fad3c2d3111ccd5cf/view,,,SAM.gov Combined Synopsis/Solicitation; respond by 2026-06-25,Architect-Engineer (A-E) Services IDIQ for Offutt AFB,WARM
gov_contract,Engineering Technical Support Services to Support Parametric Ship Hull Modeling in Rhinoceros Software,U.S. COAST GUARD / HQ CONTRACT OPERATIONS (CG-912)(000,see solicitation,US (federal),2026-06-17,https://sam.gov/opp/7437487df5e248c6868374b1d95c27b9/view,,,SAM.gov Solicitation; respond by 2026-07-07,Engineering Technical Support Services to Support Parametric Ship Hull Modeling in Rhinoce,WARM
gov_contract,C1DA--503-26-109 Remediate Reserve Center UST AE Design  Solicitation,"VETERANS AFFAIRS, DEPARTMENT OF / 244-NETWORK CONTRACT OFFICE 4 (36C244)",see solicitation,US (federal),2026-06-17,https://sam.gov/opp/396555cc33fb489abfbf9b2c4e661740/view,,,SAM.gov Combined Synopsis/Solicitation; respond by 2026-07-17,C1DA--503-26-109 Remediate Reserve Center UST AE Design  Solicitation,WARM
gov_contract,Upkeep of Oxygen Production and Storage Systems,NAVSEA WARFARE CENTER / NSWC PHILADELPHIA DIV,see solicitation,US (federal),2026-06-17,https://sam.gov/opp/61c43bd8406248b4b19fbd1f6d2b8286/view,,,SAM.gov Special Notice; respond by 2026-07-01,Upkeep of Oxygen Production and Storage Systems,WARM
gov_contract,FGEN Support Services,NAVSUP FLC NORFOLK / NAVSUP FLT LOG CTR NORFOLK,see solicitation,US (federal),2026-06-17,https://sam.gov/opp/49946ae50c244b23987de83a5fd9a05d/view,,,SAM.gov Sources Sought; respond by 2026-06-29,FGEN Support Services,WARM
gov_contract,TEGUC-Feasibility Study for the design and construction of a dedicated underground medium voltage (MV) power feeder for the U.S. Embassy New Embassy Compound (NEC).,"STATE, DEPARTMENT OF / U.S. EMBASSY TEGUCIGALPA",see solicitation,US (federal),2026-06-17,https://sam.gov/opp/5b3dd2e097414f74add2bf26214e6499/view,,,SAM.gov Combined Synopsis/Solicitation; respond by 2026-06-26,TEGUC-Feasibility Study for the design and construction of a dedicated underground medium ,WARM
gov_contract,F103--Utility Critical Water Testing at Asheville VAMC,"VETERANS AFFAIRS, DEPARTMENT OF / 246-NETWORK CONTRACTING OFFICE 6 (36C246)",see solicitation,US (federal),2026-06-17,https://sam.gov/opp/a5a6859d1c874c00be6c9849d6f06724/view,,,SAM.gov Presolicitation; respond by 2026-06-25,F103--Utility Critical Water Testing at Asheville VAMC,WARM
gov_contract,LBES Large Seaport (FY26)_LBESe Business Operations/Engineering Services New Seaport Task Order,NAVSEA WARFARE CENTER / NSWC PHILADELPHIA DIV,see solicitation,US (federal),2026-06-17,https://sam.gov/opp/959a69db854e466bb2c169b3f2d2fe55/view,,,SAM.gov Solicitation; respond by 2026-06-24,LBES Large Seaport (FY26)_LBESe Business Operations/Engineering Services New Seaport Task ,WARM
gov_contract,N0016426R3114: Technical and management support services to the Environmental Office at NSWC Crane.,NAVSEA WARFARE CENTER / NSWC CRANE,see solicitation,US (federal),2026-06-17,https://sam.gov/opp/9cb9fb6c89a74f2ca9853e10679495f0/view,,,SAM.gov Solicitation; respond by 2026-06-26,N0016426R3114: Technical and management support services to the Environmental Office at NS,WARM
gov_contract,N0016426R3107: Professional Support Services for PMS 312 and 368 in Support of RCOH/ INACT/ ILS,NAVSEA WARFARE CENTER / NSWC CRANE,see solicitation,US (federal),2026-06-17,https://sam.gov/opp/5bd86d687e9341c9bc5798b178e43828/view,,,SAM.gov Solicitation; respond by 2026-07-07,N0016426R3107: Professional Support Services for PMS 312 and 368 in Support of RCOH/ INACT,WARM
gov_contract,Preservation Web Harvesting - Library of Congress,LIBRARY OF CONGRESS / CONTRACTS SERVICES,see solicitation,US (federal),2026-06-17,https://sam.gov/opp/fe085c01b0e84e32944ce7ed63a89c7f/view,,,SAM.gov Special Notice; respond by 2026-06-26,Preservation Web Harvesting - Library of Congress,WARM
gov_contract,"On-Site Scanning and Digitization of Taxpayer Documents - Plantation, FL",INTERNAL REVENUE SERVICE / SOUTHEAST REGION,see solicitation,US (federal),2026-06-17,https://sam.gov/opp/38be62034eb94033a673d31066828360/view,,,SAM.gov Sources Sought; respond by 2026-06-22,"On-Site Scanning and Digitization of Taxpayer Documents - Plantation, FL",WARM
gov_contract,WOODROW W. KEEBLE MEMORIAL HEALTH CARE CENTERINDIAN HEALTH SYSTEM MAINTENANCE ANDSERVICE,,see solicitation,US (federal),2026-06-17,https://sam.gov/opp/6ee434e3bf7c4a62874eb0f4e5f57b88/view,,,SAM.gov Sources Sought; respond by 2026-06-22,WOODROW W. KEEBLE MEMORIAL HEALTH CARE CENTERINDIAN HEALTH SYSTEM MAINTENANCE ANDSERVICE,WARM
gov_contract,IHS Global Insight,NAVSEA WARFARE CENTER / NAVAL SURFACE WARFARE CENTER,see solicitation,US (federal),2026-06-17,https://sam.gov/opp/80b7e6e495ce43b3826f51f2fc4d2cd2/view,,,SAM.gov Combined Synopsis/Solicitation; respond by 2026-06-24,IHS Global Insight,WARM
consulting,Digital Asset Management Admin (Bynder),CELLA,$52-$58/hr,Remote,2026-06-17,https://to.indeed.com/aathwrkky9t4,,,Indeed (apply via link),Fresh contract sysadmin-adjacent,WARM
gov_contract,Request for Information (RFI) - Joint Targeting Integrated Command and Coordination Suite (JTIC2S) Commercially Available Capability,ACC-APG / W6QK ACC-APG,see solicitation,US (federal),2026-06-18,https://sam.gov/opp/2d352c4eea444a83a7e03aafee7b99fc/view,,,SAM.gov Special Notice; respond by 2026-06-23,Request for Information (RFI) - Joint Targeting Integrated Command and Coordination Suite ,WARM
gov_contract,COMSEC Managerial Security Support Services,COMMAND CONTROL COMMUNICATIONS INTEL & NETWORKS / FA8307  AFLCMC HNCK C3IN,see solicitation,US (federal),2026-06-18,https://sam.gov/opp/2242b7b94b0241acb6ef1295e020fe9e/view,,,SAM.gov Solicitation; respond by 2026-06-29,COMSEC Managerial Security Support Services,WARM
gov_contract,Procurement of 74 x iPhone 17e,"STATE, DEPARTMENT OF / US CONSULATE FRANKFURT",see solicitation,US (federal),2026-06-18,https://sam.gov/opp/2ab42fe2f24c4affb6600574caef725a/view,,,SAM.gov Combined Synopsis/Solicitation; respond by 2026-06-30,Procurement of 74 x iPhone 17e,WARM
gov_contract,Vindicator V5 Hardware Upgrade.,DEPT OF THE ARMY / 0906 AQ CO     DET B CONTRACTI,see solicitation,US (federal),2026-06-18,https://sam.gov/opp/a1f55743d665415ba0568e70cbd6b5c6/view,,,SAM.gov Combined Synopsis/Solicitation; respond by 2026-07-20,Vindicator V5 Hardware Upgrade.,WARM
remote_contract,Bruker Corporation: Working Student (m/f/d) DevOps – Software Development,Bruker Corporation,see listing,Remote,2026-06-18,https://weworkremotely.com/remote-jobs/bruker-corporation-working-student-m-f-d-devops-software-development,,,WeWorkRemotely RSS,Bruker Corporation: Working Student (m/f/d) DevOps – Software Development,WARM
remote_contract,Perforce: Senior Sales Engineer - Delphix,Perforce,see listing,Remote,2026-06-18,https://weworkremotely.com/remote-jobs/perforce-senior-sales-engineer-delphix,,,WeWorkRemotely RSS,Perforce: Senior Sales Engineer - Delphix,WARM
remote_contract,Deutsche Telekom IT Solutions Slovakia: DevOps Engineer  REF1752R (m/f/d),Deutsche Telekom IT Solutions Slovakia,see listing,Remote,2026-06-18,https://weworkremotely.com/remote-jobs/deutsche-telekom-it-solutions-slovakia-devops-engineer-ref1752r-m-f-d,,,WeWorkRemotely RSS,Deutsche Telekom IT Solutions Slovakia: DevOps Engineer  REF1752R (m/f/d),WARM
remote_contract,Golden 1 Credit Union: IT - Infrastructure Systems - DevOps Engineer II (Remote in CA only),Golden 1 Credit Union,see listing,Remote,2026-06-18,https://weworkremotely.com/remote-jobs/golden-1-credit-union-it-infrastructure-systems-devops-engineer-ii-remote-in-ca,,,WeWorkRemotely RSS,Golden 1 Credit Union: IT - Infrastructure Systems - DevOps Engineer II (Remote in CA only,WARM
remote_contract,Charles River: Senior InfoSec Engineer (SecDevOps) - (REMOTE),Charles River,see listing,Remote,2026-06-18,https://weworkremotely.com/remote-jobs/charles-river-senior-infosec-engineer-secdevops-remote,,,WeWorkRemotely RSS,Charles River: Senior InfoSec Engineer (SecDevOps) - (REMOTE),WARM
remote_contract,"Revvity: Principal DevOps Engineer – Build, Release and Cloud Automation",Revvity,see listing,Remote,2026-06-18,https://weworkremotely.com/remote-jobs/revvity-principal-devops-engineer-build-release-and-cloud-automation,,,WeWorkRemotely RSS,"Revvity: Principal DevOps Engineer – Build, Release and Cloud Automation",WARM
remote_contract,Runware: Staff DevOps Engineer,Runware,see listing,Remote,2026-06-18,https://weworkremotely.com/remote-jobs/runware-staff-devops-engineer,,,WeWorkRemotely RSS,Runware: Staff DevOps Engineer,WARM
remote_contract,Career Team Enterprises: DevOps Engineer,Career Team Enterprises,see listing,Remote,2026-06-18,https://weworkremotely.com/remote-jobs/career-team-enterprises-devops-engineer,,,WeWorkRemotely RSS,Career Team Enterprises: DevOps Engineer,WARM
remote_contract,Intelmatix: Mid/Senior DevOps Engineer (Egypt),Intelmatix,see listing,Remote,2026-06-18,https://weworkremotely.com/remote-jobs/intelmatix-mid-senior-devops-engineer-egypt,,,WeWorkRemotely RSS,Intelmatix: Mid/Senior DevOps Engineer (Egypt),WARM
remote_contract,HYUNDAI MOTORS: DevOps Virtual Development Engineer,HYUNDAI MOTORS,see listing,Remote,2026-06-18,https://weworkremotely.com/remote-jobs/hyundai-motors-devops-virtual-development-engineer,,,WeWorkRemotely RSS,HYUNDAI MOTORS: DevOps Virtual Development Engineer,WARM
remote_contract,Vitru Educação: Professor(a)-autor(a) | Curadoria e Validação de Conteúdo - MICROSERVICES COM NODE.JS E MESSAGE BROKERS - EdTech | Vitru,Vitru Educação,see listing,Remote,2026-06-18,https://weworkremotely.com/remote-jobs/vitru-educacao-professor-a-autor-a-curadoria-e-validacao-de-conteudo-microservices-com-node-js-e-message,,,WeWorkRemotely RSS,Vitru Educação: Professor(a)-autor(a) | Curadoria e Validação de Conteúdo - MICROSERVICES ,WARM
remote_contract,Premiersoft: DevOps e Platform Sênior| Remoto,Premiersoft,see listing,Remote,2026-06-18,https://weworkremotely.com/remote-jobs/premiersoft-devops-e-platform-senior-remoto,,,WeWorkRemotely RSS,Premiersoft: DevOps e Platform Sênior| Remoto,WARM
remote_contract,Covent IT: DevOps Engineer (contract),Covent IT,see listing,Remote,2026-06-18,https://weworkremotely.com/remote-jobs/covent-it-devops-engineer-contract,,,WeWorkRemotely RSS,Covent IT: DevOps Engineer (contract),WARM
remote_contract,Lemon.io: Senior Platform/Site Reliability Engineer,Lemon.io,see listing,Remote,2026-06-18,https://weworkremotely.com/remote-jobs/lemon-io-senior-platform-site-reliability-engineer,,,WeWorkRemotely RSS,Lemon.io: Senior Platform/Site Reliability Engineer,WARM
remote_contract,"Binance: Senior Solutions Engineer (API, Python, Node.JS)",Binance,see listing,Remote,2026-06-18,https://weworkremotely.com/remote-jobs/binance-senior-solutions-engineer-api-python-node-js,,,WeWorkRemotely RSS,"Binance: Senior Solutions Engineer (API, Python, Node.JS)",WARM
remote_contract,Cubos Tecnologia: [Banco de Talentos] Pessoa Desenvolvedora Backend Pleno,Cubos Tecnologia,see listing,Remote,2026-06-18,https://weworkremotely.com/remote-jobs/cubos-tecnologia-banco-de-talentos-pessoa-desenvolvedora-backend-pleno,,,WeWorkRemotely RSS,Cubos Tecnologia: [Banco de Talentos] Pessoa Desenvolvedora Backend Pleno,WARM
remote_contract,Premiersoft: Engenheiro DevOps (GitHub e CI/CD) | Remoto,Premiersoft,see listing,Remote,2026-06-18,https://weworkremotely.com/remote-jobs/premiersoft-engenheiro-devops-github-e-ci-cd-remoto,,,WeWorkRemotely RSS,Premiersoft: Engenheiro DevOps (GitHub e CI/CD) | Remoto,WARM
remote_contract,BlueMatrix: DevOps Engineer - EMEA/US Shift,BlueMatrix,see listing,Remote,2026-06-18,https://weworkremotely.com/remote-jobs/bluematrix-devops-engineer-emea-us-shift,,,WeWorkRemotely RSS,BlueMatrix: DevOps Engineer - EMEA/US Shift,WARM
remote_contract,Lightup Network Solutions GmbH & Co. KG: Technical Product Lead for Innovative Telecom Services - 100% Remote - 6 hours per day,Lightup Network Solutions GmbH & Co. KG,see listing,Remote,2026-06-18,https://weworkremotely.com/remote-jobs/lightup-network-solutions-gmbh-co-kg-technical-product-lead-for-innovative-telecom-services,,,WeWorkRemotely RSS,Lightup Network Solutions GmbH & Co. KG: Technical Product Lead for Innovative Telecom Ser,WARM
remote_contract,FIAP: BDR - outbound - Pré-vendas,FIAP,see listing,Remote,2026-06-18,https://weworkremotely.com/remote-jobs/fiap-bdr-outbound-pre-vendas,,,WeWorkRemotely RSS,FIAP: BDR - outbound - Pré-vendas,WARM
remote_contract,Cubos Tecnologia: [Banco de Talentos] Pessoa Desenvolvedora Frontend Junior,Cubos Tecnologia,see listing,Remote,2026-06-18,https://weworkremotely.com/remote-jobs/cubos-tecnologia-banco-de-talentos-pessoa-desenvolvedora-frontend-junior,,,WeWorkRemotely RSS,Cubos Tecnologia: [Banco de Talentos] Pessoa Desenvolvedora Frontend Junior,WARM
remote_contract,Cubos Tecnologia: [Banco de Talentos] Pessoa Desenvolvedora Flutter Pleno,Cubos Tecnologia,see listing,Remote,2026-06-18,https://weworkremotely.com/remote-jobs/cubos-tecnologia-banco-de-talentos-pessoa-desenvolvedora-flutter-pleno,,,WeWorkRemotely RSS,Cubos Tecnologia: [Banco de Talentos] Pessoa Desenvolvedora Flutter Pleno,WARM
remote_contract,Cubos Tecnologia: [Banco de Talentos] Pessoa Desenvolvedora Frontend Pleno,Cubos Tecnologia,see listing,Remote,2026-06-18,https://weworkremotely.com/remote-jobs/cubos-tecnologia-banco-de-talentos-pessoa-desenvolvedora-frontend-pleno,,,WeWorkRemotely RSS,Cubos Tecnologia: [Banco de Talentos] Pessoa Desenvolvedora Frontend Pleno,WARM
remote_contract,"Ignition, Inc.: Mac MSP Help Desk Guru (work from home)","Ignition, Inc.",see listing,Remote,2026-06-18,https://weworkremotely.com/remote-jobs/ignition-inc-mac-msp-help-desk-guru-work-from-home,,,WeWorkRemotely RSS,"Ignition, Inc.: Mac MSP Help Desk Guru (work from home)",WARM
remote_contract,"Centralreach: Director, AI Product Development",Centralreach,see listing,Remote,2026-06-18,https://weworkremotely.com/remote-jobs/centralreach-director-ai-product-development,,,WeWorkRemotely RSS,"Centralreach: Director, AI Product Development",WARM
remote_contract,Cubos Tecnologia: [Cubos DevOps] Pessoa Engenheira de DevOps Pleno,Cubos Tecnologia,see listing,Remote,2026-06-18,https://weworkremotely.com/remote-jobs/cubos-tecnologia-cubos-devops-pessoa-engenheira-de-devops-pleno,,,WeWorkRemotely RSS,Cubos Tecnologia: [Cubos DevOps] Pessoa Engenheira de DevOps Pleno,WARM
remote_contract,Radix: Profissional IaC| DevOps,Radix,see listing,Remote,2026-06-18,https://weworkremotely.com/remote-jobs/radix-profissional-iac-devops,,,WeWorkRemotely RSS,Radix: Profissional IaC| DevOps,WARM
remote_contract,Cubos Tecnologia: [Banco de Talentos] Product Manager Pleno,Cubos Tecnologia,see listing,Remote,2026-06-18,https://weworkremotely.com/remote-jobs/cubos-tecnologia-banco-de-talentos-product-manager-pleno,,,WeWorkRemotely RSS,Cubos Tecnologia: [Banco de Talentos] Product Manager Pleno,WARM
remote_contract,Cubos Tecnologia: [BANCO DE TALENTOS] Product Manager Jr.,Cubos Tecnologia,see listing,Remote,2026-06-18,https://weworkremotely.com/remote-jobs/cubos-tecnologia-banco-de-talentos-product-manager-jr,,,WeWorkRemotely RSS,Cubos Tecnologia: [BANCO DE TALENTOS] Product Manager Jr.,WARM
remote_contract,Alice: DevOps Engineer,Alice,see listing,Remote,2026-06-18,https://weworkremotely.com/remote-jobs/alice-devops-engineer,,,WeWorkRemotely RSS,Alice: DevOps Engineer,WARM
remote_contract,"DevOps Engineer (Part-Time, Remote)",Louco Event Media GmbH,see listing,Offenbach,2026-06-18,https://www.arbeitnow.com/jobs/companies/louco-event-media-gmbh/devops-engineer-part-time-remote-offenbach-176013,,,Arbeitnow API,"DevOps Engineer (Part-Time, Remote)",WARM
remote_contract,(Senior) System Engineer (m/w/d) Network & Security Solutions,Aphos Gesellschaft für IT-Sicherheit mbH,see listing,Eschborn,2026-06-18,https://www.arbeitnow.com/jobs/companies/aphos-gesellschaft-fur-it-sicherheit-mbh/senior-system-engineer-network-security-solutions-eschborn-312989,,,Arbeitnow API,(Senior) System Engineer (m/w/d) Network & Security Solutions,WARM
remote_contract,Adacore | Software Engineers | Full-time | Remote or On-Site Adacore is the main,Adacore,see listing,Remote,2026-06-18,https://news.ycombinator.com/item?id=48357732,,,HN Who is Hiring (June 2026),Adacore | Software Engineers | Full-time | Remote or On-Site Adacore is the maintainer of ,WARM
remote_contract,"Go.Shop | Product Builder — Growth Channels | Remote (GMT to GMT+8, London trave",Go.Shop,see listing,Remote,2026-06-18,https://news.ycombinator.com/item?id=48357754,jobs@goshopbrands.com,,HN Who is Hiring (June 2026),"Go.Shop | Product Builder — Growth Channels | Remote (GMT to GMT+8, London travel) | REMOT",WARM
remote_contract,Starbridge | Senior Engineers (Kotlin/Java/React/Typescript) | NYC or Remote | F,Starbridge,see listing,Remote,2026-06-18,https://news.ycombinator.com/item?id=48357761,recruiting@starbridge.ai,,HN Who is Hiring (June 2026),Starbridge | Senior Engineers (Kotlin/Java/React/Typescript) | NYC or Remote | Full-time |,WARM
remote_contract,"Atom Computing | Senior Infrastructure Engineer, Senior Software Engineer, Princ",Atom Computing,see listing,Remote,2026-06-18,https://news.ycombinator.com/item?id=48357775,,,HN Who is Hiring (June 2026),"Atom Computing | Senior Infrastructure Engineer, Senior Software Engineer, Principal Softw",WARM
remote_contract,"BIT Capital | Head of Engineering | Berlin, Germany | ONSITE (2 days/week) | Ful",BIT Capital,see listing,Remote,2026-06-18,https://news.ycombinator.com/item?id=48357777,marc.thanhaeuser@bitcap.com,,HN Who is Hiring (June 2026),"BIT Capital | Head of Engineering | Berlin, Germany | ONSITE (2 days/week) | Full-time Loo",WARM
remote_contract,"PostHog | Full-Time | Product engineers, Technical CSMs, Forward deployed engine",PostHog,see listing,Remote,2026-06-18,https://news.ycombinator.com/item?id=48357778,,,HN Who is Hiring (June 2026),"PostHog | Full-Time | Product engineers, Technical CSMs, Forward deployed engineers | REMO",WARM
remote_contract,"Shepherd (Series B) | ONSITE | San Francisco, CA At Shepherd, we're pursuing the",Shepherd (Series B),see listing,Remote,2026-06-18,https://news.ycombinator.com/item?id=48357800,,,HN Who is Hiring (June 2026),"Shepherd (Series B) | ONSITE | San Francisco, CA At Shepherd, we're pursuing the most ambi",WARM
remote_contract,"Pango | Founding Full-stack Software Engineer | On-site (hybrid) in Stockholm, S",Pango,see listing,Remote,2026-06-18,https://news.ycombinator.com/item?id=48357853,Steve@pango.ai,,HN Who is Hiring (June 2026),"Pango | Founding Full-stack Software Engineer | On-site (hybrid) in Stockholm, Sweden (Vis",WARM
remote_contract,"BrightCore | Founding Engineer/Generalist | Dublin, Ireland (Hybrid, 2 days/wk) ",BrightCore,see listing,Remote,2026-06-18,https://news.ycombinator.com/item?id=48357913,frankie@brightcore.ie,,HN Who is Hiring (June 2026),"BrightCore | Founding Engineer/Generalist | Dublin, Ireland (Hybrid, 2 days/wk) | Full-tim",WARM
remote_contract,CHEERS.FAN #1 | Founding Infrastructure Engineers | Bay Area Preferred | U.S. Re,CHEERS.FAN #1,see listing,Remote,2026-06-18,https://news.ycombinator.com/item?id=48357963,Eastman@VBCheers.com,,HN Who is Hiring (June 2026),CHEERS.FAN #1 | Founding Infrastructure Engineers | Bay Area Preferred | U.S. Remote Consi,WARM
remote_contract,MixRank (YC S11) | Software Engineers | 100% Remote (Global) | Full-Time MixRank,MixRank (YC S11),see listing,Remote,2026-06-18,https://news.ycombinator.com/item?id=48357992,,,HN Who is Hiring (June 2026),MixRank (YC S11) | Software Engineers | 100% Remote (Global) | Full-Time MixRank processes,WARM
remote_contract,"Hiring: Senior Data Engineer ($170-190k), Senior DevOps Engineer ($180-225k), Se","Hiring: Senior Data Engineer ($170-190k), Senior DevOps Engi",see listing,Remote,2026-06-18,https://news.ycombinator.com/item?id=48358146,,,HN Who is Hiring (June 2026),"Hiring: Senior Data Engineer ($170-190k), Senior DevOps Engineer ($180-225k), Senior DevOp",WARM
remote_contract,"Fastly | Software Engineers (Senior, Staff, Principal) | REMOTE (US, UK, EU) or ",Fastly,see listing,Remote,2026-06-18,https://news.ycombinator.com/item?id=48358160,,,HN Who is Hiring (June 2026),"Fastly | Software Engineers (Senior, Staff, Principal) | REMOTE (US, UK, EU) or ONSITE | F",WARM
remote_contract,"MongoDB | Senior/Staff/Lead Site Reliability Engineers (SRE) and Infra SWE, Mult",MongoDB,see listing,Remote,2026-06-18,https://news.ycombinator.com/item?id=48358185,hani.benhabiles+hn@mongodb.com,,HN Who is Hiring (June 2026),"MongoDB | Senior/Staff/Lead Site Reliability Engineers (SRE) and Infra SWE, Multiple Teams",WARM
remote_contract,Treasure AI | Staff Engineers (Fullstack/Backend) | HYBRID (Tokyo & Vancouver) |,Treasure AI,see listing,Remote,2026-06-18,https://news.ycombinator.com/item?id=48358221,,,HN Who is Hiring (June 2026),Treasure AI | Staff Engineers (Fullstack/Backend) | HYBRID (Tokyo & Vancouver) | Full Time,WARM
remote_contract,Twindo (Formerly Canvas; The Spatial Computing Company) | Full-time | Remote At ,Twindo (Formerly Canvas; The Spatial Computing Company),see listing,Remote,2026-06-18,https://news.ycombinator.com/item?id=48358258,,,HN Who is Hiring (June 2026),"Twindo (Formerly Canvas; The Spatial Computing Company) | Full-time | Remote At Twindo, we",WARM
remote_contract,"Smarkets ( https://www.smarkets.com ) | Full Time | Hybrid - Onsite (London, UK)",Smarkets ( https://www.smarkets.com ),see listing,Remote,2026-06-18,https://news.ycombinator.com/item?id=48358281,,,HN Who is Hiring (June 2026),"Smarkets ( https://www.smarkets.com ) | Full Time | Hybrid - Onsite (London, UK)
Smarkets ",WARM
remote_contract,"Sheer Health ( https://www.sheerhealth.com ) | New York, NY | Full-Time | ONSITE",Sheer Health ( https://www.sheerhealth.com ),see listing,Remote,2026-06-18,https://news.ycombinator.com/item?id=48358312,,,HN Who is Hiring (June 2026),"Sheer Health ( https://www.sheerhealth.com ) | New York, NY | Full-Time | ONSITE If you or",WARM
remote_contract,"Kepler | Full Stack Engineer | New York, NY | ONSITE | $230K-$260K + equity
We'r",Kepler,see listing,Remote,2026-06-18,https://news.ycombinator.com/item?id=48358336,eddie.hammond@kepler.ai,,HN Who is Hiring (June 2026),"Kepler | Full Stack Engineer | New York, NY | ONSITE | $230K-$260K + equity
We're building",WARM
remote_contract,Blackshark AI | Software Engineers & Platform Engineers | Full-time | Austria or,Blackshark AI,see listing,Remote,2026-06-18,https://news.ycombinator.com/item?id=48358386,,,HN Who is Hiring (June 2026),Blackshark AI | Software Engineers & Platform Engineers | Full-time | Austria or Remote EU,WARM
remote_contract,"Zūm | Senior/Staff Software Engineer | Hybrid/onsite (Redwood City, CA), Full-ti",Zūm,see listing,Remote,2026-06-18,https://news.ycombinator.com/item?id=48358617,,,HN Who is Hiring (June 2026),"Zūm | Senior/Staff Software Engineer | Hybrid/onsite (Redwood City, CA), Full-time Zūm (ri",WARM
remote_contract,"*Scribd | Lead Product Manager, AI Developer Platform | US, Canada | REMOTE* Scr",*Scribd,see listing,Remote,2026-06-18,https://news.ycombinator.com/item?id=48358657,,,HN Who is Hiring (June 2026),"*Scribd | Lead Product Manager, AI Developer Platform | US, Canada | REMOTE* Scribd, Inc. ",WARM
remote_contract,"Authorium | Full-Stack Engineer (Mid & Senior) | San Francisco, CA | ONSITE (Mon",Authorium,see listing,Remote,2026-06-18,https://news.ycombinator.com/item?id=48358702,jay@authorium.com,,HN Who is Hiring (June 2026),"Authorium | Full-Stack Engineer (Mid & Senior) | San Francisco, CA | ONSITE (Mon-Thu hybri",WARM
remote_contract,Emergences Labs (emergences.ai) | AI / Systems Engineer — NeoHuman | REMOTE (US),Emergences Labs (emergences.ai),see listing,Remote,2026-06-18,https://news.ycombinator.com/item?id=48358775,jack@emergences.ai,,HN Who is Hiring (June 2026),Emergences Labs (emergences.ai) | AI / Systems Engineer — NeoHuman | REMOTE (US) | Full-ti,WARM
remote_contract,"Baton | San Francisco, CA (Hybrid) and Remote | Full-Time
Baton (baton.io) is Ry",Baton,see listing,Remote,2026-06-18,https://news.ycombinator.com/item?id=48358820,,,HN Who is Hiring (June 2026),"Baton | San Francisco, CA (Hybrid) and Remote | Full-Time
Baton (baton.io) is Ryder's in-h",WARM
remote_contract,Join (join.build) | Staff Software Engineer (Web) | REMOTE (US & Canada) | Full-,Join (join.build),see listing,Remote,2026-06-18,https://news.ycombinator.com/item?id=48358924,jon@join.build,,HN Who is Hiring (June 2026),Join (join.build) | Staff Software Engineer (Web) | REMOTE (US & Canada) | Full-Time | $17,WARM
remote_contract,GetDynasty.com | Engineering (In-Person San Fransisco or US Remote initially OK),GetDynasty.com,see listing,Remote,2026-06-18,https://news.ycombinator.com/item?id=48358939,kyle@getdynasty.com,,HN Who is Hiring (June 2026),GetDynasty.com | Engineering (In-Person San Fransisco or US Remote initially OK) | Junior ,WARM
remote_contract,Neuro Health Collective | Washington DC Metro or REMOTE (US) | FOUNDING Employee,Neuro Health Collective,see listing,Remote,2026-06-18,https://news.ycombinator.com/item?id=48358992,hiring@neurohealthcollective.com,,HN Who is Hiring (June 2026),"Neuro Health Collective | Washington DC Metro or REMOTE (US) | FOUNDING Employee, EQUITY-H",WARM
remote_contract,"Evertune AI | Senior+ Engineers, Tech Lead, PM, Product Designer | NYC / Seattle",Evertune AI,see listing,Remote,2026-06-18,https://news.ycombinator.com/item?id=48359017,casey@evertune.ai,,HN Who is Hiring (June 2026),"Evertune AI | Senior+ Engineers, Tech Lead, PM, Product Designer | NYC / Seattle | ONSITE/",WARM
remote_contract,"Tenera | San Francisco, CA | Onsite | Founding Engineer (Full-Time) Tenera ( htt",Tenera,see listing,Remote,2026-06-18,https://news.ycombinator.com/item?id=48359106,suzie@trytenera.ai,,HN Who is Hiring (June 2026),"Tenera | San Francisco, CA | Onsite | Founding Engineer (Full-Time) Tenera ( https://tryte",WARM
remote_contract,"Datadog | Software Engineers | ONSITE (Boston, Lisbon, Madrid, NYC, Paris, Tel A",Datadog,see listing,Remote,2026-06-18,https://news.ycombinator.com/item?id=48359181,,,HN Who is Hiring (June 2026),"Datadog | Software Engineers | ONSITE (Boston, Lisbon, Madrid, NYC, Paris, Tel Aviv) | Ful",WARM
remote_contract,"Chime | Senior Application Security Engineer, Product Security Engineer, Manager",Chime,see listing,Remote,2026-06-18,https://news.ycombinator.com/item?id=48359262,,,HN Who is Hiring (June 2026),"Chime | Senior Application Security Engineer, Product Security Engineer, Manager - Product",WARM
remote_contract,Neurotone.ai || Remote (Americas East / Western Europe) || Full-time || neuroton,Neurotone.ai,see listing,Remote,2026-06-18,https://news.ycombinator.com/item?id=48359301,,,HN Who is Hiring (June 2026),Neurotone.ai || Remote (Americas East / Western Europe) || Full-time || neurotone.com We b,WARM
remote_contract,Guild.ai | ONSITE (San Francisco) | Full-time |  https://www.guild.ai/  Gulid.ai,Guild.ai,see listing,Remote,2026-06-18,https://news.ycombinator.com/item?id=48359465,,,HN Who is Hiring (June 2026),Guild.ai | ONSITE (San Francisco) | Full-time |  https://www.guild.ai/  Gulid.ai is the co,WARM
remote_contract,"Everflow | Software Engineer | Montreal, QC | Hybrid (Some on-site) | Full-time ",Everflow,see listing,Remote,2026-06-18,https://news.ycombinator.com/item?id=48359477,everflow-hn@everflow.io,,HN Who is Hiring (June 2026),"Everflow | Software Engineer | Montreal, QC | Hybrid (Some on-site) | Full-time Everflow i",WARM
remote_contract,"Radar Labs | Software Engineers (SRE, data platform, backend, full-stack, mobile",Radar Labs,see listing,Remote,2026-06-18,https://news.ycombinator.com/item?id=48359481,tim@radar.com,,HN Who is Hiring (June 2026),"Radar Labs | Software Engineers (SRE, data platform, backend, full-stack, mobile) | Remote",WARM
remote_contract,PrairieLearn (Remote US) — Full-Stack Software Engineer — TypeScript / Postgres ,PrairieLearn (Remote US) — Full-Stack Software Engineer — Ty,see listing,Remote,2026-06-18,https://news.ycombinator.com/item?id=48359483,,,HN Who is Hiring (June 2026),PrairieLearn (Remote US) — Full-Stack Software Engineer — TypeScript / Postgres / React / ,WARM
remote_contract,Chestnut | Senior Product Engineer | SF or Seattle (Hybrid) |  https://jobs.ashb,Chestnut,see listing,Remote,2026-06-18,https://news.ycombinator.com/item?id=48359505,,,HN Who is Hiring (June 2026),Chestnut | Senior Product Engineer | SF or Seattle (Hybrid) |  https://jobs.ashbyhq.com/Ch,WARM
remote_contract,JustPark | Lead Engineers | London (Hybrid) & Dallas (Hybrid) | Full-time JustPa,JustPark,see listing,Remote,2026-06-18,https://news.ycombinator.com/item?id=48359608,,,HN Who is Hiring (June 2026),JustPark | Lead Engineers | London (Hybrid) & Dallas (Hybrid) | Full-time JustPark is a pa,WARM
remote_contract,Subtle Medical | North America | Full Time | Remote |  https://subtlemedical.com,Subtle Medical,see listing,Remote,2026-06-18,https://news.ycombinator.com/item?id=48359673,,,HN Who is Hiring (June 2026),Subtle Medical | North America | Full Time | Remote |  https://subtlemedical.com/  Subtle ,WARM
remote_contract,Foxglove | Multiple eng + GTM roles | Onsite (San Francisco) + Remote (Europe)| ,Foxglove,see listing,Remote,2026-06-18,https://news.ycombinator.com/item?id=48359956,,,HN Who is Hiring (June 2026),Foxglove | Multiple eng + GTM roles | Onsite (San Francisco) + Remote (Europe)| Full Time ,WARM
remote_contract,Alembic | SF (5 days onsite) | SRE • C++ AI • Backend Python • Data Engineering ,Alembic,see listing,Remote,2026-06-18,https://news.ycombinator.com/item?id=48360189,,,HN Who is Hiring (June 2026),Alembic | SF (5 days onsite) | SRE • C++ AI • Backend Python • Data Engineering We melted ,WARM
remote_contract,"yeet | Chicago, IL / Remote | Full-Time
Building a dynamic runtime on top of the",yeet,see listing,Remote,2026-06-18,https://news.ycombinator.com/item?id=48360194,,,HN Who is Hiring (June 2026),"yeet | Chicago, IL / Remote | Full-Time
Building a dynamic runtime on top of the Linux BPF",WARM
remote_contract,Axle Health |  https://www.axlehealth.com/  | Backend Python/Django - Interopera,Axle Health,see listing,Remote,2026-06-18,https://news.ycombinator.com/item?id=48360357,,,HN Who is Hiring (June 2026),Axle Health |  https://www.axlehealth.com/  | Backend Python/Django - Interoperability Nod,WARM
remote_contract,Prior Labs | Berlin / Freiburg / NYC | ONSITE | Full-time | Multiple Roles | pri,Prior Labs,see listing,Remote,2026-06-18,https://news.ycombinator.com/item?id=48360453,,,HN Who is Hiring (June 2026),Prior Labs | Berlin / Freiburg / NYC | ONSITE | Full-time | Multiple Roles | priorlabs.ai ,WARM
remote_contract,"FusionAuth | Principal Software Engineer, Senior Java Engineer - Cloud, Account ",FusionAuth,see listing,Remote,2026-06-18,https://news.ycombinator.com/item?id=48360523,,,HN Who is Hiring (June 2026),"FusionAuth | Principal Software Engineer, Senior Java Engineer - Cloud, Account Executive,",WARM
remote_contract,Spacelift | Remote (Europe) | Full-time | Senior Software Engineer | $80k-$110k+,Spacelift,see listing,Remote,2026-06-18,https://news.ycombinator.com/item?id=48360601,,,HN Who is Hiring (June 2026),Spacelift | Remote (Europe) | Full-time | Senior Software Engineer | $80k-$110k+ (can go h,WARM
remote_contract,"Column ( https://column.com/ ) | San Francisco, CA (ONSITE) | Full Time | Softwa",Column ( https://column.com/ ),see listing,Remote,2026-06-18,https://news.ycombinator.com/item?id=48360796,,,HN Who is Hiring (June 2026),"Column ( https://column.com/ ) | San Francisco, CA (ONSITE) | Full Time | Software Eng (In",WARM
remote_contract,"Trax | Analytics Engineer | REMOTE CST (Philippines, Costa Rica, US) | Full-time",Trax,see listing,Remote,2026-06-18,https://news.ycombinator.com/item?id=48360825,,,HN Who is Hiring (June 2026),"Trax | Analytics Engineer | REMOTE CST (Philippines, Costa Rica, US) | Full-time Contract ",WARM
remote_contract,Close | 100% REMOTE (US only) | Full Time | Bootstrapped & Profitable - Software,Close,see listing,Remote,2026-06-18,https://news.ycombinator.com/item?id=48360843,,,HN Who is Hiring (June 2026),Close | 100% REMOTE (US only) | Full Time | Bootstrapped & Profitable - Software Engineer ,WARM
remote_contract,August Health ( https://augusthealth.com/ ) | Remote (USA only) | Full Time | Mu,August Health ( https://augusthealth.com/ ),see listing,Remote,2026-06-18,https://news.ycombinator.com/item?id=48360909,,,HN Who is Hiring (June 2026),August Health ( https://augusthealth.com/ ) | Remote (USA only) | Full Time | Multiple Eng,WARM
remote_contract,"Railway | Infra Eng-Storage, Infra Eng-Observability, Product Design, Infra Eng-",Railway,see listing,Remote,2026-06-18,https://news.ycombinator.com/item?id=48361035,,,HN Who is Hiring (June 2026),"Railway | Infra Eng-Storage, Infra Eng-Observability, Product Design, Infra Eng-General, P",WARM
remote_contract,"Castleton Tower | Senior Consultant (Data Engineering, Investment Analytics, Str",Castleton Tower,see listing,Remote,2026-06-18,https://news.ycombinator.com/item?id=48361068,,,HN Who is Hiring (June 2026),"Castleton Tower | Senior Consultant (Data Engineering, Investment Analytics, Strategy) | H",WARM
remote_contract,"CLEAR | Senior Software Engineers (Fullstack & Backend), Data Engineers, Staff/L",CLEAR,see listing,Remote,2026-06-18,https://news.ycombinator.com/item?id=48361074,,,HN Who is Hiring (June 2026),"CLEAR | Senior Software Engineers (Fullstack & Backend), Data Engineers, Staff/Lead iOS En",WARM
remote_contract,"IDEXX | Senior Application Security Analyst | REMOTE (US/NL) | Full-time
IDEXX |",IDEXX,see listing,Remote,2026-06-18,https://news.ycombinator.com/item?id=48361273,,,HN Who is Hiring (June 2026),"IDEXX | Senior Application Security Analyst | REMOTE (US/NL) | Full-time
IDEXX | Cloud Sec",WARM
remote_contract,Zulip | Senior Backend/Infrastructure Engineer | REMOTE | Full-time |  https://z,Zulip,see listing,Remote,2026-06-18,https://news.ycombinator.com/item?id=48361570,jobs@zulip.com,,HN Who is Hiring (June 2026),Zulip | Senior Backend/Infrastructure Engineer | REMOTE | Full-time |  https://zulip.com/ ,WARM
remote_contract,Obsidian Security | Staff Software Engineer | REMOTE (US) | Full-time | $176k-$1,Obsidian Security,see listing,Remote,2026-06-18,https://news.ycombinator.com/item?id=48361574,,,HN Who is Hiring (June 2026),Obsidian Security | Staff Software Engineer | REMOTE (US) | Full-time | $176k-$196k + equi,WARM
remote_contract,"Rootly | Design, Engineering, GTM, Legal, Product, Sales| Hybrid (Toronto), Remo",Rootly,see listing,Remote,2026-06-18,https://news.ycombinator.com/item?id=48361614,,,HN Who is Hiring (June 2026),"Rootly | Design, Engineering, GTM, Legal, Product, Sales| Hybrid (Toronto), Remote (APAC) ",WARM
remote_contract,"DuckDuckGo | Multiple Roles | Remote | Full-time | $178,500 - $243,800 USD + equ",DuckDuckGo,see listing,Remote,2026-06-18,https://news.ycombinator.com/item?id=48361656,,,HN Who is Hiring (June 2026),"DuckDuckGo | Multiple Roles | Remote | Full-time | $178,500 - $243,800 USD + equity We are",WARM
remote_contract,"Fullstory | REMOTE (US), Atlanta USA |  https://www.fullstory.com/  Fullstory of",Fullstory,see listing,Remote,2026-06-18,https://news.ycombinator.com/item?id=48361680,,,HN Who is Hiring (June 2026),"Fullstory | REMOTE (US), Atlanta USA |  https://www.fullstory.com/  Fullstory offers priva",WARM
remote_contract,Matcha | REMOTE (US / Canada / Europe / UK / LATAM) | Full-time |  https://match,Matcha,see listing,Remote,2026-06-18,https://news.ycombinator.com/item?id=48361748,,,HN Who is Hiring (June 2026),Matcha | REMOTE (US / Canada / Europe / UK / LATAM) | Full-time |  https://matcha.fm  Repe,WARM
remote_contract,Odyssey | Sr. Security Engineer | Full-time | Remote (US) or NYC Odyssey is buil,Odyssey,see listing,Remote,2026-06-18,https://news.ycombinator.com/item?id=48361768,,,HN Who is Hiring (June 2026),Odyssey | Sr. Security Engineer | Full-time | Remote (US) or NYC Odyssey is building the l,WARM
remote_contract,SecureBio Detection | Senior infrastructure engineer; [senior] software engineer,SecureBio Detection,see listing,Remote,2026-06-18,https://news.ycombinator.com/item?id=48361869,,,HN Who is Hiring (June 2026),SecureBio Detection | Senior infrastructure engineer; [senior] software engineer (high-per,WARM
remote_contract,"Odoo | Software Developer | Hybrid (Belgium, 3 days/week) | Full-time | Visa + €",Odoo,see listing,Remote,2026-06-18,https://news.ycombinator.com/item?id=48361945,,,HN Who is Hiring (June 2026),"Odoo | Software Developer | Hybrid (Belgium, 3 days/week) | Full-time | Visa + €10k Signin",WARM
remote_contract,Laminar Engineering | Full-Stack CV/ML Systems Engineer | Contract | REMOTE Lami,Laminar Engineering,see listing,Remote,2026-06-18,https://news.ycombinator.com/item?id=48362073,hiring@laminr.co,,HN Who is Hiring (June 2026),Laminar Engineering | Full-Stack CV/ML Systems Engineer | Contract | REMOTE Laminar Engine,WARM
remote_contract,Strobe Power | Founding Engineer | ONSITE (Brooklyn or SF) |  https://strobepowe,Strobe Power,see listing,Remote,2026-06-18,https://news.ycombinator.com/item?id=48362169,keeley@strobepower.com,,HN Who is Hiring (June 2026),Strobe Power | Founding Engineer | ONSITE (Brooklyn or SF) |  https://strobepower.com  AI ,WARM
remote_contract,"ML6 | Machine Learning Engineer, Data Engineer | Python, TensorFlow, PyTorch, GC",ML6,see listing,Remote,2026-06-18,https://news.ycombinator.com/item?id=48362248,,,HN Who is Hiring (June 2026),"ML6 | Machine Learning Engineer, Data Engineer | Python, TensorFlow, PyTorch, GCP, AWS, Az",WARM
remote_contract,Neo.Tax | Senior Full-Stack Engineer & Senior Data Scientist/ML Engineer | REMOT,Neo.Tax,see listing,Remote,2026-06-18,https://news.ycombinator.com/item?id=48362254,,,HN Who is Hiring (June 2026),"Neo.Tax | Senior Full-Stack Engineer & Senior Data Scientist/ML Engineer | REMOTE (US, Pac",WARM
remote_contract,Hevy | Lead/Senior React Native Engineer & Lead/Senior Backend Engineer | Barcel,Hevy,see listing,Remote,2026-06-18,https://news.ycombinator.com/item?id=48362265,,,HN Who is Hiring (June 2026),"Hevy | Lead/Senior React Native Engineer & Lead/Senior Backend Engineer | Barcelona, Spain",WARM
remote_contract,Forward Deployed Engineer - backend - python | REMOTE (UTC -3 to +3) | Full time,Forward Deployed Engineer - backend - python,see listing,Remote,2026-06-18,https://news.ycombinator.com/item?id=48362294,mercedes@kinxshn.com,,HN Who is Hiring (June 2026),Forward Deployed Engineer - backend - python | REMOTE (UTC -3 to +3) | Full time Small ste,WARM
remote_contract,"Seeq |  https://seeq.com  | Staff Software Engineer (Frontend, Backend, Platform",Seeq,see listing,Remote,2026-06-18,https://news.ycombinator.com/item?id=48362756,,,HN Who is Hiring (June 2026),"Seeq |  https://seeq.com  | Staff Software Engineer (Frontend, Backend, Platform) | REMOTE",WARM
remote_contract,Apple | Sr. DevOps Engineer | Bay Area | Onsite We are looking for a Platform En,Apple,see listing,Remote,2026-06-18,https://news.ycombinator.com/item?id=48362984,,,HN Who is Hiring (June 2026),Apple | Sr. DevOps Engineer | Bay Area | Onsite We are looking for a Platform Engineer wit,WARM
remote_contract,DataSF (City & County of San Francisco) | Senior Data Engineer | Hybrid (in San ,DataSF (City & County of San Francisco),see listing,Remote,2026-06-18,https://news.ycombinator.com/item?id=48363272,,,HN Who is Hiring (June 2026),DataSF (City & County of San Francisco) | Senior Data Engineer | Hybrid (in San Francisco),WARM
remote_contract,Runway | Multiple Engineering & Research roles | Remote (global) | Full-time Run,Runway,see listing,Remote,2026-06-18,https://news.ycombinator.com/item?id=48363323,,,HN Who is Hiring (June 2026),Runway | Multiple Engineering & Research roles | Remote (global) | Full-time Runway is bui,WARM
remote_contract,"Piq Energy | Full Stack Software Engineer | SF, Athens, or US REMOTE | Full-time",Piq Energy,see listing,Remote,2026-06-18,https://news.ycombinator.com/item?id=48363752,,,HN Who is Hiring (June 2026),"Piq Energy | Full Stack Software Engineer | SF, Athens, or US REMOTE | Full-time | $150k-$",WARM
remote_contract,Nof1 | NYC (Onsite) | Full-time | Research Engineer / Full-Stack Engineer / Infr,Nof1,see listing,Remote,2026-06-18,https://news.ycombinator.com/item?id=48363998,,,HN Who is Hiring (June 2026),Nof1 | NYC (Onsite) | Full-time | Research Engineer / Full-Stack Engineer / Infrastructure,WARM
remote_contract,"Post Up | Full time | Senior Backend Engineer | Onsite | Vancouver, BC (Hybrid) ",Post Up,see listing,Remote,2026-06-18,https://news.ycombinator.com/item?id=48364039,wilson@postup.pro,,HN Who is Hiring (June 2026),"Post Up | Full time | Senior Backend Engineer | Onsite | Vancouver, BC (Hybrid) | Salary: ",WARM
remote_contract,"Beatdapp | Machine Learning (ML) Engineer | Vancouver, Canada | ONSITE (Hybrid) ",Beatdapp,see listing,Remote,2026-06-18,https://news.ycombinator.com/item?id=48364782,,,HN Who is Hiring (June 2026),"Beatdapp | Machine Learning (ML) Engineer | Vancouver, Canada | ONSITE (Hybrid) | Full-tim",WARM
remote_contract,"Factory AI | AI, Fullstack, Frontend, Platform, Data, Product Engineers + GTM, D",Factory AI,see listing,Remote,2026-06-18,https://news.ycombinator.com/item?id=48364864,,,HN Who is Hiring (June 2026),"Factory AI | AI, Fullstack, Frontend, Platform, Data, Product Engineers + GTM, Design, Ope",WARM
remote_contract,Inferra | Founding SRE + Bare-Metal Infra Engineers | San Francisco / REMOTE | F,Inferra,see listing,Remote,2026-06-18,https://news.ycombinator.com/item?id=48365334,,,HN Who is Hiring (June 2026),Inferra | Founding SRE + Bare-Metal Infra Engineers | San Francisco / REMOTE | Full-time W,WARM
remote_contract,"Cephla | Member of Technical Staff | Intern, Contract to Full-time, Consulting |",Cephla,see listing,Remote,2026-06-18,https://news.ycombinator.com/item?id=48365480,,,HN Who is Hiring (June 2026),"Cephla | Member of Technical Staff | Intern, Contract to Full-time, Consulting | Onsite | ",WARM
remote_contract,"Beacon AI | San Carlos, CA | Hybrid (On-Site) | Full-Time | www.beaconai.co Beac",Beacon AI,see listing,Remote,2026-06-18,https://news.ycombinator.com/item?id=48365778,,,HN Who is Hiring (June 2026),"Beacon AI | San Carlos, CA | Hybrid (On-Site) | Full-Time | www.beaconai.co Beacon AI buil",WARM
remote_contract,"Stpkr Technologies | Noida, India (Delhi NCR) | ONSITE | Multiple roles Stpkr Te",Stpkr Technologies,see listing,Remote,2026-06-18,https://news.ycombinator.com/item?id=48368363,arnav@stpkr.in,,HN Who is Hiring (June 2026),"Stpkr Technologies | Noida, India (Delhi NCR) | ONSITE | Multiple roles Stpkr Technologies",WARM
remote_contract,"Mitte (mitte.ai) | Berlin | ONSITE, REMOTE | Full-Time Mitte is an AI creative s",Mitte (mitte.ai),see listing,Remote,2026-06-18,https://news.ycombinator.com/item?id=48368490,,,HN Who is Hiring (June 2026),"Mitte (mitte.ai) | Berlin | ONSITE, REMOTE | Full-Time Mitte is an AI creative suite — the",WARM
remote_contract,"Viam | NYC (Onsite 3 days/week) | Staff Engineer, Fleet Management | Lead, Data ",Viam,see listing,Remote,2026-06-18,https://news.ycombinator.com/item?id=48368639,amanda@viam.com,,HN Who is Hiring (June 2026),"Viam | NYC (Onsite 3 days/week) | Staff Engineer, Fleet Management | Lead, Data Platform |",WARM
remote_contract,Exeon | Remote (Switzerland and Germany) | Senior scala developer We're Exeon - ,Exeon,see listing,Remote,2026-06-18,https://news.ycombinator.com/item?id=48368871,,,HN Who is Hiring (June 2026),Exeon | Remote (Switzerland and Germany) | Senior scala developer We're Exeon - a Swiss cy,WARM
remote_contract,MWI Animal Health | Remote (US only) | Senior .NET Developer MWI Animal Health i,MWI Animal Health,see listing,Remote,2026-06-18,https://news.ycombinator.com/item?id=48369362,,,HN Who is Hiring (June 2026),MWI Animal Health | Remote (US only) | Senior .NET Developer MWI Animal Health is a leadin,WARM
remote_contract,"Yuzu Health (yuzu.health, Series A) | Location: New York City (Flatiron) | ONSIT","Yuzu Health (yuzu.health, Series A)",see listing,Remote,2026-06-18,https://news.ycombinator.com/item?id=48369584,,,HN Who is Hiring (June 2026),"Yuzu Health (yuzu.health, Series A) | Location: New York City (Flatiron) | ONSITE Pitch: Y",WARM
remote_contract,ClickHouse | Distributed Data Infrastructure Engineer | Remote Hiring in the US ,ClickHouse,see listing,Remote,2026-06-18,https://news.ycombinator.com/item?id=48369698,,,HN Who is Hiring (June 2026),ClickHouse | Distributed Data Infrastructure Engineer | Remote Hiring in the US right now.,WARM
remote_contract,"Rerun | Remote | Stockholm, Sweden | Full-time  https://rerun.io/  Rerun is the ",Rerun,see listing,Remote,2026-06-18,https://news.ycombinator.com/item?id=48369847,,,HN Who is Hiring (June 2026),"Rerun | Remote | Stockholm, Sweden | Full-time  https://rerun.io/  Rerun is the data layer",WARM
remote_contract,Pomelo Care| Remote (US) First with offices in NYC and SF We’re building a healt,Pomelo Care,see listing,Remote,2026-06-18,https://news.ycombinator.com/item?id=48370094,,,HN Who is Hiring (June 2026),Pomelo Care| Remote (US) First with offices in NYC and SF We’re building a healthier futur,WARM
remote_contract,Perry Street Software | Remote (EU/LatAm/North America) | Senior DevOps/Ruby | F,Perry Street Software,see listing,Remote,2026-06-18,https://news.ycombinator.com/item?id=48371138,,,HN Who is Hiring (June 2026),Perry Street Software | Remote (EU/LatAm/North America) | Senior DevOps/Ruby | Fulltime As,WARM
remote_contract,"Elucid | Principal Platform Engineer | Boston, MA | ONSITE (hybrid) | $170k–$205",Elucid,see listing,Remote,2026-06-18,https://news.ycombinator.com/item?id=48371252,,,HN Who is Hiring (June 2026),"Elucid | Principal Platform Engineer | Boston, MA | ONSITE (hybrid) | $170k–$205k |  https",WARM
remote_contract,Lago ( https://getlago.com/ ) | Hiring in Paris and remote in wider Europe and A,Lago ( https://getlago.com/ ),see listing,Remote,2026-06-18,https://news.ycombinator.com/item?id=48371423,,,HN Who is Hiring (June 2026),Lago ( https://getlago.com/ ) | Hiring in Paris and remote in wider Europe and Americas fo,WARM
remote_contract,"Apollo Research | Infrastructure Engineer | SF, CA | Onsite | $215k–$265k + equi",Apollo Research,see listing,Remote,2026-06-18,https://news.ycombinator.com/item?id=48371505,,,HN Who is Hiring (June 2026),"Apollo Research | Infrastructure Engineer | SF, CA | Onsite | $215k–$265k + equity Apollo ",WARM
remote_contract,"Tenki Cloud by Luxor Tech | San Francisco, CA | Head of Developer Relations | Fu",Tenki Cloud by Luxor Tech,see listing,Remote,2026-06-18,https://news.ycombinator.com/item?id=48371773,,,HN Who is Hiring (June 2026),"Tenki Cloud by Luxor Tech | San Francisco, CA | Head of Developer Relations | Full-time | ",WARM
remote_contract,AES (associatedenvironmentalsystems.com) | Summer Software Engineering Intern | ,AES (associatedenvironmentalsystems.com),see listing,Remote,2026-06-18,https://news.ycombinator.com/item?id=48372101,,,HN Who is Hiring (June 2026),AES (associatedenvironmentalsystems.com) | Summer Software Engineering Intern | REMOTE (US,WARM
remote_contract,"Enveritas (YC S18, non-profit) | Backend Software Engineer | Remote (Global) |  ","Enveritas (YC S18, non-profit)",see listing,Remote,2026-06-18,https://news.ycombinator.com/item?id=48372552,,,HN Who is Hiring (June 2026),"Enveritas (YC S18, non-profit) | Backend Software Engineer | Remote (Global) |  https://en",WARM
remote_contract,Maryland Digital Service (MDDS) | Senior Technical Lead | Maryland Department of,Maryland Digital Service (MDDS),see listing,Remote,2026-06-18,https://news.ycombinator.com/item?id=48373063,david.holmes@maryland.gov,,HN Who is Hiring (June 2026),Maryland Digital Service (MDDS) | Senior Technical Lead | Maryland Department of Informati,WARM
remote_contract,"Conservation Metrics | Lead Software Engineer, Data Sovereignty | REMOTE (US) In",Conservation Metrics,see listing,Remote,2026-06-18,https://news.ycombinator.com/item?id=48376486,,,HN Who is Hiring (June 2026),"Conservation Metrics | Lead Software Engineer, Data Sovereignty | REMOTE (US) Indigenous P",WARM
remote_contract,Railtown AI | Head of Developer Relations | REMOTE (North America preferred) / V,Railtown AI,see listing,Remote,2026-06-18,https://news.ycombinator.com/item?id=48376824,,,HN Who is Hiring (June 2026),"Railtown AI | Head of Developer Relations | REMOTE (North America preferred) / Vancouver, ",WARM
remote_contract,Ashby | YC 19 | REMOTE | Hiring Senior/Staff Product Engineers (Americas) | $153,Ashby,see listing,Remote,2026-06-18,https://news.ycombinator.com/item?id=48377380,,,HN Who is Hiring (June 2026),Ashby | YC 19 | REMOTE | Hiring Senior/Staff Product Engineers (Americas) | $153k–$275k As,WARM
remote_contract,No Isolation | Senior Go Developer & Senior Mobile Fullstack Developer | Hybrid ,No Isolation,see listing,Remote,2026-06-18,https://news.ycombinator.com/item?id=48383070,,,HN Who is Hiring (June 2026),"No Isolation | Senior Go Developer & Senior Mobile Fullstack Developer | Hybrid (Oslo, Nor",WARM
remote_contract,"At Tether ( https://tether.io/ ) we're hiring!
We envision a world where technol","At Tether ( https://tether.io/ ) we're hiring!
We envision a",see listing,Remote,2026-06-18,https://news.ycombinator.com/item?id=48383266,,,HN Who is Hiring (June 2026),"At Tether ( https://tether.io/ ) we're hiring!
We envision a world where technology enable",WARM
remote_contract,Coder |  https://coder.com/  | Multiple roles | Multiple locations | Full-time C,Coder,see listing,Remote,2026-06-18,https://news.ycombinator.com/item?id=48384224,careers@coder.com,,HN Who is Hiring (June 2026),Coder |  https://coder.com/  | Multiple roles | Multiple locations | Full-time Coder is an,WARM
remote_contract,Catalyst·Wayfare AI | Lead AI Engineer + Agent Builder + Platform Engineer | Rem,Catalyst·Wayfare AI,see listing,Remote,2026-06-18,https://news.ycombinator.com/item?id=48385146,talent+hn@cwai.co,,HN Who is Hiring (June 2026),Catalyst·Wayfare AI | Lead AI Engineer + Agent Builder + Platform Engineer | Remote (US) |,WARM
remote_contract,Trace Labs | Remote (USA) | Full Time |  https://tracelabs.ai/  Want to join a l,Trace Labs,see listing,Remote,2026-06-18,https://news.ycombinator.com/item?id=48387732,,,HN Who is Hiring (June 2026),"Trace Labs | Remote (USA) | Full Time |  https://tracelabs.ai/  Want to join a lean, ambit",WARM
remote_contract,Wand | Senior Windows C++ Engineer | REMOTE (US Eastern timezone overlap require,Wand,see listing,Remote,2026-06-18,https://news.ycombinator.com/item?id=48389476,,,HN Who is Hiring (June 2026),Wand | Senior Windows C++ Engineer | REMOTE (US Eastern timezone overlap required) | Full-,WARM
remote_contract,Deep Core Technology | Founding Engineer | REMOTE (MUST LIVE IN CANADA) | Full T,Deep Core Technology,see listing,Remote,2026-06-18,https://news.ycombinator.com/item?id=48389925,jeff@deepcoretech.com,,HN Who is Hiring (June 2026),Deep Core Technology | Founding Engineer | REMOTE (MUST LIVE IN CANADA) | Full Time | Sala,WARM
remote_contract,"LiveKit| http://livekit.io/ | VoiceAI | webRTC | Remote | Full Time
LiveKit is b",LiveKit,see listing,Remote,2026-06-18,https://news.ycombinator.com/item?id=48392723,,,HN Who is Hiring (June 2026),"LiveKit| http://livekit.io/ | VoiceAI | webRTC | Remote | Full Time
LiveKit is building th",WARM
remote_contract,"Anyfin | Full-Stack, Backend (Go), Data Engineer | Stockholm, Sweden | ONSITE 3 ",Anyfin,see listing,Remote,2026-06-18,https://news.ycombinator.com/item?id=48397115,,,HN Who is Hiring (June 2026),"Anyfin | Full-Stack, Backend (Go), Data Engineer | Stockholm, Sweden | ONSITE 3 days/week ",WARM
remote_contract,"Piramidal | Senior Backend, Infra, Frontend Engineers  | NYC onsite | Full-time ",Piramidal,see listing,Remote,2026-06-18,https://news.ycombinator.com/item?id=48399476,,,HN Who is Hiring (June 2026),"Piramidal | Senior Backend, Infra, Frontend Engineers  | NYC onsite | Full-time Piramidal ",WARM
remote_contract,Senior Python Backend Engineer | REMOTE (EMEA/APAC) We’re looking for Python bac,Senior Python Backend Engineer,see listing,Remote,2026-06-18,https://news.ycombinator.com/item?id=48399564,hiring@reef.pl,,HN Who is Hiring (June 2026),Senior Python Backend Engineer | REMOTE (EMEA/APAC) We’re looking for Python backend engin,WARM
remote_contract,Fold | Remote (US Only) | Senior Back End Engineer | Full-time Fold is a publicl,Fold,see listing,Remote,2026-06-18,https://news.ycombinator.com/item?id=48400258,,,HN Who is Hiring (June 2026),Fold | Remote (US Only) | Senior Back End Engineer | Full-time Fold is a publicly listed b,WARM
remote_contract,Pelotech | Staff Software Engineer | REMOTE (US Only) | Full-Time We're Pelotech,Pelotech,see listing,Remote,2026-06-18,https://news.ycombinator.com/item?id=48402188,henry.anderson@pelo.tech,,HN Who is Hiring (June 2026),Pelotech | Staff Software Engineer | REMOTE (US Only) | Full-Time We're Pelotech ( https:/,WARM
remote_contract,Aquabyte | USA | Full-Time | Perception Engineer | Platform Engineer | SF HYBRID,Aquabyte,see listing,Remote,2026-06-18,https://news.ycombinator.com/item?id=48402193,gem.openreq@aquabyte.ai,,HN Who is Hiring (June 2026),Aquabyte | USA | Full-Time | Perception Engineer | Platform Engineer | SF HYBRID and REMOT,WARM
remote_contract,Hive (S14) (www.hive.co) | Engineering roles | Remote within Canada | Full-time ,Hive (S14) (www.hive.co),see listing,Remote,2026-06-18,https://news.ycombinator.com/item?id=48403229,,,HN Who is Hiring (June 2026),Hive (S14) (www.hive.co) | Engineering roles | Remote within Canada | Full-time We power m,WARM
remote_contract,"Ohr | Founding AI Infrastructure Engineer | Remote (US, PST Preferred) Ohr is bu",Ohr,see listing,Remote,2026-06-18,https://news.ycombinator.com/item?id=48403261,ai@ohr.xyz,,HN Who is Hiring (June 2026),"Ohr | Founding AI Infrastructure Engineer | Remote (US, PST Preferred) Ohr is building cri",WARM
remote_contract,Xata | Backend Engineer | Remote (Europe or East Coast US) | Full-time Xata is b,Xata,see listing,Remote,2026-06-18,https://news.ycombinator.com/item?id=48403593,,,HN Who is Hiring (June 2026),Xata | Backend Engineer | Remote (Europe or East Coast US) | Full-time Xata is building Po,WARM
remote_contract,Sequent Tech | Senior Fullstack Engineer | REMOTE (Global) | Full-time | sequent,Sequent Tech,see listing,Remote,2026-06-18,https://news.ycombinator.com/item?id=48404229,team@sequentech.io,,HN Who is Hiring (June 2026),Sequent Tech | Senior Fullstack Engineer | REMOTE (Global) | Full-time | sequentech.io Seq,WARM
remote_contract,Tetsuwan Scientific | Software Engineer | San Francisco (SoMa) | ONSITE | Full-t,Tetsuwan Scientific,see listing,Remote,2026-06-18,https://news.ycombinator.com/item?id=48406760,,,HN Who is Hiring (June 2026),Tetsuwan Scientific | Software Engineer | San Francisco (SoMa) | ONSITE | Full-time | $140,WARM
remote_contract,Return | REMOTE | BESS Optimization Developer (Python) | Full-time Return ( http,Return,see listing,Remote,2026-06-18,https://news.ycombinator.com/item?id=48408853,,,HN Who is Hiring (June 2026),Return | REMOTE | BESS Optimization Developer (Python) | Full-time Return ( https://return,WARM
remote_contract,Estuary | US-Based / Remote | Full-time –  https://estuary.dev/  Estuary is a VC,Estuary,see listing,Remote,2026-06-18,https://news.ycombinator.com/item?id=48414026,careers@estuary.dev,,HN Who is Hiring (June 2026),"Estuary | US-Based / Remote | Full-time –  https://estuary.dev/  Estuary is a VC-backed, p",WARM
remote_contract,"Comvex | Full Time | Multiple Roles | REMOTE (US, South America) We're a healthc",Comvex,see listing,Remote,2026-06-18,https://news.ycombinator.com/item?id=48426455,peter.lever@comvex.ai,,HN Who is Hiring (June 2026),"Comvex | Full Time | Multiple Roles | REMOTE (US, South America) We're a healthcare revenu",WARM
remote_contract,"Quin | Founding Engineer (CTO for the right person) | REMOTE (US), preference fo",Quin,see listing,Remote,2026-06-18,https://news.ycombinator.com/item?id=48441385,quin@iamquin.ai,,HN Who is Hiring (June 2026),"Quin | Founding Engineer (CTO for the right person) | REMOTE (US), preference for Bay Area",WARM
remote_contract,"EggAI | Tech Lead, AI Engineer, Senior/Lead Platform Engineer/devops | REMOTE (E",EggAI,see listing,Remote,2026-06-18,https://news.ycombinator.com/item?id=48444439,,,HN Who is Hiring (June 2026),"EggAI | Tech Lead, AI Engineer, Senior/Lead Platform Engineer/devops | REMOTE (EU, Switzer",WARM
remote_contract,Weave Bio | Full time |  https://weave.bio/careers  | Series A Weave Bio has dev,Weave Bio,see listing,Remote,2026-06-18,https://news.ycombinator.com/item?id=48446422,,,HN Who is Hiring (June 2026),Weave Bio | Full time |  https://weave.bio/careers  | Series A Weave Bio has developed an ,WARM
remote_contract,Karhuno Group /  https://DearHiringManager.io  | Full-Stack Developer | REMOTE (,Karhuno Group /  https://DearHiringManager.io,see listing,Remote,2026-06-18,https://news.ycombinator.com/item?id=48450323,lars@dearhiringmanager.io,,HN Who is Hiring (June 2026),Karhuno Group /  https://DearHiringManager.io  | Full-Stack Developer | REMOTE (US only) |,WARM
remote_contract,"Pango | Senior Software Engineer - Full Stack, Technical Lead / Software Enginee",Pango,see listing,Remote,2026-06-18,https://news.ycombinator.com/item?id=48458096,steve@pango.ai,,HN Who is Hiring (June 2026),"Pango | Senior Software Engineer - Full Stack, Technical Lead / Software Engineer | Remote",WARM
remote_contract,"Disney | Senior Software Engineer, Backend | ONSITE, NYC | Full Time The Subscri",Disney,see listing,Remote,2026-06-18,https://news.ycombinator.com/item?id=48462170,,,HN Who is Hiring (June 2026),"Disney | Senior Software Engineer, Backend | ONSITE, NYC | Full Time The Subscriptions tea",WARM
remote_contract,"ChainSecurity | Blockchain Security Engineer | Full-time | INTERNS , HYBRID/REMO",ChainSecurity,see listing,Remote,2026-06-18,https://news.ycombinator.com/item?id=48469252,jobs@chainsecurity.com,,HN Who is Hiring (June 2026),"ChainSecurity | Blockchain Security Engineer | Full-time | INTERNS , HYBRID/REMOTE, Zurich",WARM
remote_contract,Aave | Senior Cyber Security Engineer | Hybrid (Dublin or London) / Remote (EU) ,Aave,see listing,Remote,2026-06-18,https://news.ycombinator.com/item?id=48496705,,,HN Who is Hiring (June 2026),Aave | Senior Cyber Security Engineer | Hybrid (Dublin or London) / Remote (EU) | Full-tim,WARM
remote_contract,"Cardog | Toronto, ON | Remote (Canada) | Full-time
AI-powered automotive platfor",Cardog,see listing,Remote,2026-06-18,https://news.ycombinator.com/item?id=48498049,,,HN Who is Hiring (June 2026),"Cardog | Toronto, ON | Remote (Canada) | Full-time
AI-powered automotive platform — we're ",WARM
remote_contract,Upwave (YC S12) | Senior Software Engineer | REMOTE (US) | Full-time | $150k-$17,Upwave (YC S12),see listing,Remote,2026-06-18,https://news.ycombinator.com/item?id=48507707,jason.kelly@upwave.com,,HN Who is Hiring (June 2026),Upwave (YC S12) | Senior Software Engineer | REMOTE (US) | Full-time | $150k-$175k + bonus,WARM
remote_contract,"Compa.AI | Enterprise Security Engineer | Hybrid (US - Irvine, Denver, Seattle) ",Compa.AI,see listing,Remote,2026-06-18,https://news.ycombinator.com/item?id=48509534,,,HN Who is Hiring (June 2026),"Compa.AI | Enterprise Security Engineer | Hybrid (US - Irvine, Denver, Seattle) | Full-tim",WARM
remote_contract,"Harmony AI | Chattanooga, TN + deployed at customer sites | Full-time | ONSITE/D",Harmony AI,see listing,Remote,2026-06-18,https://news.ycombinator.com/item?id=48533484,,,HN Who is Hiring (June 2026),"Harmony AI | Chattanooga, TN + deployed at customer sites | Full-time | ONSITE/Deployed Th",WARM
