category,title,company_or_agency,rate_or_budget,location,posted_date,link,contact_email,contact_phone,apply_method,description_snippet,priority
cloud_devops,INL_RFQ-PR15775950 INTERNET SERVICE GCO,AMERICAN EMBASSY BOGOTA - NAS,Gov contract,"WASHINGTON, DC",2026-06-15,https://sam.gov/opp/055e57d27b354f89a7be32ef23e62b23/view,,,SAM.gov portal,Combined Synopsis/Solicitation | resp 2026-06-25 | NAICS 518210,HOT
cloud_devops,ISBEE Set Aside - FBSU Claim Management / Revenue Cycle Management (RCM) Service,BILLINGS AREA INDIAN HEALTH SVC,Gov contract,"BILLINGS, MT",2026-06-23,https://sam.gov/opp/01bc2cd041974321bb4d8ca07ec5e253/view,,,SAM.gov portal,Combined Synopsis/Solicitation | resp 2026-07-06 | NAICS 518210,HOT
cloud_devops,Medicare Claim Management/Revenue Cycle Management (RCM) Service,BILLINGS AREA INDIAN HEALTH SVC,Gov contract,"BILLINGS, MT",2026-06-11,https://sam.gov/opp/da087b2cd43f4b2e8832ef52d64dea9b/view,,,SAM.gov portal,Combined Synopsis/Solicitation | resp 2026-07-02 | NAICS 518210,HOT
cloud_devops,Preservation Web Harvesting - Library of Congress,CONTRACTS SERVICES,Gov contract,"Washington, DC",2026-06-18,https://sam.gov/opp/57889cdb54e444e3aba6dbc7764dc28d/view,,,SAM.gov portal,Special Notice | resp 2026-06-26 | NAICS 518210,HOT
cloud_devops,iBoss Support Subscription for OIT,EASTERN OKLAHOMA REGION,Gov contract,"MUSKOGEE, OK",2026-06-10,https://sam.gov/opp/2d54d8c34aa44abab444f96cfda6a95a/view,,,SAM.gov portal,Combined Synopsis/Solicitation | resp 2026-06-24 | NAICS 518210,HOT
cloud_devops,FY 26 USAFA Herbarium Digitization Project,FA7000  10 CONS LGC,Gov contract,"USAF ACADEMY, CO",2026-06-18,https://sam.gov/opp/0b7698e075604a5187384a91487f50aa/view,,,SAM.gov portal,Sources Sought | resp 2026-06-25 | NAICS 518210,HOT
cloud_devops,TMTCG Websites,FA8520  ALFCMC EBWK,Gov contract,"ROBINS AFB, GA",2026-06-08,https://sam.gov/opp/bd611bb1cd56436ebdde98831dbb9f03/view,,,SAM.gov portal,Combined Synopsis/Solicitation | resp 2026-07-08 | NAICS 518210,HOT
cloud_devops,Bioinformatics Analysis of Livestock Genomics,FDA Office of Acquisitions and Grants Services,Gov contract,"Rockville, MD",2026-06-11,https://sam.gov/opp/34d5da8be11a4535a3138e1a72ccc58a/view,,,SAM.gov portal,Combined Synopsis/Solicitation | resp 2026-06-29 | NAICS 518210,HOT
cloud_devops,ID Scanners,"HOMELAND SECURITY, DEPARTMENT OF",Gov contract,,2026-06-23,https://sam.gov/opp/12323f77bc3440848a7d704b6fe8684d/view,,,SAM.gov portal,Special Notice | resp 2026-06-27 | NAICS 518210,HOT
cloud_devops,"eCRB Hosting, Licensing, Operation and Maintenance",LIBRARY OF CONGRESS,Gov contract,,2026-06-04,https://sam.gov/opp/9a8ae9b2500c4ab5a25ccf0e5855b09d/view,,,SAM.gov portal,Special Notice | resp 2026-06-24 | NAICS 518210,HOT
cloud_devops,IHS Global Insight,NAVAL SURFACE WARFARE CENTER,Gov contract,"CORONA, CA",2026-06-17,https://sam.gov/opp/80b7e6e495ce43b3826f51f2fc4d2cd2/view,,,SAM.gov portal,Combined Synopsis/Solicitation | resp 2026-06-24 | NAICS 518210,HOT
cloud_devops,Enterprise Cloud Services,NAVSUP FLT LOG CTR NORFOLK,Gov contract,"NORFOLK, VA",2026-06-15,https://sam.gov/opp/882be28057274bcb899ce032a13d33db/view,,,SAM.gov portal,Presolicitation | resp 2026-06-30 | NAICS 518210,HOT
cloud_devops,DA10--VA Enterprise Cloud Brokerage Service VA-27-00000536,TECHNOLOGY ACQUISITION CENTER NJ (36C10B),Gov contract,"EATONTOWN, NJ",2026-06-16,https://sam.gov/opp/29780d1b99444d7fa51af3bf5aedc12d/view,,,SAM.gov portal,Sources Sought | resp 2026-06-29 | NAICS 518210,HOT
cloud_devops,"Notice of Intent to Sole Source - Title: Aviation Software Licenses for Military Flight Dispatch and Integrated Navigation Data (INDS) Services for C-37A/B & C-39A Aircraft (Jeppesen ForeFlight, Inc.)",U.S. COAST GUARD,Gov contract,,2026-06-16,https://sam.gov/opp/95a9a11bcd91481786ca1abfd41e97ad/view,,,SAM.gov portal,Special Notice | resp 2026-06-30 | NAICS 518210,HOT
cloud_devops,"Notice of Intent to Sole Source – Title: Military Flight Dispatch & Integrated Navigation Data (INDS) - JEPPESEN FOREFLIGHT, INC.",U.S. COAST GUARD,Gov contract,,2026-06-16,https://sam.gov/opp/1965092d0fac449880d53d7e732b5035/view,,,SAM.gov portal,Special Notice | resp 2026-06-30 | NAICS 518210,HOT
gov_contract,R425--FY26 Services (Base plus 4) - WNY ECP/LOTO Procedures -  528/528A4,242-NETWORK CONTRACT OFFICE 02 (36C242),Gov contract,"ALBANY, NY",2026-06-11,https://sam.gov/opp/bf185eee3cf649a7b752c9eb7a760997/view,,,SAM.gov portal,Combined Synopsis/Solicitation | resp 2026-06-26 | NAICS 541330,HOT
gov_contract,C1DZ--460-26-001 Renovate Exterior of Main Hospital,244-NETWORK CONTRACT OFFICE 4 (36C244),Gov contract,"PITTSBURGH, PA",2026-06-18,https://sam.gov/opp/432f3fdb94de43ee8ebff0a42c77fa73/view,,,SAM.gov portal,Presolicitation | resp 2026-07-06 | NAICS 541330,HOT
gov_contract,C1DA--Replace Physical Access Control System - Design  Design,244-NETWORK CONTRACT OFFICE 4 (36C244),Gov contract,"PITTSBURGH, PA",2026-06-08,https://sam.gov/opp/fca7208606b145d8b54c3196e4a4f25c/view,,,SAM.gov portal,Presolicitation | resp 2026-07-06 | NAICS 541330,HOT
gov_contract,C1DA--503-26-104 Replace Underground Sprinkler and Domestic Water  Mains Design | NCO 4 Construction West  (VA-26-00058125),244-NETWORK CONTRACT OFFICE 4 (36C244),Gov contract,"PITTSBURGH, PA",2026-05-15,https://sam.gov/opp/7cf3e2b0695c4ae5bf6e67067ee81eb8/view,,,SAM.gov portal,Presolicitation | resp 2026-06-26 | NAICS 541330,HOT
gov_contract,"DA10--Robotic Surgical neurology equipment, install, deinstall,  and software solutionRFQ",245-NETWORK CONTRACT OFFICE 5 (36C245),Gov contract,"LINTHICUM, MD",2026-06-18,https://sam.gov/opp/fb7bb447f67e4d54999dd1610514cfa6/view,,,SAM.gov portal,Combined Synopsis/Solicitation | resp 2026-06-24 | NAICS 541519,HOT
gov_contract,6515--OR Integration System,246-NETWORK CONTRACTING OFFICE 6 (36C246),Gov contract,"HAMPTON, VA",2026-06-11,https://sam.gov/opp/448ec6d2a9b64c9bb33736aff887678b/view,,,SAM.gov portal,Solicitation | resp 2026-07-02 | NAICS 541512,HOT
gov_contract,7B22--OR Integration System,246-NETWORK CONTRACTING OFFICE 6 (36C246),Gov contract,"HAMPTON, VA",2026-06-10,https://sam.gov/opp/b4f881b9e21b45caa66be0ece90da47f/view,,,SAM.gov portal,Combined Synopsis/Solicitation | resp 2026-07-02 | NAICS 541512,HOT
gov_contract,F103--Utility Critical Water Testing at Asheville VAMC,246-NETWORK CONTRACTING OFFICE 6 (36C246),Gov contract,"HAMPTON, VA",2026-06-17,https://sam.gov/opp/a5a6859d1c874c00be6c9849d6f06724/view,,,SAM.gov portal,Presolicitation | resp 2026-06-25 | NAICS 541330,HOT
gov_contract,C222--626-26-101 Upgrade Nashville Generator Systems,249-NETWORK CONTRACT OFFICE 9 (36C249),Gov contract,"MURFREESBORO, TN",2026-06-09,https://sam.gov/opp/d449172b05f94d3d894bbc04d8389901/view,,,SAM.gov portal,Solicitation | resp 2026-07-03 | NAICS 541330,HOT
gov_contract,DA10--Alaris Software Management Service  NIHCS,250-NETWORK CONTRACT OFFICE 10 (36C250),Gov contract,"DAYTON, OH",2026-06-17,https://sam.gov/opp/4163f05eb88d4372a8602b89a3ec0380/view,,,SAM.gov portal,Sources Sought | resp 2026-06-26 | NAICS 541511,HOT
gov_contract,Predicted Signal Phase and Timing for Blocked Crossing Mitigation Phase 1,693JJ6 FEDERAL RAILROAD ADMIN,Gov contract,"WASHINGTON, DC",2026-06-10,https://sam.gov/opp/9fcf9fc8a08d43f09d2a41d45190af5e/view,,,SAM.gov portal,Special Notice | resp 2026-06-29 | NAICS 541511,HOT
gov_contract,Screening Information Request (SIR) for the Strategic Sourcing for the Acquisition of Various Supplies and Equipment (SAVES),697DCK REGIONAL ACQUISITIONS SVCS,Gov contract,"FORT WORTH, TX",2026-06-09,https://sam.gov/opp/93d5bb8926c2423cb6d824d19bbd7936/view,,,SAM.gov portal,Solicitation | resp 2026-07-07 | NAICS 541519,HOT
gov_contract,Software License Renewal - Lexis Nexis,ACQUISITIONS -  DIPLOMATIC SECURITY,Gov contract,"ARLINGTON, VA",2026-06-12,https://sam.gov/opp/eef2297b0e1f4f2f87ee80d5b405d395/view,,,SAM.gov portal,Sources Sought | resp 2026-06-24 | NAICS 541511,HOT
gov_contract,DoS Dermatology Specific Virtual Reference,ACQUISITIONS - AQM MOMENTUM,Gov contract,"WASHINGTON, DC",2026-06-17,https://sam.gov/opp/b0e10bce21054f748d7e1a1a60872a74/view,,,SAM.gov portal,Sources Sought | resp 2026-07-01 | NAICS 541519,HOT
gov_contract,GovTA COTS  - Timekeeping Software Solution with Minimal Customization,ACQUISITIONS - AQM MOMENTUM,Gov contract,"WASHINGTON, DC",2026-06-17,https://sam.gov/opp/b186a71e5f6f4a1790a6a9fcebd93aa0/view,,,SAM.gov portal,Sources Sought | resp 2026-06-26 | NAICS 541519,HOT
gov_contract,Mexican Criminal Courts Telepresence,ACQUISITIONS - AQM MOMENTUM,Gov contract,"WASHINGTON, DC",2026-05-27,https://sam.gov/opp/c57c0b2936614cd1a969bcde781e1b9d/view,,,SAM.gov portal,Presolicitation | resp 2026-06-26 | NAICS 541519,HOT
gov_contract,Sienna Software Development,ALLIANCE SUSTAINABLE ENRGY-DOECONTR,Gov contract,"Golden, CO",2026-06-09,https://sam.gov/opp/5928e2a37f9d495186c1a2fae234e39e/view,,,SAM.gov portal,Sources Sought | resp 2026-06-26 | NAICS 541511,HOT
gov_contract,Medium-Voltage Direct Current Filter,ALLIANCE SUSTAINABLE ENRGY-DOECONTR,Gov contract,"Golden, CO",2026-06-22,https://sam.gov/opp/abd5fa55134144648de7fa580cdf5591/view,,,SAM.gov portal,Solicitation | resp 2026-07-02 | NAICS 541330,HOT
gov_contract,MAMMOTH-CSO,ATTN: MS S84 - OCS,Gov contract,"SPRINGFIELD, VA",2026-06-16,https://sam.gov/opp/03f95f31ab4848019f154a6ce7425d19/view,,,SAM.gov portal,Solicitation | resp 2026-06-26 | NAICS 541519,HOT
gov_contract,Input/Output (I/O) Configuration for Refreshed Data Concentrator Unit (DCU),AVIATION LOGISTICS CENTER (ALC)(00038),Gov contract,"ELIZABETH CTY, NC",2026-05-22,https://sam.gov/opp/0d1d946d5135424d9c0456040691db18/view,,,SAM.gov portal,Combined Synopsis/Solicitation | resp 2026-06-26 | NAICS 541512,HOT
gov_contract,NATO Request for Information: Design and Implementation of Centralized Encrypted Traffic Interception System,BUREAU OF ECONOMIC ANALYSIS,Gov contract,,2026-06-22,https://sam.gov/opp/646c838129a14495845898f74c5fb1bc/view,,,SAM.gov portal,Special Notice | resp 2026-07-08 | NAICS 541519,HOT
gov_contract,NATO Request for Information: Forensics Evidence Management (FEM) System,BUREAU OF INDUSTRY AND SECURITY,Gov contract,,2026-06-15,https://sam.gov/opp/facab9a1608b4b59806dfe802cbd0d96/view,,,SAM.gov portal,Special Notice | resp 2026-07-06 | NAICS 541519,HOT
gov_contract,"NATO Business Opportunity: Provision of System Software Engineering Services and System Transition for Additional Modules for Advanced Rapid, Targeting and Effects Mission Information System (ARTEMIS)",BUREAU OF INDUSTRY AND SECURITY,Gov contract,,2026-05-20,https://sam.gov/opp/7c569de68b9041b18a3bc9c2a17e8247/view,,,SAM.gov portal,Special Notice | resp 2026-06-24 | NAICS 541519,HOT
gov_contract,Sage 300 Technical Services,CDC OFFICE OF ACQUISITION SERVICES,Gov contract,"ATLANTA, GA",2026-06-16,https://sam.gov/opp/3f792cad2d4d46ec990b0385f875d591/view,,,SAM.gov portal,Presolicitation | resp 2026-07-01 | NAICS 541511,HOT
gov_contract,eContract File Management System (eCFMS) Backend Support,DEFENSE HEALTH AGENCY,Gov contract,"FALLS CHURCH, VA",2026-06-11,https://sam.gov/opp/b69c0e7c37884c0c9a4a0ff6e3f0ee89/view,,,SAM.gov portal,Special Notice | resp 2026-06-26 | NAICS 541512,HOT
gov_contract,"Program Executive Office, Defense Healthcare Management Systems (PEO DHMS), Commercial Solutions Opening (CSO)",DEFENSE HEALTH AGENCY,Gov contract,"ROSSLYN, VA",2025-07-31,https://sam.gov/opp/bc2b02f206b2455a8bcd2664402451f6/view,,,SAM.gov portal,Solicitation | resp 2026-07-01 | NAICS 541512,HOT
gov_contract,Video Teleconferencing Modernization,DEFENSE HEALTH AGENCY,Gov contract,"FALLS CHURCH, VA",2026-06-23,https://sam.gov/opp/2a77aa03fdd841c29074304adbb71391/view,,,SAM.gov portal,Solicitation | resp 2026-07-06 | NAICS 541519,HOT
gov_contract,Services for Technology Engineering and Knowledge Management Modernization (STEaKMM),DEFENSE INFORMATION SYSTEMS AGENCY,Gov contract,"FORT MEADE, MD",2026-06-17,https://sam.gov/opp/789dfabfc5bf42139bbcc6e1543b04b9/view,,,SAM.gov portal,Sources Sought | resp 2026-07-01 | NAICS 541512,HOT
gov_contract,Application and Digital Services - Request for Information (RFI),DEPT OF COMMERCE ESO,Gov contract,"WASHINGTON, DC",2026-06-03,https://sam.gov/opp/e2d1f47cc54244b287037b0f23e74f4f/view,,,SAM.gov portal,Special Notice | resp 2026-06-26 | NAICS 541519,HOT
gov_contract,"Fabrication, Design and Manufacturing IDIQ",DEPT OF COMMERCE NIST,Gov contract,"GAITHERSBURG, MD",2026-06-04,https://sam.gov/opp/f97df49b1af24448a1e7674a400866f3/view,,,SAM.gov portal,Combined Synopsis/Solicitation | resp 2026-07-07 | NAICS 541330,HOT
gov_contract,D--Notice of Intent to Sole Source for SAMOS,DEPT OF COMMERCE NOAA,Gov contract,"NORFOLK, VA",2026-06-17,https://sam.gov/opp/4cde22ae380d4af29e983f9866467510/view,,,SAM.gov portal,Special Notice | resp 2026-06-29 | NAICS 541512,HOT
gov_contract,NOAA Fisheries Special Notice of Intent to a Single Source-Echoview Software Maintenance,DEPT OF COMMERCE NOAA,Gov contract,"KANSAS CITY, MO",2026-06-16,https://sam.gov/opp/0d771ee0a50f487aa04bdf863b3224c5/view,,,SAM.gov portal,Special Notice | resp 2026-07-01 | NAICS 541519,HOT
gov_contract,Intent to Sole Source Swift-Active Screener Licenses Renewal,DEPT OF COMMERCE NOAA,Gov contract,"SEATTLE, WA",2026-06-11,https://sam.gov/opp/d03a6198d44c451298641854b587bc65/view,,,SAM.gov portal,Presolicitation | resp 2026-06-26 | NAICS 541519,HOT
gov_contract,Intent to Sole Source,DEPT OF THE ARMY,Gov contract,,2026-06-22,https://sam.gov/opp/51da1329abdd43709ed21cc7398d7cd6/view,,,SAM.gov portal,Special Notice | resp 2026-07-06 | NAICS 541519,HOT
gov_contract,Annual maintenance for 152 ProLaw licenses,DRUG ENFORCEMENT ADMINISTRATION,Gov contract,,2026-06-11,https://sam.gov/opp/5164d71f24ab447c91b1c65edc0374e1/view,,,SAM.gov portal,Special Notice | resp 2026-06-25 | NAICS 541511,HOT
gov_contract,Fire Bottle Servicing,FA2823  AFTC PZIO,Gov contract,"EGLIN AFB, FL",2026-06-22,https://sam.gov/opp/7a5d6757cfe245b9bc8dbc996219eb0a/view,,,SAM.gov portal,Combined Synopsis/Solicitation | resp 2026-06-25 | NAICS 541330,HOT
gov_contract,Destruction Cart,FA3016  502 CONS CL,Gov contract,"JBSA LACKLAND, TX",2026-06-17,https://sam.gov/opp/c98a152f6671405b98a3fdd0fdfbf41a/view,,,SAM.gov portal,Solicitation | resp 2026-06-26 | NAICS 541519,HOT
gov_contract,FY26 OTS E-Testing Software,FA3300  42 CONS CC,Gov contract,"MAXWELL AFB, AL",2026-06-22,https://sam.gov/opp/5d9259be764d4f54a0818762a7008147/view,,,SAM.gov portal,Sources Sought | resp 2026-06-29 | NAICS 541519,HOT
gov_contract,Architect-Engineer (A-E) Services IDIQ for Offutt AFB,FA4600  55 CONS  PKP,Gov contract,"OFFUTT AFB, NE",2026-06-22,https://sam.gov/opp/c70bce2756224961b276d6c441e86853/view,,,SAM.gov portal,Combined Synopsis/Solicitation | resp 2026-06-25 | NAICS 541330,HOT
gov_contract,T-38A Virtual Reality Part Task Trainer (VRPTT) Maintenance,FA4625  509 CONS CC,Gov contract,"WHITEMAN AFB, MO",2026-06-09,https://sam.gov/opp/bd30518dae604ebc857bef9406f58709/view,,,SAM.gov portal,Sources Sought | resp 2026-06-24 | NAICS 541511,HOT
gov_contract,EGYN211002 Repair Electrical Transformers B820 B830 (A/E) & EGYN261004 Repair Wastewater Pond Liner F760 (A/E) at Cavalier Space Force Station,FA4659  319 CONS PK,Gov contract,"GRAND FORKS AFB, ND",2026-06-17,https://sam.gov/opp/077ae9e9eafe4e31bbbd4f087a80ff1c/view,,,SAM.gov portal,Presolicitation | resp 2026-06-26 | NAICS 541330,HOT
gov_contract,Ellsworth Junos Training,FA4690  28 CONS PKC,Gov contract,"ELLSWORTH AFB, SD",2026-06-23,https://sam.gov/opp/f90c9f7bfc0e4a22918be32218390285/view,,,SAM.gov portal,Solicitation | resp 2026-06-25 | NAICS 541519,HOT
gov_contract,Joint Base Langley- Eustis (JBLE) Architect -Engineer (A-E) Services IDIQ Contract,FA4800  633 CONS PKP,Gov contract,"LANGLEY AFB, VA",2026-06-23,https://sam.gov/opp/134095fdec1145fdaeeb5704b97d223c/view,,,SAM.gov portal,Sources Sought | resp 2026-07-06 | NAICS 541330,HOT
gov_contract,"Command and Control, Intelligence, Surveillance, and Reconnaissance (C2ISR) Staff Support",FA4890  HQ ACC AMIC,Gov contract,"LANGLEY AFB, VA",2026-06-15,https://sam.gov/opp/0f8a0940d1d543a1aaacbecbcdef74b7/view,,,SAM.gov portal,Sources Sought | resp 2026-06-30 | NAICS 541330,HOT
gov_contract,Alaska Range Combat Training Integrated Communications and Support (ARCTICS) II - Draft CLIN Structure,FA5215  766 ESS PKP,Gov contract,"JBPHH, HI",2026-06-15,https://sam.gov/opp/a03b5b985cfe4d3aab5e9afb87035c82/view,,,SAM.gov portal,Sources Sought | resp 2026-06-30 | NAICS 541330,HOT
gov_contract,Sustainment for Resonant Sciences Adaptable Zonal Radar (RAZR),FA8110  AFLCMC WWK,Gov contract,"TINKER AFB, OK",2026-06-05,https://sam.gov/opp/6a8c10b05dd04c3d9c72f467c3c56102/view,,,SAM.gov portal,Solicitation | resp 2026-07-06 | NAICS 541330,HOT
gov_contract,Tinker Base Engineering Support Services (TBESS) Sources Sought,FA8137  AFSC PZIOC,Gov contract,"TINKER AFB, OK",2026-06-18,https://sam.gov/opp/5f53ee4934834e998a3ff5e45190af8c/view,,,SAM.gov portal,Sources Sought | resp 2026-06-30 | NAICS 541330,HOT
gov_contract,JOINT ELECTRONIC DATA ACQUISITION INTERFACE (JEDAI),FA8232  AFLCMC WWMK,Gov contract,"HILL AFB, UT",2026-06-18,https://sam.gov/opp/092d3e01e5b24b0ab91764df1f11bed5/view,,,SAM.gov portal,Presolicitation | resp 2026-07-05 | NAICS 541330,HOT
gov_contract,Redesign and Source Qualification of F-16 CDEEU,FA8251  AFSC PZABB,Gov contract,"HILL AFB, UT",2026-04-20,https://sam.gov/opp/9f0c7776604d436384b3e6e6721b35cb/view,,,SAM.gov portal,Sources Sought | resp 2026-06-25 | NAICS 541330,HOT
gov_contract,Program Management/Service Revealed Deficiency (PM/SRD) Component Improvement Program (CIP) R&D Engineering Services,FA8252  AFSC PZAAB,Gov contract,"HILL AFB, UT",2026-06-11,https://sam.gov/opp/cace8191a0bd41f0b0ebdb61eff8bed2/view,,,SAM.gov portal,Presolicitation | resp 2026-06-26 | NAICS 541330,HOT
gov_contract,Robins AFB: Pre-solicitation Notice,FA8501  OPL CONTRACTING AFSC/PZIO,Gov contract,"ROBINS AFB, GA",2026-06-12,https://sam.gov/opp/ce666d4a8a1a42fba7c6fa8901852680/view,,,SAM.gov portal,Presolicitation | resp 2026-06-27 | NAICS 541330,HOT
gov_contract,U-2 ASQ-230 Sustainment and Support,FA8528  AFLCMC WIKA,Gov contract,"ROBINS AFB, GA",2026-06-17,https://sam.gov/opp/b40e7c5ae3344581bf217048c298de41/view,,,SAM.gov portal,Sources Sought | resp 2026-07-01 | NAICS 541330,HOT
gov_contract,Request for Information | F-15 Avionics Systems Supportability Analysis,FA8538  AFSC PZAAB,Gov contract,"ROBINS AFB, GA",2026-06-11,https://sam.gov/opp/c24c2729734b4c6394ba0b80d2136913/view,,,SAM.gov portal,Presolicitation | resp 2026-06-26 | NAICS 541330,HOT
gov_contract,Presolicitation | F-15 Maintenance Testability Analysis Program,FA8538  AFSC PZAAB,Gov contract,"ROBINS AFB, GA",2026-06-11,https://sam.gov/opp/35006e4cffc54ee38b2537882f5e29b3/view,,,SAM.gov portal,Presolicitation | resp 2026-06-26 | NAICS 541330,HOT
gov_contract,Reliability and Maintainability (R&M) Engineering Support for Helicopter Division,FA8552  AFLCMC WIU,Gov contract,"ROBINS AFB, GA",2026-06-03,https://sam.gov/opp/757bceb809b14f1d93a0c99f0da05a34/view,,,SAM.gov portal,Sources Sought | resp 2026-06-29 | NAICS 541330,HOT
gov_contract,THOR Software,FA8604  AFLCMC PZI,Gov contract,"WRIGHT PATTERSON AFB, OH",2026-06-11,https://sam.gov/opp/4ec7ea2ca2024915af066da1df55ae01/view,,,SAM.gov portal,Presolicitation | resp 2026-06-26 | NAICS 541519,HOT
gov_contract,T-7A Conference Hoteling,FA8617 AFLCMC WLDI/WLZ TRNG AIRCRFT,Gov contract,"WRIGHT PATTERSON AFB, OH",2026-05-29,https://sam.gov/opp/a8b53425a4c84940931175f3e45a8191/view,,,SAM.gov portal,Sources Sought | resp 2026-06-29 | NAICS 541330,HOT
gov_contract,Request for Information for Enterprise Resource Planning Common Services (ERP CS)_2026,FA8770  AFLCMC GBK,Gov contract,"WRIGHT PATTERSON AFB, OH",2026-06-05,https://sam.gov/opp/592f0bf678d5424a9e5db02b0c04b4c6/view,,,SAM.gov portal,Sources Sought | resp 2026-07-07 | NAICS 541511,HOT
gov_contract,Polyworks Renewal 2026,FA9101  AEDC PKP   PROCRMNT BR,Gov contract,"ARNOLD AFB, TN",2026-06-16,https://sam.gov/opp/b6ad8df56df54c21ae107732279678d9/view,,,SAM.gov portal,Combined Synopsis/Solicitation | resp 2026-07-06 | NAICS 541519,HOT
gov_contract,Bottle Field Assessment,FA9101  AEDC PKP   PROCRMNT BR,Gov contract,"ARNOLD AFB, TN",2026-06-23,https://sam.gov/opp/6fb00e35df1e446cb4d78de92b7d46a5/view,,,SAM.gov portal,Sources Sought | resp 2026-07-07 | NAICS 541330,HOT
gov_contract,Aerospace Systems Technical Research & Operations Support Services II (ASTROS II),FA9300 AFTC PZR,Gov contract,"EDWARDS AFB, CA",2026-06-17,https://sam.gov/opp/6512f73c3096437fa6f37b065a5008e4/view,,,SAM.gov portal,Sources Sought | resp 2026-07-08 | NAICS 541330,HOT
gov_contract,Aerospace Systems Technical Research & Operations Support Services II (ASTROS II),FA9300 AFTC PZR,Gov contract,"EDWARDS AFB, CA",2026-06-16,https://sam.gov/opp/382b028cc2694f5c99ced6bb5255dbb6/view,,,SAM.gov portal,Sources Sought | resp 2026-06-25 | NAICS 541330,HOT
gov_contract,Bruker-Alicona InfiniteFocus Microscope System Software Upgrade,FDA OFFICE OF ACQ  GRANT SVCS,Gov contract,"ROCKVILLE, MD",2026-06-15,https://sam.gov/opp/0d065ef5912f45f7b58fdee193903ba0/view,,,SAM.gov portal,Combined Synopsis/Solicitation | resp 2026-06-30 | NAICS 541519,HOT
gov_contract,"IDAS System Operations, Licensing Renewal, and Maintenance",FDA Office of Acquisitions and Grants Services,Gov contract,"Rockville, MD",2026-06-11,https://sam.gov/opp/39539db3318c4310b1fbffabf5c5753b/view,,,SAM.gov portal,Sources Sought | resp 2026-06-25 | NAICS 541519,HOT
gov_contract,Amended Class Justification for Information Assurance/Mission Assurance and Life Cycle Management Program Integrated Data Environment (LCMP-IDE) in support of: United States Air Force (USAF) Air Force Materiel Command Air Force Lifecycle Management Center,FEDERAL ACQUISITION SERVICE,Gov contract,,2026-06-15,https://sam.gov/opp/67abed3e95d84c0288b41b991442c48b/view,,,SAM.gov portal,Special Notice | resp 2026-07-01 | NAICS 541511,HOT
gov_contract,FDIC Acquisition System Next Generation (AS-NG),FEDERAL DEPOSIT INSURANCE CORPORATION,Gov contract,,2026-06-18,https://sam.gov/opp/d945f752483f4e81bb00cd3b8450bc51/view,,,SAM.gov portal,Solicitation | resp 2026-07-01 | NAICS 541512,HOT
gov_contract,FDIC's CISCO Hardware and Subscription Maintenance,FEDERAL DEPOSIT INSURANCE CORPORATION,Gov contract,,2026-06-09,https://sam.gov/opp/6d9a4ae4f5834cae9293568615f0dc2b/view,,,SAM.gov portal,Solicitation | resp 2026-06-25 | NAICS 541519,HOT
gov_contract,D--Special Notice of Intent to Sole Source Award,"FWS, IT SERVICES",Gov contract,"Falls Church, VA",2026-06-22,https://sam.gov/opp/23dabd7f5f6946bdb1a867ed17dea8ba/view,,,SAM.gov portal,Special Notice | resp 2026-07-02 | NAICS 541511,HOT
gov_contract,Solicitation Notice - Recreation Permitting & Tran,"FWS, IT SERVICES",Gov contract,"Falls Church, VA",2026-06-17,https://sam.gov/opp/4a7101228c1b4ab9ae56ddb81ee202a1/view,,,SAM.gov portal,Solicitation | resp 2026-07-08 | NAICS 541511,HOT
gov_contract,IHS-SS-26-1527469-Data Ray manages service for the bar code labeling for the Quentin N Burdick Memorial Healthcare in Belcourt ND,GREAT PLAINS AREA INDIAN HEALTH SVC,Gov contract,"ABERDEEN, SD",2026-06-10,https://sam.gov/opp/027a29292b61471183c8f7949dbcf23c/view,,,SAM.gov portal,Sources Sought | resp 2026-06-25 | NAICS 541512,HOT
gov_contract,"Office of Subsurface Capabilities (CG 7212)  Power Platform Modernization, Training, and SME Support",HQ CONTRACT OPERATIONS (CG-912)(000,Gov contract,"WASHINGTON, DC",2026-06-11,https://sam.gov/opp/8b6a2a89c205493ea92526019cb23cb1/view,,,SAM.gov portal,Sources Sought | resp 2026-06-25 | NAICS 541511,HOT
gov_contract,Engineering Technical Support Services to Support Parametric Ship Hull Modeling in Rhinoceros Software,HQ CONTRACT OPERATIONS (CG-912)(000,Gov contract,"WASHINGTON, DC",2026-06-17,https://sam.gov/opp/7437487df5e248c6868374b1d95c27b9/view,,,SAM.gov portal,Solicitation | resp 2026-07-07 | NAICS 541330,HOT
gov_contract,J6 Program Management Office Support Services,HQ USSOCOM,Gov contract,"TAMPA, FL",2026-06-16,https://sam.gov/opp/0fb6a12bdb264b909c30de709eee1591/view,,,SAM.gov portal,Solicitation | resp 2026-07-08 | NAICS 541519,HOT
gov_contract,Engineering Support Services ID/IQ,INCIDENT PROCUREMENT AVIATION BRANCH,Gov contract,"Boise, ID",2026-06-15,https://sam.gov/opp/717a4a2218ed4b3aae10615a23e963d9/view,,,SAM.gov portal,Combined Synopsis/Solicitation | resp 2026-07-06 | NAICS 541330,HOT
gov_contract,Wireless Intrusion Detection Systems (WIDS) RFI,IT CONTRACTING DIVISION - PL83,Gov contract,"SCOTT AFB, IL",2026-06-18,https://sam.gov/opp/a268bf68bfe440b8b55bc3a60387fcfc/view,,,SAM.gov portal,Presolicitation | resp 2026-06-26 | NAICS 541519,HOT
gov_contract,"80JSC023DA010, Simulation and Software Technology (SST) III Ceiling Increase",NASA JOHNSON SPACE CENTER,Gov contract,"HOUSTON, TX",2026-06-11,https://sam.gov/opp/69e916e7200f40919fc4a98ac1f7fea6/view,,,SAM.gov portal,Special Notice | resp 2026-06-26 | NAICS 541511,HOT
gov_contract,Symphony OpsVue Software Licenses,NATIONAL TRANSPORTATION SAFETY BOARD,Gov contract,,2026-06-16,https://sam.gov/opp/a8678b201fe4445ea6979fb0e93f17db/view,,,SAM.gov portal,Special Notice | resp 2026-06-30 | NAICS 541511,HOT
gov_contract,WASP Systems Engineering,NAVAL AIR SYSTEMS COMMAND,Gov contract,"PATUXENT RIVER, MD",2026-06-15,https://sam.gov/opp/134bbffbb2a14a319e44206e050e4092/view,,,SAM.gov portal,Presolicitation | resp 2026-06-30 | NAICS 541330,HOT
gov_contract,Scetpre License,NAVAL AIR WARFARE CENTER AIR DIV,Gov contract,"PATUXENT RIVER, MD",2026-06-22,https://sam.gov/opp/4da53c134c0f4622b31a54b4b7874d46/view,,,SAM.gov portal,Combined Synopsis/Solicitation | resp 2026-06-26 | NAICS 541511,HOT
gov_contract,NAWCAD WOLF SAIW Technical and Engineering Services (TES),NAVAL AIR WARFARE CENTER AIR DIV,Gov contract,"PATUXENT RIVER, MD",2026-06-22,https://sam.gov/opp/72db408c20c24775a3547b7b734c1feb/view,,,SAM.gov portal,Solicitation | resp 2026-07-02 | NAICS 541330,HOT
gov_contract,Alternate Sourcing for JAU-72B/A Cartridge Actuated Initiators,NAVAL AIR WARFARE CENTER AIR DIV,Gov contract,"PATUXENT RIVER, MD",2026-06-11,https://sam.gov/opp/215acd282e564852813c52b8558577a4/view,,,SAM.gov portal,Combined Synopsis/Solicitation | resp 2026-06-25 | NAICS 541330,HOT
gov_contract,NATO Improved Link Eleven (NILE) In-Service Support 6 (ISS 6),NAVAL INFORMATION WARFARE SYSTEMS,Gov contract,"SAN DIEGO, CA",2026-06-04,https://sam.gov/opp/f2e9afe1798744d9a0a0df9ee46990e4/view,,,SAM.gov portal,Presolicitation | resp 2026-07-06 | NAICS 541512,HOT
gov_contract,AV Equipment Upgrade for Split Conference Rooms,NAVAL SURFACE WARFARE CENTER,Gov contract,"CORONA, CA",2026-06-18,https://sam.gov/opp/1d9581a75cad4438979bbf90e848f617/view,,,SAM.gov portal,Sources Sought | resp 2026-06-24 | NAICS 541519,HOT
gov_contract,Mission Module Engineering and Technical Support,NAVAL SURFACE WARFARE CENTER,Gov contract,"PANAMA CITY BEACH, FL",2026-06-16,https://sam.gov/opp/2f0b9b10303140318f9a28f1473ca685/view,,,SAM.gov portal,Presolicitation | resp 2026-07-02 | NAICS 541330,HOT
gov_contract,"Mine Warfare (MIW) and Surface Mine Countermeasures (SMCM) Design Agent (DA), Technical Direction Agent (TDA), In-Service Engineering Agent (ISEA), and Foreign Military Sales (FMS)",NAVAL SURFACE WARFARE CENTER,Gov contract,"PANAMA CITY BEACH, FL",2026-06-16,https://sam.gov/opp/2b01d1db486d440db923601ed68f1b00/view,,,SAM.gov portal,Presolicitation | resp 2026-06-25 | NAICS 541330,HOT
gov_contract,Notice of Intent,NAVFACSYSCOM ATLANTIC,Gov contract,"NORFOLK, VA",2026-06-17,https://sam.gov/opp/5d7255ce87fa4f2a81966358dd74fe76/view,,,SAM.gov portal,Special Notice | resp 2026-06-24 | NAICS 541519,HOT
gov_contract,"IDIQ for Electrical Utility and Facility AE Services to Support NAVFAC Atlantic and Pacific Area Of Operations, Worldwide",NAVFACSYSCOM ATLANTIC,Gov contract,"NORFOLK, VA",2026-05-27,https://sam.gov/opp/824e21ebd29f427f8b45e36fcc65db48/view,,,SAM.gov portal,Sources Sought | resp 2026-06-26 | NAICS 541330,HOT
gov_contract,Force Generation Professional Support Services,NAVSUP FLT LOG CTR  SAN DIEGO,Gov contract,"SAN DIEGO, CA",2026-05-18,https://sam.gov/opp/dfe997f389d94143b4f1fa548c3d4887/view,,,SAM.gov portal,Presolicitation | resp 2026-06-27 | NAICS 541330,HOT
gov_contract,RFQ for Engineering Support Services,NAVSUP FLT LOG CTR NORFOLK,Gov contract,"NORFOLK, VA",2026-06-22,https://sam.gov/opp/8f47947153f84e4ebea76c397867c8d8/view,,,SAM.gov portal,Solicitation | resp 2026-06-24 | NAICS 541512,HOT
gov_contract,Microsoft Unified Support Services,NAVSUP FLT LOG CTR NORFOLK,Gov contract,"NORFOLK, VA",2026-06-10,https://sam.gov/opp/0e8a3364dacc4654b8263861f293a443/view,,,SAM.gov portal,Combined Synopsis/Solicitation | resp 2026-06-24 | NAICS 541511,HOT
gov_contract,Data Protection and Recovery Services,NAVSUP FLT LOG CTR NORFOLK,Gov contract,"NORFOLK, VA",2026-06-22,https://sam.gov/opp/7819b63c237f44129aeb77544a8828e7/view,,,SAM.gov portal,Sources Sought | resp 2026-06-29 | NAICS 541519,HOT
gov_contract,Maritime Domain Awareness,NAVSUP FLT LOG CTR NORFOLK,Gov contract,"NORFOLK, VA",2026-06-18,https://sam.gov/opp/f25c4a50d7cf41e9b6310675e59190c3/view,,,SAM.gov portal,Sources Sought | resp 2026-06-24 | NAICS 541519,HOT
gov_contract,FGEN Support Services,NAVSUP FLT LOG CTR NORFOLK,Gov contract,"NORFOLK, VA",2026-06-17,https://sam.gov/opp/49946ae50c244b23987de83a5fd9a05d/view,,,SAM.gov portal,Sources Sought | resp 2026-06-29 | NAICS 541330,HOT
gov_contract,GSA OASIS 8(a) - PIER Fiber Maintenance,NAVSUP FLT LOG CTR NORFOLK,Gov contract,"NORFOLK, VA",2026-06-16,https://sam.gov/opp/d3cdfebaa38c4a6f9421f3095fe3d560/view,,,SAM.gov portal,Solicitation | resp 2026-06-29 | NAICS 541330,HOT
gov_contract,SBTC Training and Logistics Support,NAVSUP FLT LOG CTR NORFOLK,Gov contract,"NORFOLK, VA",2026-06-16,https://sam.gov/opp/79db1be41a4342e6a737bf79a5041e29/view,,,SAM.gov portal,Solicitation | resp 2026-07-02 | NAICS 541330,HOT
gov_contract,Joint Education and Doctrine Division (JEDD) Support,NAVSUP FLT LOG CTR NORFOLK,Gov contract,"NORFOLK, VA",2026-06-10,https://sam.gov/opp/92f893556aa549c988930dd2c956110b/view,,,SAM.gov portal,Solicitation | resp 2026-07-01 | NAICS 541330,HOT
gov_contract,J063--Overhead Paging/Public Address System,NETWORK CONTRACT OFFICE 23 (36C263),Gov contract,"Saint Paul, MN",2026-06-18,https://sam.gov/opp/ae43f23ec72d43b6b6db5e6d9c52001c/view,,,SAM.gov portal,Sources Sought | resp 2026-06-28 | NAICS 541519,HOT
gov_contract,SeaPort NxG Request for Proposal - Advanced Technology Development Support Services,NIWC ATLANTIC,Gov contract,"NORTH CHARLESTON, SC",2026-06-05,https://sam.gov/opp/c6c34df82588444cb960b36a90cc1c89/view,,,SAM.gov portal,Solicitation | resp 2026-07-07 | NAICS 541330,HOT
gov_contract,Command & Control Experimentation (C2X) and Modernization Software Engineering Services for Future Naval Operations_*SEAPORT CONTRACT HOLDERS ONLY,NIWC PACIFIC,Gov contract,"SAN DIEGO, CA",2026-06-16,https://sam.gov/opp/df629dc46ebb49fb8f53d905ab2dbe0e/view,,,SAM.gov portal,Solicitation | resp 2026-06-29 | NAICS 541330,HOT
gov_contract,Feasibility Study Tank,NSWC CARDEROCK,Gov contract,"BETHESDA, MD",2026-06-23,https://sam.gov/opp/942550ce9dfb4c559bb0ab0da5ee017c/view,,,SAM.gov portal,Presolicitation | resp 2026-06-29 | NAICS 541330,HOT
gov_contract,NSWCCD Electron Beam Welding Qualification,NSWC CARDEROCK,Gov contract,"BETHESDA, MD",2026-06-18,https://sam.gov/opp/19e4bd8a1509488681bdaf37e1f4c1b6/view,,,SAM.gov portal,Combined Synopsis/Solicitation | resp 2026-07-06 | NAICS 541330,HOT
gov_contract,Engineering Services NSWCCD Code 83,NSWC CARDEROCK,Gov contract,"BETHESDA, MD",2026-06-11,https://sam.gov/opp/6e5354109cc642d08884fca6f9639afd/view,,,SAM.gov portal,Special Notice | resp 2026-06-30 | NAICS 541330,HOT
gov_contract,"REQUEST FOR INFORMATION (RFI)/SOURCES SOUGHT ? NON-PERSONAL ACQUISITION ENGINEERING, PRODUCT SUPPORT AND LOGISTICS (PSL) SUPPORT TO THE MARITIME ELECTROMAGNETIC WARFARE DIVISION- PSC R706 - NAICS 541330",NSWC CRANE,Gov contract,"CRANE, IN",2026-06-23,https://sam.gov/opp/732ae7b428ae44b0a520b129ea0f8071/view,,,SAM.gov portal,Presolicitation | resp 2026-07-07 | NAICS 541330,HOT
gov_contract,"SOURCES SOUGHT: Non-personal engineering, technical, logistics, configuration management, data management, and program management support services required by Code GXW at NSWC Crane",NSWC CRANE,Gov contract,"CRANE, IN",2026-06-22,https://sam.gov/opp/921085396f274a66b062971b35da5c2e/view,,,SAM.gov portal,Sources Sought | resp 2026-07-07 | NAICS 541330,HOT
gov_contract,N0016426R3107: Professional Support Services for PMS 312 and 368 in Support of RCOH/ INACT/ ILS,NSWC CRANE,Gov contract,"CRANE, IN",2026-06-17,https://sam.gov/opp/5bd86d687e9341c9bc5798b178e43828/view,,,SAM.gov portal,Solicitation | resp 2026-07-07 | NAICS 541330,HOT
gov_contract,Synopsis - Depot Level Repairs for the Surface Electronic Warfare Improvement Program (SEWIP) Block 3 Electronic Attack (EA) Subsystem of the AN/SLQ-32(V)7,NSWC CRANE,Gov contract,"CRANE, IN",2026-06-09,https://sam.gov/opp/39ac120137874306a71fdc086fa3f5a6/view,,,SAM.gov portal,Special Notice | resp 2026-06-25 | NAICS 541330,HOT
gov_contract,GE iFix Software,NSWC PHILADELPHIA DIV,Gov contract,"PHILADELPHIA, PA",2026-06-23,https://sam.gov/opp/45655009c58946f4af9e1f69674cc690/view,,,SAM.gov portal,Presolicitation | resp 2026-06-26 | NAICS 541519,HOT
gov_contract,Machinery Arrangement Support Request for Proposal,NSWC PHILADELPHIA DIV,Gov contract,"PHILADELPHIA, PA",2026-06-23,https://sam.gov/opp/201cf9547bdc4344ab18b376ab18acb3/view,,,SAM.gov portal,Combined Synopsis/Solicitation | resp 2026-06-30 | NAICS 541330,HOT
gov_contract,Upkeep of Oxygen Production and Storage Systems,NSWC PHILADELPHIA DIV,Gov contract,"PHILADELPHIA, PA",2026-06-17,https://sam.gov/opp/61c43bd8406248b4b19fbd1f6d2b8286/view,,,SAM.gov portal,Special Notice | resp 2026-07-01 | NAICS 541330,HOT
gov_contract,LBES Large Seaport (FY26)_LBESe Business Operations/Engineering Services New Seaport Task Order,NSWC PHILADELPHIA DIV,Gov contract,"PHILADELPHIA, PA",2026-06-17,https://sam.gov/opp/959a69db854e466bb2c169b3f2d2fe55/view,,,SAM.gov portal,Solicitation | resp 2026-06-24 | NAICS 541330,HOT
gov_contract,Obsolescence Engineering Services,NSWC PHILADELPHIA DIV,Gov contract,"PHILADELPHIA, PA",2026-06-16,https://sam.gov/opp/b0757075290341d49865077673277aa8/view,,,SAM.gov portal,Special Notice | resp 2026-06-30 | NAICS 541330,HOT
gov_contract,Impedence Measurement Device (IMD),NSWC PHILADELPHIA DIV,Gov contract,"PHILADELPHIA, PA",2026-06-15,https://sam.gov/opp/2925b5c87dbb40c08e9442d0c861a98d/view,,,SAM.gov portal,Presolicitation | resp 2026-06-30 | NAICS 541330,HOT
gov_contract,ECDIS-N/Navigation/Steering and Propulsion Support,NSWC PHILADELPHIA DIV,Gov contract,"PHILADELPHIA, PA",2026-06-01,https://sam.gov/opp/42d92bc331b249f3a9e364f1bc73e3c6/view,,,SAM.gov portal,Solicitation | resp 2026-06-30 | NAICS 541330,HOT
gov_contract,"Symbolic Nuclear Analysis Package (SNAP) Development, Maintenance, and Support Follow-On",NUCLEAR REGULATORY COMMISSION,Gov contract,"ROCKVILLE, MD",2026-06-08,https://sam.gov/opp/93bb9870648743cdaea28210057fd0f2/view,,,SAM.gov portal,Sources Sought | resp 2026-07-08 | NAICS 541511,HOT
gov_contract,"Configuration Management Professional (CMPRO) Configuration Management Support Services - Indefinite Delivery, Indefinite Quantity (IDIQ)",NUWC DIV NEWPORT,Gov contract,"NEWPORT, RI",2026-06-23,https://sam.gov/opp/ff92ea2bef6745b2908cbc96b671fb63/view,,,SAM.gov portal,Combined Synopsis/Solicitation | resp 2026-06-26 | NAICS 541330,HOT
gov_contract,C211--CFM AE SERVICES IDIQ FOR VA NATIONAL CEMETERY PROJECTS,OFFICE OF CONSTRUCTION &  FACILITIES MGMT (36C10F),Gov contract,"WASHINGTON, DC",2026-06-22,https://sam.gov/opp/1fa9067577cc47d899895ae9d2331d97/view,,,SAM.gov portal,Sources Sought | resp 2026-07-08 | NAICS 541330,HOT
gov_contract,"C1AZ- PCAC IDIQ Holders Only - Manhattan, NY Electrical Upgrades Project Project No. 630-600A | 36C10F26R00036",OFFICE OF CONSTRUCTION &  FACILITIES MGMT (36C10F),Gov contract,"WASHINGTON, DC",2026-06-08,https://sam.gov/opp/254d44259502485bbdd7a772d5272820/view,,,SAM.gov portal,Special Notice | resp 2026-06-30 | NAICS 541330,HOT
gov_contract,N0001426R4005,OFFICE OF NAVAL RESEARCH,Gov contract,"ARLINGTON, VA",2026-06-10,https://sam.gov/opp/3cad89853e1a4f5ab2e8917c595a2494/view,,,SAM.gov portal,Solicitation | resp 2026-06-30 | NAICS 541330,HOT
gov_contract,IHS1528286 – Enterprise Information Technology Service Management (EITSM) Support Services,PROGRAM SUPPORT CENTER ACQ MGMT SVC,Gov contract,"ROCKVILLE, MD",2026-06-18,https://sam.gov/opp/6c721e9830cb4aa881fccfb4e02105cc/view,,,SAM.gov portal,Sources Sought | resp 2026-06-30 | NAICS 541512,HOT
gov_contract,Printer/Scanner/Copier plus three Option Years for extended maintenance and service IHS Mescalero Service,PROGRAM SUPPORT CENTER ACQ MGMT SVC,Gov contract,"ROCKVILLE, MD",2026-06-16,https://sam.gov/opp/7f166d5c0adf460482aaeeb32b485a60/view,,,SAM.gov portal,Sources Sought | resp 2026-06-26 | NAICS 541519,HOT
gov_contract,ServiceNow_IHS1527016,PROGRAM SUPPORT CENTER ACQ MGMT SVC,Gov contract,"ROCKVILLE, MD",2026-06-16,https://sam.gov/opp/a8a55f5af0084be6a15c48b1cca91af5/view,,,SAM.gov portal,Sources Sought | resp 2026-06-30 | NAICS 541519,HOT
gov_contract,DA01--Chat Bot (VA-26-00059859),SAC FREDERICK (36C10X),Gov contract,"FREDERICK, MD",2026-06-11,https://sam.gov/opp/0b29213f2f164700bd553b1e4bc62fd4/view,,,SAM.gov portal,Presolicitation | resp 2026-06-26 | NAICS 541511,HOT
gov_contract,Moodle Learning Management System (LMS) Modernization,SELECTIVE SERVICE SYSTEM,Gov contract,,2026-06-02,https://sam.gov/opp/503d4c9a19bd42919667afac19dd24d3/view,,,SAM.gov portal,Special Notice | resp 2026-06-30 | NAICS 541512,HOT
gov_contract,Selective Service System Website Modernization,SELECTIVE SERVICE SYSTEM (SSS),Gov contract,"ARLINGTON, VA",2026-06-22,https://sam.gov/opp/bc5252d4dda54cdc984feb5bf33a9246/view,,,SAM.gov portal,Solicitation | resp 2026-06-30 | NAICS 541519,HOT
gov_contract,Notice of Intent ModelCenter Software,SFLC PROCUREMENT BRANCH 3(00040),Gov contract,"BALTIMORE, MD",2026-06-10,https://sam.gov/opp/4f82d094be9e47009bc27e320bfa9ff3/view,,,SAM.gov portal,Special Notice | resp 2026-06-25 | NAICS 541519,HOT
gov_contract,Request For Information (RFI) for Open Systems (OS) Enterprise Disk Storage Inf,SSA OFC OF ACQUISITION  GRANTS,Gov contract,"BALTIMORE, MD",2026-06-04,https://sam.gov/opp/ef085cdd890746f6bb0f8b08656d06b0/view,,,SAM.gov portal,Special Notice | resp 2026-07-01 | NAICS 541519,HOT
gov_contract,Interoperability and Interface Modernization Request for Information,STRATEGIC ACQUISITION CENTER FREDERICKSBURG (36C10G),Gov contract,"FREDERICKSBURG, VA",2026-06-11,https://sam.gov/opp/fefac43460fe4f08a99ecb36aa85e692/view,,,SAM.gov portal,Sources Sought | resp 2026-06-29 | NAICS 541512,HOT
gov_contract,SSBN Water Couplers,STRATEGIC SYSTEMS PROGRAMS,Gov contract,"WASHINGTON NAVY YARD, DC",2026-06-23,https://sam.gov/opp/d66a002906db49ea802fb8d01ff5a26f/view,,,SAM.gov portal,Special Notice | resp 2026-07-08 | NAICS 541330,HOT
gov_contract,"DA01--Endoscopy Legacy SQL Data Consolidation, Reporting and  Technical Support  VA-26-00066280",TECHNOLOGY ACQUISITION CENTER NJ (36C10B),Gov contract,"EATONTOWN, NJ",2026-06-23,https://sam.gov/opp/c526f060094b447d8252c216d98568e2/view,,,SAM.gov portal,Sources Sought | resp 2026-06-29 | NAICS 541512,HOT
gov_contract,Engineered Care,TECHNOLOGY ACQUISITION CENTER NJ (36C10B),Gov contract,"EATONTOWN, NJ",2026-06-23,https://sam.gov/opp/79b1d98731e04a4683c4b54833da36ff/view,,,SAM.gov portal,Presolicitation | resp 2026-06-25 | NAICS 541519,HOT
gov_contract,DA10--Cority GX2 Brand Name or Equivalent Software as a Service  Subscription  (VA-26-00049891),TECHNOLOGY ACQUISITION CENTER NJ (36C10B),Gov contract,"EATONTOWN, NJ",2026-06-23,https://sam.gov/opp/2675bdfc21db4b6987e0b0dcbcbb1023/view,,,SAM.gov portal,Sources Sought | resp 2026-06-30 | NAICS 541519,HOT
gov_contract,DA10--Payment Integrity Validation and Oversight Tool (PIVOT)  (VA-26-00015670)  RFI LoopBack,TECHNOLOGY ACQUISITION CENTER NJ (36C10B),Gov contract,"EATONTOWN, NJ",2026-06-22,https://sam.gov/opp/24bd13ce699a4dc18df7d6f836efba4a/view,,,SAM.gov portal,Special Notice | resp 2026-06-30 | NAICS 541519,HOT
gov_contract,DA10--4Cast Software Subscription (VA-26-00062735),TECHNOLOGY ACQUISITION CENTER NJ (36C10B),Gov contract,"EATONTOWN, NJ",2026-06-18,https://sam.gov/opp/84758093e54e4c2da07a23892e073557/view,,,SAM.gov portal,Presolicitation | resp 2026-06-24 | NAICS 541519,HOT
gov_contract,DA01--VISN 21 Patient Elopement and Wandering Prevention  (VA-26-00049526),TECHNOLOGY ACQUISITION CENTER NJ (36C10B),Gov contract,"EATONTOWN, NJ",2026-04-27,https://sam.gov/opp/19fd9f13ea514589b55aa4d69f6932fa/view,,,SAM.gov portal,Presolicitation | resp 2026-06-30 | NAICS 541519,HOT
gov_contract,TEGUC-Feasibility Study for the design and construction of a dedicated underground medium voltage (MV) power feeder for the U.S. Embassy New Embassy Compound (NEC).,U.S. EMBASSY TEGUCIGALPA,Gov contract,"WASHINGTON, DC",2026-06-17,https://sam.gov/opp/5b3dd2e097414f74add2bf26214e6499/view,,,SAM.gov portal,Combined Synopsis/Solicitation | resp 2026-06-26 | NAICS 541330,HOT
gov_contract,Procurement of 74 x iPhone 17e,US CONSULATE FRANKFURT,Gov contract,"DPO, AE",2026-06-18,https://sam.gov/opp/2ab42fe2f24c4affb6600574caef725a/view,,,SAM.gov portal,Combined Synopsis/Solicitation | resp 2026-06-30 | NAICS 541519,HOT
gov_contract,J&A to Increase Design MATOC Capacity,USACE,Gov contract,,2026-06-04,https://sam.gov/opp/48055d7eb164431b9eaea7f38e8df637/view,,,SAM.gov portal,Special Notice | resp 2026-07-04 | NAICS 541330,HOT
gov_contract,Upcoming USDA Solicitation – Consolidated Operational Teams and Support Services,"USDA, OCP-POD-ACQ-MGMT-BRANCH-FTC",Gov contract,"FORT COLLINS, CO",2026-06-22,https://sam.gov/opp/41ce6a755e474a97967b259e525a5972/view,,,SAM.gov portal,Special Notice | resp 2026-06-29 | NAICS 541519,HOT
gov_contract,Notice of Intent to Sole Source Audio Visual Support Services,USUHS,Gov contract,"BETHESDA, MD",2026-06-10,https://sam.gov/opp/52aab4eb8bb24d12b524d76fdfa1fe0f/view,,,SAM.gov portal,Special Notice | resp 2026-06-25 | NAICS 541519,HOT
gov_contract,IDEA Data Analysis Software Acquisition,VIRGINIA CONTRACTING ACTIVITY,Gov contract,"WASHINGTON, DC",2026-06-17,https://sam.gov/opp/683e027605264da8aef20222ceb1b57d/view,,,SAM.gov portal,Solicitation | resp 2026-07-02 | NAICS 541511,HOT
gov_contract,"Former Nebraska Ordnance Plant (FNOP) near Mead, NE, SATOC Synopsis",W071 ENDIST KANSAS CITY,Gov contract,"KANSAS CITY, MO",2026-06-17,https://sam.gov/opp/95d8c3ad6643487ab5f3a02116b9deb6/view,,,SAM.gov portal,Solicitation | resp 2026-07-02 | NAICS 541330,HOT
gov_contract,"Former Nebraska Ordnance Plant (FNOP) near Mead, NE, SATOC Synopsis",W071 ENDIST KANSAS CITY,Gov contract,"KANSAS CITY, MO",2026-06-17,https://sam.gov/opp/71bf2bb0eb3d4b9fae37d3cca2183516/view,,,SAM.gov portal,Special Notice | resp 2026-07-02 | NAICS 541330,HOT
gov_contract,USACE Kansas City SDVSOB MATOC,W071 ENDIST KANSAS CITY,Gov contract,"KANSAS CITY, MO",2026-05-14,https://sam.gov/opp/108a8200103645548dd5e06fa5979cce/view,,,SAM.gov portal,Solicitation | resp 2026-06-24 | NAICS 541330,HOT
gov_contract,"Up to Three (3) New Indefinite Delivery Contract for Engineering, Design and Associated Engineering Support Services for Bridge and Waterfront Facility Inspection for the Vicksburg District at Various Worldwide Installation",W07V ENDIST VICKSBURG,Gov contract,"VICKSBURG, MS",2026-06-04,https://sam.gov/opp/66185c761be344bda66631373bef53a5/view,,,SAM.gov portal,Presolicitation | resp 2026-06-26 | NAICS 541330,HOT
gov_contract,Sources Sought Notice for Architect-Engineer Indefinite Delivery Indefinite Quantity (A-E IDIQ) Contract for Naval Architecture and Marine Engineering Design Services for barges and non-self-propelled floating plant,W2SD ENDIST PHILADELPHIA,Gov contract,"PHILADELPHIA, PA",2026-05-27,https://sam.gov/opp/f520b7f712174238aee9ad27bb41998c/view,,,SAM.gov portal,Sources Sought | resp 2026-06-26 | NAICS 541330,HOT
gov_contract,Request for Proposal/Synopsis - Commercial Utility Program (CUP) - W912DY26RA015,W2V6 USA ENG SPT CTR HUNTSVIL,Gov contract,"REDSTONE ARSENAL, AL",2026-06-05,https://sam.gov/opp/32bb7805b61a4e52805d512565ef0259/view,,,SAM.gov portal,Combined Synopsis/Solicitation | resp 2026-07-06 | NAICS 541330,HOT
gov_contract,Robotic and Autonomous Construction Equipment (RA-CE),W6QK ACC- DTA,Gov contract,"WARREN, MI",2026-06-08,https://sam.gov/opp/484a30fde304499a8a86ff4d98702959/view,,,SAM.gov portal,Sources Sought | resp 2026-07-08 | NAICS 541330,HOT
gov_contract,DEVCOM INVENTORY SOFTWARE MANAGEMENT,W6QK ACC-APG NATICK,Gov contract,"NATICK, MA",2026-06-22,https://sam.gov/opp/a25f01263d0e4c48a5e246f9db305e24/view,,,SAM.gov portal,Solicitation | resp 2026-06-29 | NAICS 541511,HOT
gov_contract,CPE ST3 Professional Services,W6QK ACC-ORLANDO,Gov contract,"ORLANDO, FL",2026-06-16,https://sam.gov/opp/a4e5bab5274e40a6b1ac3a604b3028d7/view,,,SAM.gov portal,Presolicitation | resp 2026-07-06 | NAICS 541330,HOT
gov_contract,ORCHESTRA Commercial Solutions Opportunities Commercial Services for Instrumentation Management Office (IMO),W6QK ACC-ORLANDO,Gov contract,"ORLANDO, FL",2026-06-15,https://sam.gov/opp/58390a8ddb5f4cf8b9b65a7a356c6561/view,,,SAM.gov portal,Sources Sought | resp 2026-06-26 | NAICS 541330,HOT
gov_contract,PAC-3 Guidance Processor Unit Redesign (GPUR) Seeker Block V(SBV) Flight Test Support,W6QK ACC-RSA,Gov contract,"REDSTONE ARSENAL, AL",2026-06-16,https://sam.gov/opp/6f9a5df8aff34487a4e3e404ccb39974/view,,,SAM.gov portal,Presolicitation | resp 2026-07-01 | NAICS 541330,HOT
gov_contract,Microsoft Unified Defense Language Institute Foreign Language Center (DLIFLC),W6QM MICC-FDO FT EUSTIS,Gov contract,"FORT EUSTIS, VA",2026-06-17,https://sam.gov/opp/802304c0210a4915bc026b89e953f6c6/view,,,SAM.gov portal,Combined Synopsis/Solicitation | resp 2026-06-26 | NAICS 541519,HOT
gov_contract,EE-24021-4J MLC Load Rating Calculation-Non-Reportable Bridges,W6QM MICC-FT DRUM,Gov contract,"FORT DRUM, NY",2026-06-23,https://sam.gov/opp/180afe1b4c884e8bb34cce6387e9d700/view,,,SAM.gov portal,Combined Synopsis/Solicitation | resp 2026-07-07 | NAICS 541330,HOT
gov_contract,EE-26008-6J Traffic Study for Multiple Intersections,W6QM MICC-FT DRUM,Gov contract,"FORT DRUM, NY",2026-06-18,https://sam.gov/opp/f2581987da2a44c091d783550fba0f2a/view,,,SAM.gov portal,Combined Synopsis/Solicitation | resp 2026-07-02 | NAICS 541330,HOT
gov_contract,Base Wide Microgrid A&E Type C Services,W7NU USPFO ACTIVITY OHANG 178,Gov contract,"SPRINGFIELD, OH",2026-06-05,https://sam.gov/opp/9f977d50494742ae8e00dc22b57a31c4/view,,,SAM.gov portal,Solicitation | resp 2026-07-06 | NAICS 541330,HOT
infrastructure,NATO Request for Pre-Competitive Industry Engagement: Operational Network – Extension Program (ON-X),BUREAU OF INDUSTRY AND SECURITY,Gov contract,,2026-06-11,https://sam.gov/opp/1a5ebbc96e0d4aa4847800e19aefc178/view,,,SAM.gov portal,Special Notice | resp 2026-06-24 | NAICS 541519,HOT
infrastructure,VTSCADA with Support Plus,COMMANDING GENERAL,Gov contract,"CAMP LEJEUNE, NC",2026-06-16,https://sam.gov/opp/fcb6a2e81c3845b781af5ccd157e3f13/view,,,SAM.gov portal,Solicitation | resp 2026-06-26 | NAICS 541513,HOT
msp_subcontract,CDC Managed Service Provider (MSP) 2.0,CDC OFFICE OF ACQUISITION SERVICES,Gov contract,"ATLANTA, GA",2026-06-18,https://sam.gov/opp/7f6e41fcafd04bc3a0af0dd07fbd2146/view,,,SAM.gov portal,Sources Sought | resp 2026-07-02 | NAICS 518210,HOT
msp_subcontract,IT MANAGED SERVICE PROVIDER,USHMM PROCUREMENT DIVISION,Gov contract,"Washington, DC",2026-06-16,https://sam.gov/opp/ea4a99efef0b43bab30ad55e77464ea4/view,,,SAM.gov portal,Solicitation | resp 2026-06-24 | NAICS 541513,HOT
remote_contract,Aquabyte | USA | Full-Time | Perception Engineer | Platform Engineer | SF HYBRID and REMOT,Aquabyte,Direct hire/contract,Remote/US (see post),2026-06-24,https://news.ycombinator.com/item?id=48402193,gem.openreq@aquabyte.ai,,Email/HN,Aquabyte | USA | Full-Time | Perception Engineer | Platform Engineer | SF HYBRID and REMOTE Aquabyte is on a mission to revolutionize the ocean sustai,HOT
remote_contract,"Authorium | Full-Stack Engineer (Mid & Senior) | San Francisco, CA | ONSITE (Mon-Thu hybri",Authorium,Direct hire/contract,Remote/US (see post),2026-06-24,https://news.ycombinator.com/item?id=48358702,jay@authorium.com,,Email/HN,"Authorium | Full-Stack Engineer (Mid & Senior) | San Francisco, CA | ONSITE (Mon-Thu hybrid) | Full-time | $148k-230k + equity | https://authorium.com",HOT
remote_contract,"BIT Capital | Head of Engineering | Berlin, Germany | ONSITE (2 days/week) | Full-time Loo",BIT Capital,Direct hire/contract,Remote/US (see post),2026-06-24,https://news.ycombinator.com/item?id=48357777,marc.thanhaeuser@bitcap.com,,Email/HN,"BIT Capital | Head of Engineering | Berlin, Germany | ONSITE (2 days/week) | Full-time Looking for the key engineering leader to build and scale infra",HOT
remote_contract,"BrightCore | Founding Engineer/Generalist | Dublin, Ireland (Hybrid, 2 days/wk) | Full-tim",BrightCore,Direct hire/contract,Remote/US (see post),2026-06-24,https://news.ycombinator.com/item?id=48357913,frankie@brightcore.ie,,Email/HN,"BrightCore | Founding Engineer/Generalist | Dublin, Ireland (Hybrid, 2 days/wk) | Full-time | €58–65k + 1.0–1.5% equity We're a 3-cofounder gym/fitnes",HOT
remote_contract,CHEERS.FAN #1 | Founding Infrastructure Engineers | Bay Area Preferred | U.S. Remote Consi,CHEERS.FAN #1,Direct hire/contract,Remote/US (see post),2026-06-24,https://news.ycombinator.com/item?id=48357963,Eastman@VBCheers.com,,Email/HN,CHEERS.FAN #1 | Founding Infrastructure Engineers | Bay Area Preferred | U.S. Remote Considered CHEERS.FAN #1 is an early-stage company exploring infr,HOT
remote_contract,"Carma (YC W24) | Founding Head of Engineering, Founding Full-Stack Engineer | San Francisc",Carma,Direct hire/contract,Remote/US (see post),2026-06-24,https://news.ycombinator.com/item?id=48479130,suleyman@joincarma.com,,Email/HN,"Carma (YC W24) | Founding Head of Engineering, Founding Full-Stack Engineer | San Francisco, CA | ONSITE | $175K–$450K + 2.0%–5.0% equity Carma ( http",HOT
remote_contract,Catalyst·Wayfare AI | Lead AI Engineer + Agent Builder + Platform Engineer | Remote (US) |,Catalyst·Wayfare AI,Direct hire/contract,Remote/US (see post),2026-06-24,https://news.ycombinator.com/item?id=48385146,talent+hn@cwai.co,,Email/HN,Catalyst·Wayfare AI | Lead AI Engineer + Agent Builder + Platform Engineer | Remote (US) | Full-time / Part-time / Contract | https://catalystwayfare.,HOT
remote_contract,"ChainSecurity | Blockchain Security Engineer | Full-time | INTERNS , HYBRID/REMOTE, Zurich",ChainSecurity,Direct hire/contract,Remote/US (see post),2026-06-24,https://news.ycombinator.com/item?id=48469252,jobs@chainsecurity.com,,Email/HN,"ChainSecurity | Blockchain Security Engineer | Full-time | INTERNS , HYBRID/REMOTE, Zurich, Switzerland | VISA possible | https://chainsecurity.com/ C",HOT
remote_contract,Coder | https://coder.com/ | Multiple roles | Multiple locations | Full-time Coder is an A,Coder,Direct hire/contract,Remote/US (see post),2026-06-24,https://news.ycombinator.com/item?id=48384224,careers@coder.com,,Email/HN,Coder | https://coder.com/ | Multiple roles | Multiple locations | Full-time Coder is an AI software development company leading the future of autonom,HOT
remote_contract,"Comvex | Full Time | Multiple Roles | REMOTE (US, South America) We're a healthcare revenu",Comvex,Direct hire/contract,Remote/US (see post),2026-06-24,https://news.ycombinator.com/item?id=48426455,peter.lever@comvex.ai,,Email/HN,"Comvex | Full Time | Multiple Roles | REMOTE (US, South America) We're a healthcare revenue cycle management (RCM) technology company looking for our",HOT
remote_contract,DrSwarm | Founding Engineer (Full-Stack) | REMOTE (US or LATAM; must overlap with US Pacif,DrSwarm,Direct hire/contract,Remote/US (see post),2026-06-24,https://news.ycombinator.com/item?id=48358793,jobs@drswarm.com,,Email/HN,DrSwarm | Founding Engineer (Full-Stack) | REMOTE (US or LATAM; must overlap with US Pacific hours) | Full-time or Contract to Full-time DrSwarm is bu,HOT
remote_contract,Emergences Labs (emergences.ai) | AI / Systems Engineer — NeoHuman | REMOTE (US) | Full-ti,Emergences Labs,Direct hire/contract,Remote/US (see post),2026-06-24,https://news.ycombinator.com/item?id=48358775,jack@emergences.ai,,Email/HN,Emergences Labs (emergences.ai) | AI / Systems Engineer — NeoHuman | REMOTE (US) | Full-time | $120K-$150K + equity | Visa sponsorship available We're,HOT
remote_contract,"Estuary | US-Based / Remote | Full-time – https://estuary.dev/ Estuary is a VC-backed, pos",Estuary,Direct hire/contract,Remote/US (see post),2026-06-24,https://news.ycombinator.com/item?id=48414026,careers@estuary.dev,,Email/HN,"Estuary | US-Based / Remote | Full-time – https://estuary.dev/ Estuary is a VC-backed, post–Series A startup powering right-time data replication and",HOT
remote_contract,"Everflow | Software Engineer | Montreal, QC | Hybrid (Some on-site) | Full-time Everflow i",Everflow,Direct hire/contract,Remote/US (see post),2026-06-24,https://news.ycombinator.com/item?id=48359477,everflow-hn@everflow.io,,Email/HN,"Everflow | Software Engineer | Montreal, QC | Hybrid (Some on-site) | Full-time Everflow is a SaaS Partner Marketing platform for managing and scaling",HOT
remote_contract,"Forward (getfwd.com) | Austin, TX | ONSITE | Full-time Rebuilding payments for software pl",Forward,Direct hire/contract,Remote/US (see post),2026-06-24,https://news.ycombinator.com/item?id=48359257,amays+hn@getfwd.com,,Email/HN,"Forward (getfwd.com) | Austin, TX | ONSITE | Full-time Rebuilding payments for software platforms: transparent economics, no lock-in, hands-on executi",HOT
remote_contract,GetDynasty.com | Engineering (In-Person San Fransisco or US Remote initially OK) | Junior,GetDynasty.com,Direct hire/contract,Remote/US (see post),2026-06-24,https://news.ycombinator.com/item?id=48358939,kyle@getdynasty.com,,Email/HN,GetDynasty.com | Engineering (In-Person San Fransisco or US Remote initially OK) | Junior Engineer | $100k-$120k + equity Dynasty helps startup founde,HOT
remote_contract,"Go.Shop | Product Builder — Growth Channels | Remote (GMT to GMT+8, London travel) | REMOT",Go.Shop,Direct hire/contract,Remote/US (see post),2026-06-24,https://news.ycombinator.com/item?id=48357754,jobs@goshopbrands.com,,Email/HN,"Go.Shop | Product Builder — Growth Channels | Remote (GMT to GMT+8, London travel) | REMOTE Go.Shop is the AI-powered platform enabling creators to bu",HOT
remote_contract,Hatchet | Full-Stack Engineer | NYC or SF or REMOTE (US and EU) | https://hatchet.run Hey,Hatchet,Direct hire/contract,Remote/US (see post),2026-06-24,https://news.ycombinator.com/item?id=48362455,alexander@hatchet.run,,Email/HN,"Hatchet | Full-Stack Engineer | NYC or SF or REMOTE (US and EU) | https://hatchet.run Hey HN! I'm Alexander, one of the founders of Hatchet. Hatchet i",HOT
remote_contract,"Hotwash | Founding Engineer (→ CTO for the right person) | REMOTE (US), Boston a plus | Fu",Hotwash,Direct hire/contract,Remote/US (see post),2026-06-24,https://news.ycombinator.com/item?id=48358328,hiring@hotwash.com,,Email/HN,"Hotwash | Founding Engineer (→ CTO for the right person) | REMOTE (US), Boston a plus | Full-time I'm a solo founder. I built the entire product mysel",HOT
remote_contract,Join (join.build) | Staff Software Engineer (Web) | REMOTE (US & Canada) | Full-Time | $17,Join,Direct hire/contract,Remote/US (see post),2026-06-24,https://news.ycombinator.com/item?id=48358924,jon@join.build,,Email/HN,Join (join.build) | Staff Software Engineer (Web) | REMOTE (US & Canada) | Full-Time | $175K–$205K + equity | React/Go/Postgres Join is SaaS for the c,HOT
remote_contract,"Kepler | Full Stack Engineer | New York, NY | ONSITE | $230K-$260K + equity We're building",Kepler,Direct hire/contract,Remote/US (see post),2026-06-24,https://news.ycombinator.com/item?id=48358336,eddie.hammond@kepler.ai,,Email/HN,"Kepler | Full Stack Engineer | New York, NY | ONSITE | $230K-$260K + equity We're building the trust layer for AI in high-stakes industries. https://k",HOT
remote_contract,Laminar Engineering | Full-Stack CV/ML Systems Engineer | Contract | REMOTE Laminar Engine,Laminar Engineering,Direct hire/contract,Remote/US (see post),2026-06-24,https://news.ycombinator.com/item?id=48362073,hiring@laminr.co,,Email/HN,Laminar Engineering | Full-Stack CV/ML Systems Engineer | Contract | REMOTE Laminar Engineering builds real-time computer vision systems for airborne,HOT
remote_contract,"Location: Croatia, Dubrovnik / Europe Remote: Yes, remote-first or fully remote only Willi","Location: Croatia, Dubrovnik / Europe Remote:",Direct hire/contract,Remote/US (see post),2026-06-24,https://news.ycombinator.com/item?id=48385780,lazarbukejlovic@icloud.com,,Email/HN,"Location: Croatia, Dubrovnik / Europe Remote: Yes, remote-first or fully remote only Willing to relocate: No, remote preferred Technologies: TypeScrip",HOT
remote_contract,"Location: Dakshina Kannada, Karnataka, India Remote: Yes (IST overlap) Willing to relocate","Location: Dakshina Kannada, Karnataka, India",Direct hire/contract,Remote/US (see post),2026-06-24,https://news.ycombinator.com/item?id=48531236,www.giridharpai@gmail.com,,Email/HN,"Location: Dakshina Kannada, Karnataka, India Remote: Yes (IST overlap) Willing to relocate: Within India for strong opportunities Technologies: SIEM m",HOT
remote_contract,Maryland Digital Service (MDDS) | Senior Technical Lead | Maryland Department of Informati,Maryland Digital Service,Direct hire/contract,Remote/US (see post),2026-06-24,https://news.ycombinator.com/item?id=48373063,david.holmes@maryland.gov,,Email/HN,Maryland Digital Service (MDDS) | Senior Technical Lead | Maryland Department of Information Technology | Maryland / Remote-friendly | $140K–$175K MDD,HOT
remote_contract,"Modal | Software Engineers (Product, System, SDK) | SF, NYC (ONSITE) | Full Time | modal.c",Modal,Direct hire/contract,Remote/US (see post),2026-06-24,https://news.ycombinator.com/item?id=48363551,can@modal.com,,Email/HN,"Modal | Software Engineers (Product, System, SDK) | SF, NYC (ONSITE) | Full Time | modal.com Modal builds the serverless cloud used by many of the mos",HOT
remote_contract,"MongoDB | Senior/Staff/Lead Site Reliability Engineers (SRE) and Infra SWE, Multiple Teams",MongoDB,Direct hire/contract,Remote/US (see post),2026-06-24,https://news.ycombinator.com/item?id=48358185,hani.benhabiles+hn@mongodb.com,,Email/HN,"MongoDB | Senior/Staff/Lead Site Reliability Engineers (SRE) and Infra SWE, Multiple Teams | REMOTE (US) or HYBRID (NYC, Dublin) | Full-Time We are lo",HOT
remote_contract,"Neuro Health Collective | Washington DC Metro or REMOTE (US) | FOUNDING Employee, EQUITY-H",Neuro Health Collective,Direct hire/contract,Remote/US (see post),2026-06-24,https://news.ycombinator.com/item?id=48358992,hiring@neurohealthcollective.com,,Email/HN,"Neuro Health Collective | Washington DC Metro or REMOTE (US) | FOUNDING Employee, EQUITY-HEAVY We're a Public Benefit Corporation building the open in",HOT
remote_contract,"Ohr | Founding AI Infrastructure Engineer | Remote (US, PST Preferred) Ohr is building cri",Ohr,Direct hire/contract,Remote/US (see post),2026-06-24,https://news.ycombinator.com/item?id=48403261,ai@ohr.xyz,,Email/HN,"Ohr | Founding AI Infrastructure Engineer | Remote (US, PST Preferred) Ohr is building critical chemicals without oil refining and reinventing the inf",HOT
remote_contract,Otherling | Senior Full-Stack Software Engineer | Hybrid NYC or LA | Full Time Otherling i,Otherling,Direct hire/contract,Remote/US (see post),2026-06-24,https://news.ycombinator.com/item?id=48390831,otherling@vornoy.com,,Email/HN,Otherling | Senior Full-Stack Software Engineer | Hybrid NYC or LA | Full Time Otherling is a fashion e-commerce startup helping consumers discover em,HOT
remote_contract,Pelotech | Staff Software Engineer | REMOTE (US Only) | Full-Time We're Pelotech ( https:/,Pelotech,Direct hire/contract,Remote/US (see post),2026-06-24,https://news.ycombinator.com/item?id=48402188,henry.anderson@pelo.tech,,Email/HN,"Pelotech | Staff Software Engineer | REMOTE (US Only) | Full-Time We're Pelotech ( https://www.pelotech.com ), a software consulting company. We are d",HOT
remote_contract,"Post Up | Full time | Senior Backend Engineer | Onsite | Vancouver, BC (Hybrid) | Salary:",Post Up,Direct hire/contract,Remote/US (see post),2026-06-24,https://news.ycombinator.com/item?id=48364039,wilson@postup.pro,,Email/HN,"Post Up | Full time | Senior Backend Engineer | Onsite | Vancouver, BC (Hybrid) | Salary: $120-$130k CAD | https://www.postup.pro I'm Wilson, co-found",HOT
remote_contract,"Radar Labs | Software Engineers (SRE, data platform, backend, full-stack, mobile) | Remote",Radar Labs,Direct hire/contract,Remote/US (see post),2026-06-24,https://news.ycombinator.com/item?id=48359481,tim@radar.com,,Email/HN,"Radar Labs | Software Engineers (SRE, data platform, backend, full-stack, mobile) | Remote (US), NYC | Full Time | https://radar.com - Radar is the ge",HOT
remote_contract,SEEKING WORK | Poland / EU | Remote CET | Senior Full Stack Developer Senior Full Stack De,SEEKING WORK,Direct hire/contract,Remote/US (see post),2026-06-24,https://news.ycombinator.com/item?id=48518968,dmitriy.finswim@gmail.com,,Email/HN,SEEKING WORK | Poland / EU | Remote CET | Senior Full Stack Developer Senior Full Stack Developer / Team Lead with 10+ years of experience. Stack: Rea,HOT
remote_contract,Sequent Tech | Senior Fullstack Engineer | REMOTE (Global) | Full-time | sequentech.io Seq,Sequent Tech,Direct hire/contract,Remote/US (see post),2026-06-24,https://news.ycombinator.com/item?id=48404229,team@sequentech.io,,Email/HN,Sequent Tech | Senior Fullstack Engineer | REMOTE (Global) | Full-time | sequentech.io Sequent builds cryptographically secure online voting infrastru,HOT
remote_contract,"Speakeasy | AI Control Plane | Product, Security and SRE Engineers | SF/London | Full-time",Speakeasy,Direct hire/contract,Remote/US (see post),2026-06-24,https://news.ycombinator.com/item?id=48360938,sagar@speakeasy.com,,Email/HN,"Speakeasy | AI Control Plane | Product, Security and SRE Engineers | SF/London | Full-time Hey everyone! We're staffing up our AI control plane produc",HOT
remote_contract,"Stpkr Technologies | Noida, India (Delhi NCR) | ONSITE | Multiple roles Stpkr Technologies",Stpkr Technologies,Direct hire/contract,Remote/US (see post),2026-06-24,https://news.ycombinator.com/item?id=48368363,arnav@stpkr.in,,Email/HN,"Stpkr Technologies | Noida, India (Delhi NCR) | ONSITE | Multiple roles Stpkr Technologies is hiring for the following roles to build the next generat",HOT
remote_contract,Strobe Power | Founding Engineer | ONSITE (Brooklyn or SF) | https://strobepower.com AI da,Strobe Power,Direct hire/contract,Remote/US (see post),2026-06-24,https://news.ycombinator.com/item?id=48362169,keeley@strobepower.com,,Email/HN,Strobe Power | Founding Engineer | ONSITE (Brooklyn or SF) | https://strobepower.com AI data centers are creating a massive new wave of electricity de,HOT
remote_contract,"Tech Mahindra | Full-time, all levels | India, USA, Canada, Mexico | techmahindra.com Tech",Tech Mahindra,Direct hire/contract,Remote/US (see post),2026-06-24,https://news.ycombinator.com/item?id=48400263,cprabala@techmahindra.com,,Email/HN,"Tech Mahindra | Full-time, all levels | India, USA, Canada, Mexico | techmahindra.com Tech Mahindra’s Cloud Advisory division is hiring engineers (4+Y",HOT
remote_contract,"Tenera | San Francisco, CA | Onsite | Founding Engineer (Full-Time) Tenera ( https://tryte",Tenera,Direct hire/contract,Remote/US (see post),2026-06-24,https://news.ycombinator.com/item?id=48359106,suzie@trytenera.ai,,Email/HN,"Tenera | San Francisco, CA | Onsite | Founding Engineer (Full-Time) Tenera ( https://trytenera.ai ) is building the product decision layer for agents",HOT
remote_contract,Uber | https://www.uber.com/ai-solutions | Senior Product Engineer | Full Time | Amsterdam,Uber,Direct hire/contract,Remote/US (see post),2026-06-24,https://news.ycombinator.com/item?id=48370791,bert@segments.ai,,Email/HN,"Uber | https://www.uber.com/ai-solutions | Senior Product Engineer | Full Time | Amsterdam, The Netherlands | Hybrid We’re building a complex data lab",HOT
remote_contract,Upwave (YC S12) | Senior Software Engineer | REMOTE (US) | Full-time | $150k-$175k + bonus,Upwave,Direct hire/contract,Remote/US (see post),2026-06-24,https://news.ycombinator.com/item?id=48507707,jason.kelly@upwave.com,,Email/HN,Upwave (YC S12) | Senior Software Engineer | REMOTE (US) | Full-time | $150k-$175k + bonus/equity/benefits | https://www.upwave.com/job/8547924002/ Up,HOT
remote_contract,"Viam | NYC (Onsite 3 days/week) | Staff Engineer, Fleet Management | Lead, Data Platform |",Viam,Direct hire/contract,Remote/US (see post),2026-06-24,https://news.ycombinator.com/item?id=48368639,amanda@viam.com,,Email/HN,"Viam | NYC (Onsite 3 days/week) | Staff Engineer, Fleet Management | Lead, Data Platform | VP / Director Engineering | https://www.viam.com Viam makes",HOT
remote_contract,Zulip | Senior Backend/Infrastructure Engineer | REMOTE | Full-time | https://zulip.com/ Z,Zulip,Direct hire/contract,Remote/US (see post),2026-06-24,https://news.ycombinator.com/item?id=48361570,jobs@zulip.com,,Email/HN,"Zulip | Senior Backend/Infrastructure Engineer | REMOTE | Full-time | https://zulip.com/ Zulip is building the world’s best collaboration platform, an",HOT
security,COMSEC Managerial Security Support Services,FA8307  AFLCMC HNCK C3IN,Gov contract,"SAN ANTONIO, TX",2026-06-18,https://sam.gov/opp/2242b7b94b0241acb6ef1295e020fe9e/view,,,SAM.gov portal,Solicitation | resp 2026-06-29 | NAICS 541513,HOT
security,COMSEC Managerial Security Support Services,FA8307  AFLCMC HNCK C3IN,Gov contract,"SAN ANTONIO, TX",2026-05-29,https://sam.gov/opp/d51d1b89a4a64849a4990658c9dff73d/view,,,SAM.gov portal,Solicitation | resp 2026-06-29 | NAICS 541513,HOT
security,Endpoint Security Event Management,IT CONTRACTING DIVISION - PL84,Gov contract,"SCOTT AFB, IL",2026-06-15,https://sam.gov/opp/f52068aef10344bfa8dd49699d7f97bf/view,,,SAM.gov portal,Sources Sought | resp 2026-06-29 | NAICS 541519,HOT
security,Area of Interest (AOI): Cyber Resource and Engineering Workforce (CREW),NAVAL INFORMATION WARFARE SYSTEMS,Gov contract,"SAN DIEGO, CA",2026-06-12,https://sam.gov/opp/d71f8cf1696d402a8bfb602987e6c830/view,,,SAM.gov portal,Solicitation | resp 2026-07-02 | NAICS 541330,HOT
security,Cybersecurity Assessment and Authorization Support,NIWC ATLANTIC,Gov contract,"NORTH CHARLESTON, SC",2026-06-22,https://sam.gov/opp/33cc427c675a462e915cacee6727900c/view,,,SAM.gov portal,Sources Sought | resp 2026-06-25 | NAICS 541330,HOT
cloud_devops,Digital Asset Management System for WeRemember.ABMC.gov and the Burial and Memorialization Electronic Directory,ABMC,Gov contract,"ARLINGTON, VA",2026-06-23,https://sam.gov/opp/b81329b9b70e471cab58f474900c7793/view,,,SAM.gov portal,Sources Sought | resp 2026-07-10 | NAICS 518210,WARM
cloud_devops,"Freshworks Licenses, Implementation, and Maintenance",ABMC,Gov contract,"ARLINGTON, VA",2026-06-16,https://sam.gov/opp/3d0758059c40490c8b68bfb2697007e1/view,,,SAM.gov portal,Combined Synopsis/Solicitation | resp 2026-07-11 | NAICS 518210,WARM
cloud_devops,Deep Space Advanced Radar (DARC) Interim Contractor Support (ICS) Industry Day Instructions,FA8820  SUSTAINMENT SDACP SSC/PKL,Gov contract,"PETERSON SFB, CO",2026-06-23,https://sam.gov/opp/0ffcea7c21194d93aea361882c99004f/view,,,SAM.gov portal,Special Notice | resp 2026-07-09 | NAICS 518210,WARM
cloud_devops,Class B and RPKI,US GAO ACQUISITION MANAGEMENT,Gov contract,"WASHINGTON, DC",2026-06-23,https://sam.gov/opp/82655d7f690a413688316161a9fd9aa6/view,,,SAM.gov portal,Solicitation | resp 2026-07-24 | NAICS 518210,WARM
cloud_devops,R408--MAIL MANAGEMENT SERVICES,VETERANS BENEFITS ADMIN (36C10D),Gov contract,"WASHINGTON, DC",2026-06-24,https://sam.gov/opp/ad3c074bcd0c457d9c1bbbb68a0fe07d/view,,,SAM.gov portal,Sources Sought | resp 2026-07-21 | NAICS 518210,WARM
cloud_devops,Sovereign Defense Cloud for High-Performance Computing Commercial Solutions Opening (CSO),W2R2 USA ENGR R AND D CTR,Gov contract,"VICKSBURG, MS",2026-05-07,https://sam.gov/opp/55c0c5ea5ef84232869c0134386dfa48/view,,,SAM.gov portal,Special Notice | resp 2026-08-07 | NAICS 541511,WARM
gov_contract,Vindicator V5 Hardware Upgrade.,0906 AQ CO     DET B CONTRACTI,Gov contract,"APO, AP",2026-06-18,https://sam.gov/opp/a1f55743d665415ba0568e70cbd6b5c6/view,,,SAM.gov portal,Combined Synopsis/Solicitation | resp 2026-07-20 | NAICS 541519,WARM
gov_contract,C220--NRM A/E - 528A7-25-178 EVALUATE SYRACUSE VA GARAGE FOR  REMAINING LIFE,242-NETWORK CONTRACT OFFICE 02 (36C242),Gov contract,"ALBANY, NY",2026-06-23,https://sam.gov/opp/dd55e6186c114076878ae853e849b130/view,,,SAM.gov portal,Sources Sought | resp 2026-07-30 | NAICS 541330,WARM
gov_contract,C1DA--503-26-109 Remediate Reserve Center UST AE Design  Solicitation,244-NETWORK CONTRACT OFFICE 4 (36C244),Gov contract,"PITTSBURGH, PA",2026-06-17,https://sam.gov/opp/396555cc33fb489abfbf9b2c4e661740/view,,,SAM.gov portal,Combined Synopsis/Solicitation | resp 2026-07-17 | NAICS 541330,WARM
gov_contract,DA01--Software maintenance and support of MyPath tools,260-NETWORK CONTRACT OFFICE 20 (36C260),Gov contract,"VANCOUVER, WA",2026-06-17,https://sam.gov/opp/e933adc6e57a4efca6518e51ffb3fc57/view,,,SAM.gov portal,Combined Synopsis/Solicitation | resp 2026-07-15 | NAICS 541511,WARM
gov_contract,Sources Sought for Robotic Solution to Modernize the ABMC’s Robotic Headstone Program,ABMC,Gov contract,"ARLINGTON, VA",2026-06-12,https://sam.gov/opp/ad8860c0987442cc8e8021d1a3f609f6/view,,,SAM.gov portal,Sources Sought | resp 2026-07-10 | NAICS 541330,WARM
gov_contract,Annual Health & Safety Audit,ACQUISITION & MATERIAL MAN. DIV.,Gov contract,"Washington, DC",2026-06-18,https://sam.gov/opp/ce4ab89b28b7490595148411fa34f6a7/view,,,SAM.gov portal,Solicitation | resp 2026-08-13 | NAICS 541330,WARM
gov_contract,Mexican Criminal Courts Telepresence,ACQUISITIONS - AQM MOMENTUM,Gov contract,"WASHINGTON, DC",2026-06-22,https://sam.gov/opp/2306af80c5c844f0906d2c6be0689701/view,,,SAM.gov portal,Solicitation | resp 2026-07-10 | NAICS 541519,WARM
gov_contract,Next Generation (NextGen) Passport Personalization Printers Support,ACQUISITIONS - AQM MOMENTUM,Gov contract,"WASHINGTON, DC",2026-06-17,https://sam.gov/opp/1c6665dceb7d4834b9550e5dc0819024/view,,,SAM.gov portal,Solicitation | resp 2026-07-20 | NAICS 541519,WARM
gov_contract,Tech Licensing Opportunity: ViBRANT: Visual Benign Reactor As Analog for Nuclear Testing,BATTELLE ENERGY ALLIANCE–DOE CNTR,Gov contract,"Idaho Falls, ID",2026-04-13,https://sam.gov/opp/80839a339dd341389e404d6ac47a5979/view,,,SAM.gov portal,Special Notice | resp 2026-07-16 | NAICS 541511,WARM
gov_contract,Utility Master Plan,BROOKHAVEN NATL LAB -DOE CONTRACTOR,Gov contract,"Upton, NY",2026-06-17,https://sam.gov/opp/06d2c349747e43ddb216a506bb344092/view,,,SAM.gov portal,Solicitation | resp 2026-07-09 | NAICS 541330,WARM
gov_contract,NATO Business Opportunity: NATO Enterprise PBN Wireless LAN,BUREAU OF INDUSTRY AND SECURITY,Gov contract,,2026-06-15,https://sam.gov/opp/24b219b3f4654fd49bc29a07c380b530/view,,,SAM.gov portal,Special Notice | resp 2026-07-14 | NAICS 541519,WARM
gov_contract,USMC Education Command Information Technology Support Services (EDCOM ITSS),COMMANDER,Gov contract,"QUANTICO, VA",2026-06-16,https://sam.gov/opp/404ce0453b274410ae807ac1e8c21b48/view,,,SAM.gov portal,Sources Sought | resp 2026-07-14 | NAICS 541512,WARM
gov_contract,SeaPort 8(a) Set-Aside - Fixed Site Integration and Fielding Support Services,COMMANDER,Gov contract,"QUANTICO, VA",2026-06-12,https://sam.gov/opp/12c47afd723343619c6751f51e723cba/view,,,SAM.gov portal,Solicitation | resp 2026-07-17 | NAICS 541330,WARM
gov_contract,Notification to the Public of Consolidation IAW RFO 7.107-3(b): NESDIS Consolidated Antenna and Ground Systems Services (NCAGSS),DEPT OF COMMERCE NOAA,Gov contract,"SILVER SPRING, MD",2026-06-17,https://sam.gov/opp/18eff0d6a3fa4e7b89baff8f42779b34/view,,,SAM.gov portal,Consolidate/(Substantially) Bundle | resp n/a | NAICS 541519,WARM
gov_contract,AIR FORCE CRYPTOLOGIC OFFICE  COMMERCIAL SOLUTIONS OPENING,DEPT OF DEFENSE,Gov contract,,2026-06-11,https://sam.gov/opp/479793e39d9944768a0671d18443ecbc/view,,,SAM.gov portal,Special Notice | resp 2026-09-30 | NAICS 541330,WARM
gov_contract,"F-22 Landing Gear Cataloging, Provisioning, & Depot Gap Analysis","DLA  AVIATION AT OGDEN, UT",Gov contract,"HILL AIR FORCE BASE, UT",2026-04-15,https://sam.gov/opp/fd9964cd19ec444e85f39a9f2e9bfff6/view,,,SAM.gov portal,Solicitation | resp 2026-07-15 | NAICS 541330,WARM
gov_contract,EOD SUPPORT SERVICES TYNDALL AFB - RFI,FA4819 325 CONS PKP,Gov contract,"TYNDALL AFB, FL",2026-06-23,https://sam.gov/opp/ac02c8a474854145bcb6e26d5ff89289/view,,,SAM.gov portal,Solicitation | resp 2026-07-21 | NAICS 541330,WARM
gov_contract,Little Mountain Test Facility Maintenance,FA8207  AFNWC PZBC,Gov contract,"HILL AFB, UT",2026-05-26,https://sam.gov/opp/72c2896d9723492092adfb78393a010f/view,,,SAM.gov portal,Solicitation | resp 2026-09-08 | NAICS 541330,WARM
gov_contract,Navigational Database (NavDB),FA8504  AFLCMC WLNKA,Gov contract,"ROBINS AFB, GA",2026-06-17,https://sam.gov/opp/7478e325cdb342eeafb8926e4c8fa3d5/view,,,SAM.gov portal,Combined Synopsis/Solicitation | resp 2026-07-17 | NAICS 541330,WARM
gov_contract,Combat Coder Site Support,FA8527  AFLCMC HBKB,Gov contract,"ROBINS AFB, GA",2026-06-16,https://sam.gov/opp/4d1ff3572d6241fa9c220e62ab8db9eb/view,,,SAM.gov portal,Sources Sought | resp 2026-07-16 | NAICS 541330,WARM
gov_contract,Versatile Diagnostic Automatic Test Station (VDATS) Engineering Services,FA8534  AFLCMC WNKAC,Gov contract,"ROBINS AFB, GA",2026-06-10,https://sam.gov/opp/a7e2475f0daf4ad5902053299419441e/view,,,SAM.gov portal,Solicitation | resp 2026-07-13 | NAICS 541330,WARM
gov_contract,SOLE SOURCE- NEXT-GEN OPIR POLAR SOFTWARE DEPOT ACTIVATION GAP ANALYSIS,FA8571  MAINT CONTRACTING AFSC PZIM,Gov contract,"ROBINS AFB, GA",2026-06-12,https://sam.gov/opp/a4be099cde2b4db6ac1460898c9d3f06/view,,,SAM.gov portal,Solicitation | resp 2026-07-13 | NAICS 541330,WARM
gov_contract,RFQ for Title II for Repair Jones Hall at Keesler AFB,FA8903  772 ESS PK,Gov contract,"JBSA LACKLAND, TX",2026-06-23,https://sam.gov/opp/553444ab21774454830dd086db8029fd/view,,,SAM.gov portal,Combined Synopsis/Solicitation | resp 2026-07-13 | NAICS 541330,WARM
gov_contract,Feasibility Assessment Study - RI,"FWS, CONSTRUCTION A/E TEAM 2",Gov contract,"Falls Church, VA",2026-06-22,https://sam.gov/opp/49250bb907014fb288392d9eb3d1b062/view,,,SAM.gov portal,Combined Synopsis/Solicitation | resp 2026-07-13 | NAICS 541330,WARM
gov_contract,R--Independent Engineering (IE) Advisory Services,HEADQUARTERS PROCUREMENT SERVICES,Gov contract,"WASHINGTON, DC",2026-05-06,https://sam.gov/opp/2069aad98d564418902a22030df50b63/view,,,SAM.gov portal,Sources Sought | resp 2026-10-05 | NAICS 541330,WARM
gov_contract,Steller Sea Lion Artificial Intelligence Image Processing and Counting Enhancement Effort,NATIONAL OCEANIC AND ATMOSPHERIC ADMINISTRATION,Gov contract,,2025-07-17,https://sam.gov/opp/51b29f735aa04ca4909bef215d3f5654/view,,,SAM.gov portal,Special Notice | resp 2026-08-01 | NAICS 541511,WARM
gov_contract,Invitation for SF 330s A&E Support for NOAA Marine Operations,NATIONAL OCEANIC AND ATMOSPHERIC ADMINISTRATION,Gov contract,,2026-06-18,https://sam.gov/opp/803645c9dfe54152b68000d52a674a7e/view,,,SAM.gov portal,Special Notice | resp 2026-07-21 | NAICS 541330,WARM
gov_contract,Meadow Sensory Trail Title I & II Design Services,NATIONAL OPERATIONS CENTER,Gov contract,"DENVER, CO",2026-06-23,https://sam.gov/opp/fb1271ec414f4b2b939688444babcd90/view,,,SAM.gov portal,Combined Synopsis/Solicitation | resp 2026-07-23 | NAICS 541330,WARM
gov_contract,"Foundation Sustainment Support, Software and Integration (FS3i)",NATL GEOSPATIAL-INTELLIGENCE AGENCY,Gov contract,"ARNOLD, MO",2026-04-24,https://sam.gov/opp/107fbc1616134a41b432446eaa5078a9/view,,,SAM.gov portal,Presolicitation | resp 2026-09-30 | NAICS 541511,WARM
gov_contract,NAWCWD Attends Advancing Rapid Defense Innovation Symposium (ARDIS),NAVAL AIR WARFARE CENTER,Gov contract,"CHINA LAKE, CA",2026-05-20,https://sam.gov/opp/0ca92b43826a40dc965e4a628fa1edf4/view,,,SAM.gov portal,Special Notice | resp 2026-09-16 | NAICS 541330,WARM
gov_contract,NAWCAD WOLF IC2IS Technical Project Management Support,NAVAL AIR WARFARE CENTER AIR DIV,Gov contract,"PATUXENT RIVER, MD",2026-06-18,https://sam.gov/opp/870e072380d54439b40fc5842e5963c3/view,,,SAM.gov portal,Solicitation | resp 2026-07-17 | NAICS 541330,WARM
gov_contract,Littoral and Expeditionary Maneuver (EXMAN) Program Support,NAVAL SURFACE WARFARE CENTER,Gov contract,"PANAMA CITY BEACH, FL",2026-06-23,https://sam.gov/opp/69099f50d3df431582048a6534194301/view,,,SAM.gov portal,Special Notice | resp 2026-07-09 | NAICS 541330,WARM
gov_contract,"ACV Crew, SEAOPS Program, FMS Program and Future Connectors Program Support",NAVAL SURFACE WARFARE CENTER,Gov contract,"PANAMA CITY BEACH, FL",2026-06-08,https://sam.gov/opp/7d2e46698342477c83fdd932b3e08e0b/view,,,SAM.gov portal,Solicitation | resp 2026-07-10 | NAICS 541330,WARM
gov_contract,"N62470-25-R-4011 COMPREHENSIVE LONG-TERM ENVIRONMENTAL ACTION NAVY (CLEAN) IN NAVFAC ATLANTIC?S AREA OF RESPONSIBILITY (AOR), PRIMARILY IN THE NAVFAC MID-ATLANTIC NORTHEAST AOR, NAVFAC SOUTHEAST AOR, AND BASE REALIGNMENT AND CLOSURE (BRAC) EAST AOR",NAVFACSYSCOM ATLANTIC,Gov contract,"NORFOLK, VA",2026-06-10,https://sam.gov/opp/1d288dee04104ef9a066378061da4e80/view,,,SAM.gov portal,Combined Synopsis/Solicitation | resp 2026-07-10 | NAICS 541330,WARM
gov_contract,Seaport Task Order,NAVFACSYSCOM EUROPE AFRICA CENTRAL,Gov contract,"FPO, AE",2026-06-18,https://sam.gov/opp/2b7f24ea45324ac8b5e4337645334883/view,,,SAM.gov portal,Solicitation | resp 2026-07-18 | NAICS 541330,WARM
gov_contract,AMENDMENT 0001 (23 JUN 2026) - The purpose of this Amendment is to provide responses to RFIs. Please reference the revised synopsis incorporating relevant RFI responses.,NAVFACSYSCOM SOUTHWEST,Gov contract,"SAN DIEGO, CA",2026-06-23,https://sam.gov/opp/c6fa96e891434409844c0b58087165c9/view,,,SAM.gov portal,Solicitation | resp 2026-07-17 | NAICS 541330,WARM
gov_contract,SeaPort CNSP - Readiness Assistance Training Team (RATT) Support,NAVSUP FLT LOG CTR  SAN DIEGO,Gov contract,"SAN DIEGO, CA",2026-06-12,https://sam.gov/opp/13a9b22cf6dd4900a92a8ae8ec588552/view,,,SAM.gov portal,Solicitation | resp 2026-07-15 | NAICS 541330,WARM
gov_contract,Declassification Support Services,NAVSUP FLT LOG CTR NORFOLK,Gov contract,"NORFOLK, VA",2026-06-10,https://sam.gov/opp/9bdcf2c8e24d4cdaa0ad03a3d49acc66/view,,,SAM.gov portal,Solicitation | resp 2026-07-10 | NAICS 541330,WARM
gov_contract,Industry Day Announcement For Navy Fielded Training Systems Support VI (FTSS VI),NAWC TRAINING SYSTEMS DIV,Gov contract,"ORLANDO, FL",2026-06-18,https://sam.gov/opp/1065d8f60a454a768b28ee873f10d2ee/view,,,SAM.gov portal,Presolicitation | resp 2026-08-13 | NAICS 541330,WARM
gov_contract,"E2, C2, and Landing Signal Officer (LSO) Training Programs  Curriculum Revision and Maintenance (CRM) Program  Task Order (TO) PACRM MAC Notice of Intent",NAWC TRAINING SYSTEMS DIV,Gov contract,"ORLANDO, FL",2026-06-01,https://sam.gov/opp/e7e76cd2f9f1467c8b8d766ced5be8a5/view,,,SAM.gov portal,Special Notice | resp 2026-08-31 | NAICS 541330,WARM
gov_contract,Pilot and Aircrew Curriculum Revision and Maintenance (PACRM) Multiple Award Contract (MAC) II,NAWC TRAINING SYSTEMS DIV,Gov contract,"ORLANDO, FL",2026-04-13,https://sam.gov/opp/27118b76b0b74ccf88d09f03959b32a3/view,,,SAM.gov portal,Solicitation | resp 2026-07-20 | NAICS 541330,WARM
gov_contract,Seaport NxG - Tactical Data Link (TDL) Capabilities Based In-Service Engineering Agent (CB-ISEA),NIWC PACIFIC,Gov contract,"SAN DIEGO, CA",2026-06-15,https://sam.gov/opp/cc7f3249d64d4268b2984a2ec68747bf/view,,,SAM.gov portal,Solicitation | resp 2026-07-20 | NAICS 541330,WARM
gov_contract,"N0016426SNB86 ? SEAPORT SERVICES REQUEST FOR INFORMATION (RFI)/SOURCES SOUGHT ? NON-PERSONAL PROFESSIONAL, ENGINEERING, TECHNICAL ASSESSMENTS AND SPECIAL STUDIES AND MANAGEMENT SUPPORT SERVICES. PSC AC13 NAICS 541330",NSWC CRANE,Gov contract,"CRANE, IN",2026-06-22,https://sam.gov/opp/dff0df0021a24a719cf33fcbdaabed9e/view,,,SAM.gov portal,Presolicitation | resp 2026-07-10 | NAICS 541330,WARM
gov_contract,N0017827R3105 AI_INTELLIGENT AUTOMATION SUPPORT SERVICES,NSWC DAHLGREN,Gov contract,"DAHLGREN, VA",2026-06-08,https://sam.gov/opp/70699db185d2474e8087f681e8374748/view,,,SAM.gov portal,Sources Sought | resp 2026-07-09 | NAICS 541330,WARM
gov_contract,"N6449826R3104 - SeaPort-NXG, 60 HZ Shipboard Electrical Systems Engineering Services",NSWC PHILADELPHIA DIV,Gov contract,"PHILADELPHIA, PA",2026-06-17,https://sam.gov/opp/f9b62dc44190475c98f5043651fbf3d1/view,,,SAM.gov portal,Solicitation | resp 2026-07-21 | NAICS 541330,WARM
gov_contract,Team Submarine Combat Systems Follow-On,NUWC DIV NEWPORT,Gov contract,"NEWPORT, RI",2026-06-01,https://sam.gov/opp/8a2b7c72895a47288fe84286b708dffb/view,,,SAM.gov portal,Presolicitation | resp 2026-07-17 | NAICS 541330,WARM
gov_contract,Strategic Quality Support System (SQSS) - Ft Yuma Health Care Center,PHOENIX AREA INDIAN HEALTH SVC,Gov contract,"PHOENIX, AZ",2026-06-08,https://sam.gov/opp/97b0c85f57d84635b69bd73b5f7965b8/view,,,SAM.gov portal,Sources Sought | resp 2026-07-18 | NAICS 541512,WARM
gov_contract,"FY28 FIRE CONTROL STRATEGIC SYSTEMS PROGRAMS (SSP)  DEVELOPMENT, SUSTAINMENT,  PRODUCTION AND OPERATIONS SUPPORT",STRATEGIC SYSTEMS PROGRAMS,Gov contract,"WASHINGTON NAVY YARD, DC",2026-05-27,https://sam.gov/opp/9c04cd53814f4dc092b3b3a82346d086/view,,,SAM.gov portal,Special Notice | resp 2026-07-12 | NAICS 541330,WARM
gov_contract,Q201--VISN 21 Patient Elopement and Wandering Prevention  (VA-26-00049526),TECHNOLOGY ACQUISITION CENTER NJ (36C10B),Gov contract,"EATONTOWN, NJ",2026-06-11,https://sam.gov/opp/a0ae401b29794aa4b1652a8a30e0fec7/view,,,SAM.gov portal,Combined Synopsis/Solicitation | resp 2026-07-13 | NAICS 541519,WARM
gov_contract,USACE Omaha District - $249M Unrestricted Sentinel Construction Management Services (CMS) MATOC,W071 ENDIST OMAHA,Gov contract,"OMAHA, NE",2026-06-18,https://sam.gov/opp/fec516ab97c54fc09faba8bd4c881341/view,,,SAM.gov portal,Special Notice | resp n/a | NAICS 541330,WARM
gov_contract,Post Industry Day Notice HITS-UIII,W2R2 USA ENGR R AND D CTR,Gov contract,"VICKSBURG, MS",2026-06-24,https://sam.gov/opp/85a781413dc646e0a078e8a71d910b96/view,,,SAM.gov portal,Special Notice | resp 2026-09-15 | NAICS 541512,WARM
gov_contract,W912DY26RA030 AMENDMENT 1 DRAFT SOLICITATION FOR UTILITY MONITORING AND CONTROL SYSTEMS VI,W2V6 USA ENG SPT CTR HUNTSVIL,Gov contract,"REDSTONE ARSENAL, AL",2026-06-18,https://sam.gov/opp/ac1c53589d4f47649a4a5b879a26de8e/view,,,SAM.gov portal,Combined Synopsis/Solicitation | resp 2026-07-25 | NAICS 541512,WARM
gov_contract,Joint Clothing and Textile Modernization Initiative (JCTMI),W6QK ACC-APG,Gov contract,"ABERDEEN PROVING GROU, MD",2026-06-17,https://sam.gov/opp/d405ddef3966419395a30e38bf7767a7/view,,,SAM.gov portal,Combined Synopsis/Solicitation | resp 2026-07-10 | NAICS 541511,WARM
gov_contract,ATC Scientific and Engineering Requirement Solicitation,W6QK ACC-APG,Gov contract,"ABERDEEN PROVING GROU, MD",2026-06-09,https://sam.gov/opp/b7ebe19bbeeb4398ba0c8cc981ae1660/view,,,SAM.gov portal,Solicitation | resp 2026-07-09 | NAICS 541330,WARM
infrastructure,Research to Support FHWA’s Office of Infrastructure Research and Development: Issued Call 3.0,693JJ3 ACQUISITION AND GRANTS MGT,Gov contract,"WASHINGTON, DC",2026-06-09,https://sam.gov/opp/99e6bba615c746e9af27e1527a05a897/view,,,SAM.gov portal,Combined Synopsis/Solicitation | resp 2026-07-24 | NAICS 541330,WARM
infrastructure,INTEGRATED TEST LABORATORY (ITL) SUPPORT,HQ CONTRACT OPERATIONS (CG-912)(000,Gov contract,"WASHINGTON, DC",2026-06-22,https://sam.gov/opp/a7d00013958f44a4813dd519bd005173/view,,,SAM.gov portal,Sources Sought | resp 2026-07-22 | NAICS 541513,WARM
infrastructure,Request for Information (RFI 80TECH26RFI0020): Strategic Partnerships for NASA Data Center Infrastructure,NASA IT PROCUREMENT OFFICE,Gov contract,"Greenbelt, MD",2026-06-04,https://sam.gov/opp/424ff733350e47438f47d5a7185bb5a4/view,,,SAM.gov portal,Sources Sought | resp 2026-07-17 | NAICS 518210,WARM
infrastructure,"Naval Enterprise Networks (NEN) and Integrated Product Team (IPT)  Engineering, Integration, and Program Management",NIWC PACIFIC,Gov contract,"SAN DIEGO, CA",2026-06-23,https://sam.gov/opp/b92eec4513f64c2587fc217c8e4aecc2/view,,,SAM.gov portal,Solicitation | resp 2026-07-24 | NAICS 541330,WARM
infrastructure,Advance Notice: N66604-26-R-3000 Code 25 CANES Tactical Networks,NUWC DIV NEWPORT,Gov contract,"NEWPORT, RI",2026-06-16,https://sam.gov/opp/d4f80567f5064e85b2313aaf461950d4/view,,,SAM.gov portal,Solicitation | resp 2026-07-30 | NAICS 541330,WARM
infrastructure,ENTERPRISE IT SUPPORT,W6QM MICC-FDO FT SAM HOUSTON,Gov contract,"FORT SAM HOUSTON, TX",2026-06-17,https://sam.gov/opp/1ca7bebef60a4579a3ee2aa5fd9e01b6/view,,,SAM.gov portal,Sources Sought | resp 2026-07-16 | NAICS 541513,WARM
remote_contract,"*Scribd | Lead Product Manager, AI Developer Platform | US, Canada | REMOTE* Scribd, Inc.",*Scribd,Direct hire/contract,Remote/US (see post),2026-06-24,https://news.ycombinator.com/item?id=48358657,,,Email/HN,"*Scribd | Lead Product Manager, AI Developer Platform | US, Canada | REMOTE* Scribd, Inc. is on a mission to advance human understanding. Our four pro",WARM
remote_contract,Aave | Senior Cyber Security Engineer | Hybrid (Dublin or London) / Remote (EU) | Full-tim,Aave,Direct hire/contract,Remote/US (see post),2026-06-24,https://news.ycombinator.com/item?id=48496705,,,Email/HN,Aave | Senior Cyber Security Engineer | Hybrid (Dublin or London) / Remote (EU) | Full-time | https://aave.com/ Aave is one of the world's leading dec,WARM
remote_contract,DevOps Engineer Mobile,Air Apps,Full-time remote,Amsterdam,2026-06-24,https://weworkremotely.com/remote-jobs/air-apps-devops-engineer-mobile,,,WeWorkRemotely,"&lt;img src=""https://we-work-remotely.imgix.net/logos/0171/5591/logo.gif?ixlib=rails-4.0.0&amp;w=50&amp;h=50&amp;dpr=2&amp;fit=fill&amp;auto=compress""",WARM
remote_contract,Alembic | SF (5 days onsite) | SRE • C++ AI • Backend Python • Data Engineering We melted,Alembic,Direct hire/contract,Remote/US (see post),2026-06-24,https://news.ycombinator.com/item?id=48360189,,,Email/HN,Alembic | SF (5 days onsite) | SRE • C++ AI • Backend Python • Data Engineering We melted GPUs chasing Causal AI — now we run one of the world's faste,WARM
remote_contract,"Amodo Design (amododesign.com) | Sheffield/London, UK | Software Engineer | Full-time | On",Amodo Design,Direct hire/contract,Remote/US (see post),2026-06-24,https://news.ycombinator.com/item?id=48367646,,,Email/HN,"Amodo Design (amododesign.com) | Sheffield/London, UK | Software Engineer | Full-time | Onsite or Hybrid We are hiring software engineers who enjoy so",WARM
remote_contract,"Annex Risk | Full-stack + Backend Engineer | Bay Area, Austin | Full-time The cost of home",Annex Risk,Direct hire/contract,Remote/US (see post),2026-06-24,https://news.ycombinator.com/item?id=48361234,,,Email/HN,"Annex Risk | Full-stack + Backend Engineer | Bay Area, Austin | Full-time The cost of homeowners insurance, especially in natural catastrophe prone ar",WARM
remote_contract,"Anyfin | Full-Stack, Backend (Go), Data Engineer | Stockholm, Sweden | ONSITE 3 days/week",Anyfin,Direct hire/contract,Remote/US (see post),2026-06-24,https://news.ycombinator.com/item?id=48397115,,,Email/HN,"Anyfin | Full-Stack, Backend (Go), Data Engineer | Stockholm, Sweden | ONSITE 3 days/week | Full-time | Relocation + visa sponsorship What happens whe",WARM
remote_contract,"Apollo Research | Infrastructure Engineer | SF, CA | Onsite | $215k–$265k + equity Apollo",Apollo Research,Direct hire/contract,Remote/US (see post),2026-06-24,https://news.ycombinator.com/item?id=48371505,,,Email/HN,"Apollo Research | Infrastructure Engineer | SF, CA | Onsite | $215k–$265k + equity Apollo Research is a leading AI Safety org. Our goal is to understa",WARM
remote_contract,Apple | Sr. DevOps Engineer | Bay Area | Onsite We are looking for a Platform Engineer wit,Apple,Direct hire/contract,Remote/US (see post),2026-06-24,https://news.ycombinator.com/item?id=48362984,,,Email/HN,Apple | Sr. DevOps Engineer | Bay Area | Onsite We are looking for a Platform Engineer with API and Infrastructure experience who has written web appl,WARM
remote_contract,DevOps Engineer,AssureSoft,Full-time remote,Anywhere in the World,2026-06-24,https://weworkremotely.com/remote-jobs/assuresoft-devops-engineer,,,WeWorkRemotely,"&lt;p&gt;   &lt;strong&gt;Headquarters:&lt;/strong&gt; LATAM     &lt;br /&gt;&lt;strong&gt;URL:&lt;/strong&gt; &lt;a href=""http://assuresoft.com""&gt;h",WARM
remote_contract,"Atom Computing | Senior Infrastructure Engineer, Senior Software Engineer, Principal Softw",Atom Computing,Direct hire/contract,Remote/US (see post),2026-06-24,https://news.ycombinator.com/item?id=48357775,,,Email/HN,"Atom Computing | Senior Infrastructure Engineer, Senior Software Engineer, Principal Software Engineer, Software Engineering Manager | Boulder, CO (Hy",WARM
remote_contract,August Health ( https://augusthealth.com/ ) | Remote (USA only) | Full Time | Multiple Eng,August Health,Direct hire/contract,Remote/US (see post),2026-06-24,https://news.ycombinator.com/item?id=48360909,,,Email/HN,"August Health ( https://augusthealth.com/ ) | Remote (USA only) | Full Time | Multiple Engineering Roles (Infrastructure, Product, Applied AI) We're b",WARM
remote_contract,DevOps Engineer,Aura,Full-time remote,Anywhere in the World,2026-06-24,https://weworkremotely.com/remote-jobs/aura-devops-engineer,,,WeWorkRemotely,"&lt;img src=""https://we-work-remotely.imgix.net/logos/0171/5593/logo.gif?ixlib=rails-4.0.0&amp;w=50&amp;h=50&amp;dpr=2&amp;fit=fill&amp;auto=compress""",WARM
remote_contract,"Back by Sequoia Capital, Peregrine is the operational AI platform powering decision making","Back by Sequoia Capital, Peregrine is the ope",Direct hire/contract,Remote/US (see post),2026-06-24,https://news.ycombinator.com/item?id=48359037,,,Email/HN,"Back by Sequoia Capital, Peregrine is the operational AI platform powering decision making and operations SF / NYC / DC | In-office 4 days | $175,000",WARM
remote_contract,Banking Circle | Data Scientist | London or Copenhagen | Full time Banking Circle provides,Banking Circle,Direct hire/contract,Remote/US (see post),2026-06-24,https://news.ycombinator.com/item?id=48538544,,,Email/HN,Banking Circle | Data Scientist | London or Copenhagen | Full time Banking Circle provides account and payment infrastructure to other regulated finan,WARM
remote_contract,"Baton | San Francisco, CA (Hybrid) and Remote | Full-Time Baton (baton.io) is Ryder's in-h",Baton,Direct hire/contract,Remote/US (see post),2026-06-24,https://news.ycombinator.com/item?id=48358820,,,Email/HN,"Baton | San Francisco, CA (Hybrid) and Remote | Full-Time Baton (baton.io) is Ryder's in-house product development group focused on harnessing emergin",WARM
remote_contract,"Beacon AI | San Carlos, CA | Hybrid (On-Site) | Full-Time | www.beaconai.co Beacon AI buil",Beacon AI,Direct hire/contract,Remote/US (see post),2026-06-24,https://news.ycombinator.com/item?id=48365778,,,Email/HN,"Beacon AI | San Carlos, CA | Hybrid (On-Site) | Full-Time | www.beaconai.co Beacon AI builds intelligent systems that make aviation safer and more aut",WARM
remote_contract,"Beatdapp | Machine Learning (ML) Engineer | Vancouver, Canada | ONSITE (Hybrid) | Full-tim",Beatdapp,Direct hire/contract,Remote/US (see post),2026-06-24,https://news.ycombinator.com/item?id=48364782,,,Email/HN,"Beatdapp | Machine Learning (ML) Engineer | Vancouver, Canada | ONSITE (Hybrid) | Full-time Beatdapp is a ~50-person startup delivering audio and stre",WARM
remote_contract,"Senior Solutions Engineer (API, Python, Node.JS)",Binance,Full-time remote,Anywhere in the World,2026-06-24,https://weworkremotely.com/remote-jobs/binance-senior-solutions-engineer-api-python-node-js,,,WeWorkRemotely,"&lt;img src=""https://we-work-remotely.imgix.net/logos/0171/5414/logo.gif?ixlib=rails-4.0.0&amp;w=50&amp;h=50&amp;dpr=2&amp;fit=fill&amp;auto=compress""",WARM
remote_contract,Blackshark AI | Software Engineers & Platform Engineers | Full-time | Austria or Remote EU,Blackshark AI,Direct hire/contract,Remote/US (see post),2026-06-24,https://news.ycombinator.com/item?id=48358386,,,Email/HN,Blackshark AI | Software Engineers & Platform Engineers | Full-time | Austria or Remote EU | VISA sponsorship available We build geospatial AI infrast,WARM
remote_contract,DevOps Engineer - EMEA/US Shift,BlueMatrix,Full-time remote,Anywhere in the World,2026-06-24,https://weworkremotely.com/remote-jobs/bluematrix-devops-engineer-emea-us-shift,,,WeWorkRemotely,"&lt;img src=""https://we-work-remotely.imgix.net/logos/0171/5415/logo.gif?ixlib=rails-4.0.0&amp;w=50&amp;h=50&amp;dpr=2&amp;fit=fill&amp;auto=compress""",WARM
remote_contract,Working Student (m/f/d) DevOps – Software Development,Bruker Corporation,Full-time remote,Baden-Württemberg,2026-06-24,https://weworkremotely.com/remote-jobs/bruker-corporation-working-student-m-f-d-devops-software-development,,,WeWorkRemotely,"&lt;p&gt;   &lt;strong&gt;Headquarters:&lt;/strong&gt; Ettlingen, Baden-Württemberg, Germany     &lt;br /&gt;&lt;strong&gt;URL:&lt;/strong&gt; &lt;a h",WARM
remote_contract,"Cardog | Toronto, ON | Remote (Canada) | Full-time AI-powered automotive platform — we're",Cardog,Direct hire/contract,Remote/US (see post),2026-06-24,https://news.ycombinator.com/item?id=48498049,,,Email/HN,"Cardog | Toronto, ON | Remote (Canada) | Full-time AI-powered automotive platform — we're building the infrastructure layer for vehicle data, from VIN",WARM
remote_contract,DevOps Engineer,Career Team Enterprises,Full-time remote,Anywhere in the World,2026-06-24,https://weworkremotely.com/remote-jobs/career-team-enterprises-devops-engineer,,,WeWorkRemotely,"&lt;img src=""https://we-work-remotely.imgix.net/logos/0171/5510/logo.gif?ixlib=rails-4.0.0&amp;w=50&amp;h=50&amp;dpr=2&amp;fit=fill&amp;auto=compress""",WARM
remote_contract,"Castleton Tower | Senior Consultant (Data Engineering, Investment Analytics, Strategy) | H",Castleton Tower,Direct hire/contract,Remote/US (see post),2026-06-24,https://news.ycombinator.com/item?id=48361068,,,Email/HN,"Castleton Tower | Senior Consultant (Data Engineering, Investment Analytics, Strategy) | Hybrid (US) Castleton Tower is a boutique consulting firm fou",WARM
remote_contract,Category Labs | https://www.category.xyz/ | Remote and NYC | Full Time | $200K USD+ Catego,Category Labs,Direct hire/contract,Remote/US (see post),2026-06-24,https://news.ycombinator.com/item?id=48361443,,,Email/HN,Category Labs | https://www.category.xyz/ | Remote and NYC | Full Time | $200K USD+ Category Labs (formerly known as Monad Labs) is a team of systems,WARM
remote_contract,"Cephla | Member of Technical Staff | Intern, Contract to Full-time, Consulting | Onsite |",Cephla,Direct hire/contract,Remote/US (see post),2026-06-24,https://news.ycombinator.com/item?id=48365480,,,Email/HN,"Cephla | Member of Technical Staff | Intern, Contract to Full-time, Consulting | Onsite | https://www.cephla.com Cephla is building the critical imagi",WARM
remote_contract,Senior InfoSec Engineer (SecDevOps) - (REMOTE),Charles River,Full-time remote,Andhra Pradesh,2026-06-24,https://weworkremotely.com/remote-jobs/charles-river-senior-infosec-engineer-secdevops-remote,,,WeWorkRemotely,"&lt;img src=""https://we-work-remotely.imgix.net/logos/0171/5556/logo.gif?ixlib=rails-4.0.0&amp;w=50&amp;h=50&amp;dpr=2&amp;fit=fill&amp;auto=compress""",WARM
remote_contract,Chestnut | Senior Product Engineer | SF or Seattle (Hybrid) | https://jobs.ashbyhq.com/Che,Chestnut,Direct hire/contract,Remote/US (see post),2026-06-24,https://news.ycombinator.com/item?id=48359505,,,Email/HN,"Chestnut | Senior Product Engineer | SF or Seattle (Hybrid) | https://jobs.ashbyhq.com/Chestnut I'm Nick, CTO & co-founder. We're Rippling, but for in",WARM
remote_contract,"Chime | Senior Application Security Engineer, Product Security Engineer, Manager - Product",Chime,Direct hire/contract,Remote/US (see post),2026-06-24,https://news.ycombinator.com/item?id=48359262,,,Email/HN,"Chime | Senior Application Security Engineer, Product Security Engineer, Manager - Product Security | San Francisco / Chicago / New York | Hybrid I’m",WARM
remote_contract,"CivTiq | Lead SWE | Toronto | $130,000 – $180,000 CAD | Founder-level equity | Founder wit",CivTiq,Direct hire/contract,Remote/US (see post),2026-06-24,https://news.ycombinator.com/item?id=48362249,,,Email/HN,"CivTiq | Lead SWE | Toronto | $130,000 – $180,000 CAD | Founder-level equity | Founder with 3x successful exits| We are building enterprise-grade, whi",WARM
remote_contract,Clad (YC W23) | Software Engineer | NYC | withclad.com Clad is software for building physi,Clad,Direct hire/contract,Remote/US (see post),2026-06-24,https://news.ycombinator.com/item?id=48360926,,,Email/HN,Clad (YC W23) | Software Engineer | NYC | withclad.com Clad is software for building physical infrastructure. We help contractors automate their back,WARM
remote_contract,ClickHouse | Distributed Data Infrastructure Engineer | Remote Hiring in the US right now.,ClickHouse,Direct hire/contract,Remote/US (see post),2026-06-24,https://news.ycombinator.com/item?id=48369698,,,Email/HN,"ClickHouse | Distributed Data Infrastructure Engineer | Remote Hiring in the US right now. Seniors/Staff/Principal levels ClickHouse is a popular, Ope",WARM
remote_contract,Close | 100% REMOTE (US only) | Full Time | Bootstrapped & Profitable - Software Engineer,Close,Direct hire/contract,Remote/US (see post),2026-06-24,https://news.ycombinator.com/item?id=48360843,,,Email/HN,Close | 100% REMOTE (US only) | Full Time | Bootstrapped & Profitable - Software Engineer (Backend) - Software Engineer (Frontend) - Site Reliability,WARM
remote_contract,"Column ( https://column.com/ ) | San Francisco, CA (ONSITE) | Full Time | Software Eng (In",Column,Direct hire/contract,Remote/US (see post),2026-06-24,https://news.ycombinator.com/item?id=48360796,,,Email/HN,"Column ( https://column.com/ ) | San Francisco, CA (ONSITE) | Full Time | Software Eng (Infrastructure), Software Eng (Backend), Software Eng (Product",WARM
remote_contract,"Compa.AI | Enterprise Security Engineer | Hybrid (US - Irvine, Denver, Seattle) | Full-tim",Compa.AI,Direct hire/contract,Remote/US (see post),2026-06-24,https://news.ycombinator.com/item?id=48509534,,,Email/HN,"Compa.AI | Enterprise Security Engineer | Hybrid (US - Irvine, Denver, Seattle) | Full-time | 175 - 205k + equity/benefits We're looking for a first E",WARM
remote_contract,"Conservation Metrics | Lead Software Engineer, Data Sovereignty | REMOTE (US) Indigenous P",Conservation Metrics,Direct hire/contract,Remote/US (see post),2026-06-24,https://news.ycombinator.com/item?id=48376486,,,Email/HN,"Conservation Metrics | Lead Software Engineer, Data Sovereignty | REMOTE (US) Indigenous People around the world are working tirelessly to protect and",WARM
remote_contract,DevOps Engineer (contract),Covent IT,Full-time remote,Anywhere in the World,2026-06-24,https://weworkremotely.com/remote-jobs/covent-it-devops-engineer-contract,,,WeWorkRemotely,"&lt;p&gt;   &lt;strong&gt;Headquarters:&lt;/strong&gt; Remote work     &lt;br /&gt;&lt;strong&gt;URL:&lt;/strong&gt; &lt;a href=""http://coventit.com""&",WARM
remote_contract,[Banco de Talentos] Pessoa Desenvolvedora Backend Pleno,Cubos Tecnologia,Full-time remote,Anywhere in the World,2026-06-24,https://weworkremotely.com/remote-jobs/cubos-tecnologia-banco-de-talentos-pessoa-desenvolvedora-backend-pleno,,,WeWorkRemotely,"&lt;p&gt;   &lt;strong&gt;Headquarters:&lt;/strong&gt; BR     &lt;br /&gt;&lt;strong&gt;URL:&lt;/strong&gt; &lt;a href=""http://cubos.io""&gt;http://cub",WARM
remote_contract,[Banco de Talentos] Pessoa Desenvolvedora Frontend Junior,Cubos Tecnologia,Full-time remote,Anywhere in the World,2026-06-24,https://weworkremotely.com/remote-jobs/cubos-tecnologia-banco-de-talentos-pessoa-desenvolvedora-frontend-junior,,,WeWorkRemotely,"&lt;p&gt;   &lt;strong&gt;Headquarters:&lt;/strong&gt; BR     &lt;br /&gt;&lt;strong&gt;URL:&lt;/strong&gt; &lt;a href=""http://cubos.io""&gt;http://cub",WARM
remote_contract,[Banco de Talentos] Pessoa Desenvolvedora Flutter Pleno,Cubos Tecnologia,Full-time remote,Anywhere in the World,2026-06-24,https://weworkremotely.com/remote-jobs/cubos-tecnologia-banco-de-talentos-pessoa-desenvolvedora-flutter-pleno,,,WeWorkRemotely,"&lt;p&gt;   &lt;strong&gt;Headquarters:&lt;/strong&gt; BR     &lt;br /&gt;&lt;strong&gt;URL:&lt;/strong&gt; &lt;a href=""http://cubos.io""&gt;http://cub",WARM
remote_contract,[Banco de Talentos] Pessoa Desenvolvedora Frontend Pleno,Cubos Tecnologia,Full-time remote,Anywhere in the World,2026-06-24,https://weworkremotely.com/remote-jobs/cubos-tecnologia-banco-de-talentos-pessoa-desenvolvedora-frontend-pleno,,,WeWorkRemotely,"&lt;p&gt;   &lt;strong&gt;Headquarters:&lt;/strong&gt; BR     &lt;br /&gt;&lt;strong&gt;URL:&lt;/strong&gt; &lt;a href=""http://cubos.io""&gt;http://cub",WARM
remote_contract,DataSF (City & County of San Francisco) | Senior Data Engineer | Hybrid (in San Francisco),DataSF,Direct hire/contract,Remote/US (see post),2026-06-24,https://news.ycombinator.com/item?id=48363272,,,Email/HN,DataSF (City & County of San Francisco) | Senior Data Engineer | Hybrid (in San Francisco) | Full-time | $156k-$196k DataSF is looking for a Senior Da,WARM
remote_contract,"Datadog | Software Engineers | ONSITE (Boston, Lisbon, Madrid, NYC, Paris, Tel Aviv) | Ful",Datadog,Direct hire/contract,Remote/US (see post),2026-06-24,https://news.ycombinator.com/item?id=48359181,,,Email/HN,"Datadog | Software Engineers | ONSITE (Boston, Lisbon, Madrid, NYC, Paris, Tel Aviv) | Full-time Datadog is a monitoring, tracing, logs system, and mo",WARM
remote_contract,DevOps Engineer  REF1752R (m/f/d),Deutsche Telekom IT Solutions Slovakia,Full-time remote,Košický kraj,2026-06-24,https://weworkremotely.com/remote-jobs/deutsche-telekom-it-solutions-slovakia-devops-engineer-ref1752r-m-f-d,,,WeWorkRemotely,"&lt;img src=""https://we-work-remotely.imgix.net/logos/0171/5555/logo.gif?ixlib=rails-4.0.0&amp;w=50&amp;h=50&amp;dpr=2&amp;fit=fill&amp;auto=compress""",WARM
remote_contract,"Disney | Senior Software Engineer, Backend | ONSITE, NYC | Full Time The Subscriptions tea",Disney,Direct hire/contract,Remote/US (see post),2026-06-24,https://news.ycombinator.com/item?id=48462170,,,Email/HN,"Disney | Senior Software Engineer, Backend | ONSITE, NYC | Full Time The Subscriptions team is looking to expand our team in the NYC office. We are a",WARM
remote_contract,"DuckDuckGo | Multiple Roles | Remote | Full-time | $178,500 - $243,800 USD + equity We are",DuckDuckGo,Direct hire/contract,Remote/US (see post),2026-06-24,https://news.ycombinator.com/item?id=48361656,,,Email/HN,"DuckDuckGo | Multiple Roles | Remote | Full-time | $178,500 - $243,800 USD + equity We are looking for candidates that are excited to join us on a mis",WARM
remote_contract,"EggAI | Tech Lead, AI Engineer, Senior/Lead Platform Engineer/devops | REMOTE (EU, Switzer",EggAI,Direct hire/contract,Remote/US (see post),2026-06-24,https://news.ycombinator.com/item?id=48444439,,,Email/HN,"EggAI | Tech Lead, AI Engineer, Senior/Lead Platform Engineer/devops | REMOTE (EU, Switzerland, Norway) | Full-time or Contract Multiple roles open. W",WARM
remote_contract,"Elucid | Principal Platform Engineer | Boston, MA | ONSITE (hybrid) | $170k–$205k | https:",Elucid,Direct hire/contract,Remote/US (see post),2026-06-24,https://news.ycombinator.com/item?id=48371252,,,Email/HN,"Elucid | Principal Platform Engineer | Boston, MA | ONSITE (hybrid) | $170k–$205k | https://elucid.applytojob.com/apply/BHpChxSggM/Principal-Pla... El",WARM
remote_contract,"Enveritas (YC S18, non-profit) | Backend Software Engineer | Remote (Global) | https://env",Enveritas,Direct hire/contract,Remote/US (see post),2026-06-24,https://news.ycombinator.com/item?id=48372552,,,Email/HN,"Enveritas (YC S18, non-profit) | Backend Software Engineer | Remote (Global) | https://enveritas.org/jobs/ Enveritas is a 501(c)(3) nonprofit working",WARM
remote_contract,BDR - outbound - Pré-vendas,FIAP,Full-time remote,Anywhere in the World,2026-06-24,https://weworkremotely.com/remote-jobs/fiap-bdr-outbound-pre-vendas,,,WeWorkRemotely,"&lt;p&gt;   &lt;strong&gt;Headquarters:&lt;/strong&gt; BR     &lt;br /&gt;&lt;strong&gt;URL:&lt;/strong&gt; &lt;a href=""http://alura.com.br""&gt;http:/",WARM
remote_contract,"Factory AI | AI, Fullstack, Frontend, Platform, Data, Product Engineers + GTM, Design, Ope",Factory AI,Direct hire/contract,Remote/US (see post),2026-06-24,https://news.ycombinator.com/item?id=48364864,,,Email/HN,"Factory AI | AI, Fullstack, Frontend, Platform, Data, Product Engineers + GTM, Design, Operations | San Francisco, CA (+ NY, London for some roles) |",WARM
remote_contract,"Fastly | Software Engineers (Senior, Staff, Principal) | REMOTE (US, UK, EU) or ONSITE | F",Fastly,Direct hire/contract,Remote/US (see post),2026-06-24,https://news.ycombinator.com/item?id=48358160,,,Email/HN,"Fastly | Software Engineers (Senior, Staff, Principal) | REMOTE (US, UK, EU) or ONSITE | Full-time When you look at the headers of major websites, you",WARM
remote_contract,"Findigs | Full-time | NYC | 3x/week in office (M,T, Th) | findigs.com At Findigs, we’re tr",Findigs,Direct hire/contract,Remote/US (see post),2026-06-24,https://news.ycombinator.com/item?id=48372240,,,Email/HN,"Findigs | Full-time | NYC | 3x/week in office (M,T, Th) | findigs.com At Findigs, we’re transforming the rental experience — making it fairer, stress-",WARM
remote_contract,Flow Traders | Research Engineer | Hong Kong/ London (onsite) | Full Time | Visa | Relocat,Flow Traders,Direct hire/contract,Remote/US (see post),2026-06-24,https://news.ycombinator.com/item?id=48394992,,,Email/HN,Flow Traders | Research Engineer | Hong Kong/ London (onsite) | Full Time | Visa | Relocation Flow Traders is a leading proprietary trading firm with,WARM
remote_contract,"Foam | Staff Founding Eng | In-Person, San Francisco | Full-time (M-F 9am-7pm) | $300-$400",Foam,Direct hire/contract,Remote/US (see post),2026-06-24,https://news.ycombinator.com/item?id=48364817,,,Email/HN,"Foam | Staff Founding Eng | In-Person, San Francisco | Full-time (M-F 9am-7pm) | $300-$400k/yr + equity Foam is building a Better Sentry on an observa",WARM
remote_contract,Fold | Remote (US Only) | Senior Back End Engineer | Full-time Fold is a publicly listed b,Fold,Direct hire/contract,Remote/US (see post),2026-06-24,https://news.ycombinator.com/item?id=48400258,,,Email/HN,Fold | Remote (US Only) | Senior Back End Engineer | Full-time Fold is a publicly listed bitcoin financial services company building the tools people,WARM
remote_contract,Forecasting Research Institute (FRI) | Data Engineer | REMOTE | Full-time We're a ~20-pers,Forecasting Research Institute,Direct hire/contract,Remote/US (see post),2026-06-24,https://news.ycombinator.com/item?id=48381333,,,Email/HN,Forecasting Research Institute (FRI) | Data Engineer | REMOTE | Full-time We're a ~20-person nonprofit doing forecasting research on high-stakes probl,WARM
remote_contract,Foxglove | Multiple eng + GTM roles | Onsite (San Francisco) + Remote (Europe)| Full Time,Foxglove,Direct hire/contract,Remote/US (see post),2026-06-24,https://news.ycombinator.com/item?id=48359956,,,Email/HN,Foxglove | Multiple eng + GTM roles | Onsite (San Francisco) + Remote (Europe)| Full Time | https://www.foxglove.dev/careers We build developer infras,WARM
remote_contract,"Fullstory | REMOTE (US), Atlanta USA | https://www.fullstory.com/ Fullstory offers privacy",Fullstory,Direct hire/contract,Remote/US (see post),2026-06-24,https://news.ycombinator.com/item?id=48361680,,,Email/HN,"Fullstory | REMOTE (US), Atlanta USA | https://www.fullstory.com/ Fullstory offers privacy-preserving session replay and analytics for websites and mo",WARM
remote_contract,"FusionAuth | Principal Software Engineer, Senior Java Engineer - Cloud, Account Executive,",FusionAuth,Direct hire/contract,Remote/US (see post),2026-06-24,https://news.ycombinator.com/item?id=48360523,,,Email/HN,"FusionAuth | Principal Software Engineer, Senior Java Engineer - Cloud, Account Executive, Solutions Engineer | Varies between REMOTE (in USA, also in",WARM
remote_contract,"G-Research | London, UK | On-site | https://www.gresearch.com/ G-Research is a quantitativ",G,Direct hire/contract,Remote/US (see post),2026-06-24,https://news.ycombinator.com/item?id=48443143,,,Email/HN,"G-Research | London, UK | On-site | https://www.gresearch.com/ G-Research is a quantitative research and technology firm. We build the platforms, tool",WARM
remote_contract,IT - Infrastructure Systems - DevOps Engineer II (Remote in CA only),Golden 1 Credit Union,Full-time remote,California,2026-06-24,https://weworkremotely.com/remote-jobs/golden-1-credit-union-it-infrastructure-systems-devops-engineer-ii-remote-in-ca,,,WeWorkRemotely,"&lt;p&gt;   &lt;strong&gt;Headquarters:&lt;/strong&gt; 8945 Cal Center Dr, Sacramento, CA 95826, USA     &lt;br /&gt;&lt;strong&gt;URL:&lt;/strong&gt;",WARM
remote_contract,Guild.ai | ONSITE (San Francisco) | Full-time | https://www.guild.ai/ Gulid.ai is the cont,Guild.ai,Direct hire/contract,Remote/US (see post),2026-06-24,https://news.ycombinator.com/item?id=48359465,,,Email/HN,Guild.ai | ONSITE (San Francisco) | Full-time | https://www.guild.ai/ Gulid.ai is the control plane for agents. We're building a new way of orchestrat,WARM
remote_contract,DevOps Virtual Development Engineer,HYUNDAI MOTORS,Full-time remote,Anywhere in the World,2026-06-24,https://weworkremotely.com/remote-jobs/hyundai-motors-devops-virtual-development-engineer,,,WeWorkRemotely,"&lt;img src=""https://we-work-remotely.imgix.net/logos/0171/5511/logo.gif?ixlib=rails-4.0.0&amp;w=50&amp;h=50&amp;dpr=2&amp;fit=fill&amp;auto=compress""",WARM
remote_contract,"Harmony AI | Chattanooga, TN + deployed at customer sites | Full-time | ONSITE/Deployed Th",Harmony AI,Direct hire/contract,Remote/US (see post),2026-06-24,https://news.ycombinator.com/item?id=48533484,,,Email/HN,"Harmony AI | Chattanooga, TN + deployed at customer sites | Full-time | ONSITE/Deployed The AI operating system for American manufacturing — an AI lay",WARM
remote_contract,Hey HN! Air Space Intelligence ( https://www.airspace-intelligence.com ) is hiring in Bost,Hey HN! Air Space Intelligence,Direct hire/contract,Remote/US (see post),2026-06-24,https://news.ycombinator.com/item?id=48357742,,,Email/HN,Hey HN! Air Space Intelligence ( https://www.airspace-intelligence.com ) is hiring in Boston. We are a frontier AI and product company for the critica,WARM
remote_contract,"Hiring: Senior Data Engineer ($170-190k), Senior DevOps Engineer ($180-225k), Senior DevOp",Hiring: Senior Data Engineer,Direct hire/contract,Remote/US (see post),2026-06-24,https://news.ycombinator.com/item?id=48358146,,,Email/HN,"Hiring: Senior Data Engineer ($170-190k), Senior DevOps Engineer ($180-225k), Senior DevOps Engineer - Infrastructure & MLOps ($180-225k), Senior Full",WARM
remote_contract,Hive (S14) (www.hive.co) | Engineering roles | Remote within Canada | Full-time We power m,Hive,Direct hire/contract,Remote/US (see post),2026-06-24,https://news.ycombinator.com/item?id=48403229,,,Email/HN,"Hive (S14) (www.hive.co) | Engineering roles | Remote within Canada | Full-time We power marketing for 1,500+ live event brands across North America —",WARM
remote_contract,IDEXX | Senior Application Security Analyst | REMOTE (US/NL) | Full-time IDEXX | Cloud Sec,IDEXX,Direct hire/contract,Remote/US (see post),2026-06-24,https://news.ycombinator.com/item?id=48361273,,,Email/HN,IDEXX | Senior Application Security Analyst | REMOTE (US/NL) | Full-time IDEXX | Cloud Security Architect | REMOTE (US/NL) | Full-time IDEXX is a glob,WARM
remote_contract,Mac MSP Help Desk Guru (work from home),"Ignition, Inc.",Full-time remote,Anywhere in the World,2026-06-24,https://weworkremotely.com/remote-jobs/ignition-inc-mac-msp-help-desk-guru-work-from-home,,,WeWorkRemotely,"&lt;img src=""https://we-work-remotely.imgix.net/logos/0171/5346/logo.gif?ixlib=rails-4.0.0&amp;w=50&amp;h=50&amp;dpr=2&amp;fit=fill&amp;auto=compress""",WARM
remote_contract,Inferra | Founding SRE + Bare-Metal Infra Engineers | San Francisco / REMOTE | Full-time W,Inferra,Direct hire/contract,Remote/US (see post),2026-06-24,https://news.ycombinator.com/item?id=48365334,,,Email/HN,"Inferra | Founding SRE + Bare-Metal Infra Engineers | San Francisco / REMOTE | Full-time We're looking for cracked, optimistic engineers/students with",WARM
remote_contract,Mid/Senior DevOps Engineer (Egypt),Intelmatix,Full-time remote,Anywhere in the World,2026-06-24,https://weworkremotely.com/remote-jobs/intelmatix-mid-senior-devops-engineer-egypt,,,WeWorkRemotely,"&lt;img src=""https://we-work-remotely.imgix.net/logos/0171/5508/logo.gif?ixlib=rails-4.0.0&amp;w=50&amp;h=50&amp;dpr=2&amp;fit=fill&amp;auto=compress""",WARM
remote_contract,"IonQ | Senior Research Software Engineer | Boston, MA (ONSITE - Hybrid) | Full-time We are",IonQ,Direct hire/contract,Remote/US (see post),2026-06-24,https://news.ycombinator.com/item?id=48379267,,,Email/HN,"IonQ | Senior Research Software Engineer | Boston, MA (ONSITE - Hybrid) | Full-time We are looking for a Senior Research Software Engineer for our Glo",WARM
remote_contract,JustPark | Lead Engineers | London (Hybrid) & Dallas (Hybrid) | Full-time JustPark is a pa,JustPark,Direct hire/contract,Remote/US (see post),2026-06-24,https://news.ycombinator.com/item?id=48359608,,,Email/HN,JustPark | Lead Engineers | London (Hybrid) & Dallas (Hybrid) | Full-time JustPark is a parking platform serving millions of drivers and operators acr,WARM
remote_contract,"Kong | Senior Software Engineer, Kong Identity | Toronto, Canada | CA$145K–215K I'm a Staf",Kong,Direct hire/contract,Remote/US (see post),2026-06-24,https://news.ycombinator.com/item?id=48372238,,,Email/HN,"Kong | Senior Software Engineer, Kong Identity | Toronto, Canada | CA$145K–215K I'm a Staff Engineer on Kong's Identity team. We're hiring a Senior So",WARM
remote_contract,Lago ( https://getlago.com/ ) | Hiring in Paris and remote in wider Europe and Americas fo,Lago,Direct hire/contract,Remote/US (see post),2026-06-24,https://news.ycombinator.com/item?id=48371423,,,Email/HN,"Lago ( https://getlago.com/ ) | Hiring in Paris and remote in wider Europe and Americas for various roles | Hiring across product, engineering and GTM",WARM
remote_contract,"Lantern | Software Engineers (Python, Full-Stack) | NYC (Onsite) | Full-time | withlantern",Lantern,Direct hire/contract,Remote/US (see post),2026-06-24,https://news.ycombinator.com/item?id=48360904,,,Email/HN,"Lantern | Software Engineers (Python, Full-Stack) | NYC (Onsite) | Full-time | withlantern.com Lantern is building AI-powered revenue intelligence—aut",WARM
remote_contract,Senior Platform/Site Reliability Engineer,Lemon.io,Full-time remote,Anywhere in the World,2026-06-24,https://weworkremotely.com/remote-jobs/lemon-io-senior-platform-site-reliability-engineer,,,WeWorkRemotely,"&lt;p&gt;   &lt;strong&gt;Headquarters:&lt;/strong&gt; New York, NY     &lt;br /&gt;&lt;strong&gt;URL:&lt;/strong&gt; &lt;a href=""https://lemon.io""&gt",WARM
remote_contract,Technical Product Lead for Innovative Telecom Services - 100% Remote - 6 hours per day,Lightup Network Solutions GmbH &amp; Co. KG,Full-time remote,Anywhere in the World,2026-06-24,https://weworkremotely.com/remote-jobs/lightup-network-solutions-gmbh-co-kg-technical-product-lead-for-innovative-telecom-services,,,WeWorkRemotely,"&lt;img src=""https://we-work-remotely.imgix.net/logos/0169/0644/logo.gif?ixlib=rails-4.0.0&amp;w=50&amp;h=50&amp;dpr=2&amp;fit=fill&amp;auto=compress""",WARM
remote_contract,"Sales Engineer (Remote, US Based)",Liquibase,Full-time remote,Anywhere in the World,2026-06-24,https://weworkremotely.com/remote-jobs/liquibase-sales-engineer-remote-us-based,,,WeWorkRemotely,"&lt;img src=""https://we-work-remotely.imgix.net/logos/0171/5592/logo.gif?ixlib=rails-4.0.0&amp;w=50&amp;h=50&amp;dpr=2&amp;fit=fill&amp;auto=compress""",WARM
remote_contract,LiveKit| http://livekit.io/ | VoiceAI | webRTC | Remote | Full Time LiveKit is building th,LiveKit,Direct hire/contract,Remote/US (see post),2026-06-24,https://news.ycombinator.com/item?id=48392723,,,Email/HN,LiveKit| http://livekit.io/ | VoiceAI | webRTC | Remote | Full Time LiveKit is building the infrastructure layer for the voice-driven era of computing,WARM
remote_contract,Lysk | lysk.ai | AI/Geo Engineer | Full-time | Warsaw / Paris Lysk is a European defence s,Lysk,Direct hire/contract,Remote/US (see post),2026-06-24,https://news.ycombinator.com/item?id=48362225,,,Email/HN,"Lysk | lysk.ai | AI/Geo Engineer | Full-time | Warsaw / Paris Lysk is a European defence startup, based between Paris and Warsaw. Our mission is to cr",WARM
remote_contract,"ML6 | Machine Learning Engineer, Data Engineer | Python, TensorFlow, PyTorch, GCP, AWS, Az",ML6,Direct hire/contract,Remote/US (see post),2026-06-24,https://news.ycombinator.com/item?id=48362248,,,Email/HN,"ML6 | Machine Learning Engineer, Data Engineer | Python, TensorFlow, PyTorch, GCP, AWS, Azure | Full-time | Amsterdam, Berlin, Munich, Eindhoven, Ghen",WARM
remote_contract,MWI Animal Health | Remote (US only) | Senior .NET Developer MWI Animal Health is a leadin,MWI Animal Health,Direct hire/contract,Remote/US (see post),2026-06-24,https://news.ycombinator.com/item?id=48369362,,,Email/HN,"MWI Animal Health | Remote (US only) | Senior .NET Developer MWI Animal Health is a leading U.S. distributor of animal health products, medications, a",WARM
remote_contract,"Memora | Founding Engineer | REMOTE (EU, 4h overlap with CET) | Full-time | Senior IC sala",Memora,Direct hire/contract,Remote/US (see post),2026-06-24,https://news.ycombinator.com/item?id=48424882,,,Email/HN,"Memora | Founding Engineer | REMOTE (EU, 4h overlap with CET) | Full-time | Senior IC salary + meaningful founding equity We're a 5-person startup bui",WARM
remote_contract,MixRank (YC S11) | Software Engineers | 100% Remote (Global) | Full-Time MixRank processes,MixRank,Direct hire/contract,Remote/US (see post),2026-06-24,https://news.ycombinator.com/item?id=48357992,,,Email/HN,MixRank (YC S11) | Software Engineers | 100% Remote (Global) | Full-Time MixRank processes petabytes of data every month through web crawling. Hundred,WARM
remote_contract,"Neo.Tax | Senior Full-Stack Engineer & Senior Data Scientist/ML Engineer | REMOTE (US, Pac",Neo.Tax,Direct hire/contract,Remote/US (see post),2026-06-24,https://news.ycombinator.com/item?id=48362254,,,Email/HN,"Neo.Tax | Senior Full-Stack Engineer & Senior Data Scientist/ML Engineer | REMOTE (US, Pacific hours) | Full-time | $190K–$210K + equity Neo.Tax autom",WARM
remote_contract,"No Isolation | Senior Go Developer & Senior Mobile Fullstack Developer | Hybrid (Oslo, Nor",No Isolation,Direct hire/contract,Remote/US (see post),2026-06-24,https://news.ycombinator.com/item?id=48383070,,,Email/HN,"No Isolation | Senior Go Developer & Senior Mobile Fullstack Developer | Hybrid (Oslo, Norway) We're No Isolation. We are an award-winning EdTech behi",WARM
remote_contract,Nof1 | NYC (Onsite) | Full-time | Research Engineer / Full-Stack Engineer / Infrastructure,Nof1,Direct hire/contract,Remote/US (see post),2026-06-24,https://news.ycombinator.com/item?id=48363998,,,Email/HN,"Nof1 | NYC (Onsite) | Full-time | Research Engineer / Full-Stack Engineer / Infrastructure Engineer We are Nof1, an AI research lab applying AI to tra",WARM
remote_contract,"Nova Credit | Remote (US, Canada) We're building a unified platform for credit and financi",Nova Credit,Direct hire/contract,Remote/US (see post),2026-06-24,https://news.ycombinator.com/item?id=48359905,,,Email/HN,"Nova Credit | Remote (US, Canada) We're building a unified platform for credit and financial data to power financial inclusion globally. Our mission i",WARM
remote_contract,Odyssey | Sr. Security Engineer | Full-time | Remote (US) or NYC Odyssey is building the l,Odyssey,Direct hire/contract,Remote/US (see post),2026-06-24,https://news.ycombinator.com/item?id=48361768,,,Email/HN,Odyssey | Sr. Security Engineer | Full-time | Remote (US) or NYC Odyssey is building the leading financial technology platform for school choice. We h,WARM
remote_contract,Olli Health | Remote (US/CA) w/ Quarterly Travel | Full-Time | ollihealth.ai Hi HN - Sever,Olli Health,Direct hire/contract,Remote/US (see post),2026-06-24,https://news.ycombinator.com/item?id=48357792,,,Email/HN,"Olli Health | Remote (US/CA) w/ Quarterly Travel | Full-Time | ollihealth.ai Hi HN - Several of our critical founding hires came through this forum, a",WARM
remote_contract,"ParadeDB (YC S23, https://paradedb.com ) | Database Internals Engineers, Distributed Syste",ParadeDB,Direct hire/contract,Remote/US (see post),2026-06-24,https://news.ycombinator.com/item?id=48359945,,,Email/HN,"ParadeDB (YC S23, https://paradedb.com ) | Database Internals Engineers, Distributed Systems Engineers | Remote or hybrid in San Francisco | Full-time",WARM
remote_contract,Senior Sales Engineer - Delphix,Perforce,Full-time remote,Anywhere in the World,2026-06-24,https://weworkremotely.com/remote-jobs/perforce-senior-sales-engineer-delphix,,,WeWorkRemotely,"&lt;img src=""https://we-work-remotely.imgix.net/logos/0171/5557/logo.gif?ixlib=rails-4.0.0&amp;w=50&amp;h=50&amp;dpr=2&amp;fit=fill&amp;auto=compress""",WARM
remote_contract,Perry Street Software | Remote (EU/LatAm/North America) | Senior DevOps/Ruby | Fulltime As,Perry Street Software,Direct hire/contract,Remote/US (see post),2026-06-24,https://news.ycombinator.com/item?id=48371138,,,Email/HN,"Perry Street Software | Remote (EU/LatAm/North America) | Senior DevOps/Ruby | Fulltime As a Senior DevOps Engineer, you will help run the cloud infra",WARM
remote_contract,581321 DevOps Engineer Testing (all genders),Philips Deutschland,Full-time remote,BADEN_WUERTTEMBERG,2026-06-24,https://weworkremotely.com/remote-jobs/philips-deutschland-581321-devops-engineer-testing-all-genders,,,WeWorkRemotely,"&lt;img src=""https://we-work-remotely.imgix.net/logos/0171/5594/logo.gif?ixlib=rails-4.0.0&amp;w=50&amp;h=50&amp;dpr=2&amp;fit=fill&amp;auto=compress""",WARM
remote_contract,"Piramidal | Senior Backend, Infra, Frontend Engineers | NYC onsite | Full-time Piramidal i",Piramidal,Direct hire/contract,Remote/US (see post),2026-06-24,https://news.ycombinator.com/item?id=48399476,,,Email/HN,"Piramidal | Senior Backend, Infra, Frontend Engineers | NYC onsite | Full-time Piramidal is looking for senior software engineers - frontend, backend,",WARM
remote_contract,Pomelo Care| Remote (US) First with offices in NYC and SF We’re building a healthier futur,Pomelo Care,Direct hire/contract,Remote/US (see post),2026-06-24,https://news.ycombinator.com/item?id=48370094,,,Email/HN,"Pomelo Care| Remote (US) First with offices in NYC and SF We’re building a healthier future for women and children. We combine clinical excellence, hu",WARM
remote_contract,PrairieLearn (Remote US) — Full-Stack Software Engineer — TypeScript / Postgres / React /,PrairieLearn,Direct hire/contract,Remote/US (see post),2026-06-24,https://news.ycombinator.com/item?id=48359483,,,Email/HN,PrairieLearn (Remote US) — Full-Stack Software Engineer — TypeScript / Postgres / React / AI PrairieLearn ( https://www.prairielearn.com ) is an open-,WARM
remote_contract,DevOps e Platform Sênior| Remoto,Premiersoft,Full-time remote,Anywhere in the World,2026-06-24,https://weworkremotely.com/remote-jobs/premiersoft-devops-e-platform-senior-remoto,,,WeWorkRemotely,"&lt;p&gt;   &lt;strong&gt;Headquarters:&lt;/strong&gt; BR     &lt;br /&gt;&lt;strong&gt;URL:&lt;/strong&gt; &lt;a href=""http://premiersoft.net""&gt;htt",WARM
remote_contract,Engenheiro DevOps (GitHub e CI/CD) | Remoto,Premiersoft,Full-time remote,Anywhere in the World,2026-06-24,https://weworkremotely.com/remote-jobs/premiersoft-engenheiro-devops-github-e-ci-cd-remoto,,,WeWorkRemotely,"&lt;p&gt;   &lt;strong&gt;Headquarters:&lt;/strong&gt; BR     &lt;br /&gt;&lt;strong&gt;URL:&lt;/strong&gt; &lt;a href=""http://premiersoft.net""&gt;htt",WARM
remote_contract,Prior Labs | Berlin / Freiburg / NYC | ONSITE | Full-time | Multiple Roles | priorlabs.ai,Prior Labs,Direct hire/contract,Remote/US (see post),2026-06-24,https://news.ycombinator.com/item?id=48360453,,,Email/HN,Prior Labs | Berlin / Freiburg / NYC | ONSITE | Full-time | Multiple Roles | priorlabs.ai Deep learning transformed text and images but mostly skipped,WARM
remote_contract,"Prolific Machines | Senior Software Platform Engineer | On-site mostly (Emeryville, CA) |",Prolific Machines,Direct hire/contract,Remote/US (see post),2026-06-24,https://news.ycombinator.com/item?id=48454717,,,Email/HN,"Prolific Machines | Senior Software Platform Engineer | On-site mostly (Emeryville, CA) | Full-time | $160k–$210k + equity We use light to control how",WARM
remote_contract,"Puma.tech | Remote-first with PST overlap | iOS/MacOS, Android, Ai/ML, Growth | https://pu",Puma.tech,Direct hire/contract,Remote/US (see post),2026-06-24,https://news.ycombinator.com/item?id=48360581,,,Email/HN,"Puma.tech | Remote-first with PST overlap | iOS/MacOS, Android, Ai/ML, Growth | https://puma.tech Hi all, I’m Yuriy, founder of Puma.tech. Prev. worke",WARM
remote_contract,Puntt AI | Forward Deployed Engineer + Senior Applied AI Engineer (Agentic Systems) | Onsi,Puntt AI,Direct hire/contract,Remote/US (see post),2026-06-24,https://news.ycombinator.com/item?id=48365790,,,Email/HN,Puntt AI | Forward Deployed Engineer + Senior Applied AI Engineer (Agentic Systems) | Onsite SF | Full-time Puntt AI is the system of record for enter,WARM
remote_contract,"Railtown AI | Head of Developer Relations | REMOTE (North America preferred) / Vancouver,",Railtown AI,Direct hire/contract,Remote/US (see post),2026-06-24,https://news.ycombinator.com/item?id=48376824,,,Email/HN,"Railtown AI | Head of Developer Relations | REMOTE (North America preferred) / Vancouver, BC | Full-time | $130k-$180k + equity | https://employmenthe",WARM
remote_contract,"Railway | Infra Eng-Storage, Infra Eng-Observability, Product Design, Infra Eng-General, P",Railway,Direct hire/contract,Remote/US (see post),2026-06-24,https://news.ycombinator.com/item?id=48361035,,,Email/HN,"Railway | Infra Eng-Storage, Infra Eng-Observability, Product Design, Infra Eng-General, Product Eng (full-stack) | REMOTE (Worldwide) | https://railw",WARM
remote_contract,"RealEstateU | Fullstack Engineer, MERN / LMS | REMOTE (UTC-01:00 to UTC+03:00) | Contract,",RealEstateU,Direct hire/contract,Remote/US (see post),2026-06-24,https://news.ycombinator.com/item?id=48368468,,,Email/HN,"RealEstateU | Fullstack Engineer, MERN / LMS | REMOTE (UTC-01:00 to UTC+03:00) | Contract, full-time We're a leading online U.S. real estate education",WARM
remote_contract,"Republic Services | AI Staff Engineer | WFH in Arizona preferably, will consider remote |",Republic Services,Direct hire/contract,Remote/US (see post),2026-06-24,https://news.ycombinator.com/item?id=48376099,,,Email/HN,"Republic Services | AI Staff Engineer | WFH in Arizona preferably, will consider remote | $132,600- $182,250 + Bonus We’re hiring an AI Staff Engineer",WARM
remote_contract,"Rerun | Remote | Stockholm, Sweden | Full-time https://rerun.io/ Rerun is the data layer f",Rerun,Direct hire/contract,Remote/US (see post),2026-06-24,https://news.ycombinator.com/item?id=48369847,,,Email/HN,"Rerun | Remote | Stockholm, Sweden | Full-time https://rerun.io/ Rerun is the data layer for Physical AI; robotics, autonomous systems, AR/VR, and oth",WARM
remote_contract,Return | REMOTE | BESS Optimization Developer (Python) | Full-time Return ( https://return,Return,Direct hire/contract,Remote/US (see post),2026-06-24,https://news.ycombinator.com/item?id=48408853,,,Email/HN,Return | REMOTE | BESS Optimization Developer (Python) | Full-time Return ( https://return.energy ) is hiring a developer who will build the software,WARM
remote_contract,"Principal DevOps Engineer – Build, Release and Cloud Automation",Revvity,Full-time remote,Anywhere in the World,2026-06-24,https://weworkremotely.com/remote-jobs/revvity-principal-devops-engineer-build-release-and-cloud-automation,,,WeWorkRemotely,"&lt;img src=""https://we-work-remotely.imgix.net/logos/0171/5512/logo.gif?ixlib=rails-4.0.0&amp;w=50&amp;h=50&amp;dpr=2&amp;fit=fill&amp;auto=compress""",WARM
remote_contract,"Root Managed Services, LLC | Network Engineers | Dallas, TX | https://rootmanagedservices.","Root Managed Services, LLC",Direct hire/contract,Remote/US (see post),2026-06-24,https://news.ycombinator.com/item?id=48366909,,,Email/HN,"Root Managed Services, LLC | Network Engineers | Dallas, TX | https://rootmanagedservices.com Hey HN! I'm Ian, one of the founders of Root Managed Ser",WARM
remote_contract,"Rootly | Design, Engineering, GTM, Legal, Product, Sales| Hybrid (Toronto), Remote (APAC)",Rootly,Direct hire/contract,Remote/US (see post),2026-06-24,https://news.ycombinator.com/item?id=48361614,,,Email/HN,"Rootly | Design, Engineering, GTM, Legal, Product, Sales| Hybrid (Toronto), Remote (APAC) | Full-time We provide an on-call, incident management, and",WARM
remote_contract,Staff DevOps Engineer,Runware,Full-time remote,Anywhere in the World,2026-06-24,https://weworkremotely.com/remote-jobs/runware-staff-devops-engineer,,,WeWorkRemotely,"&lt;img src=""https://we-work-remotely.imgix.net/logos/0171/5509/logo.gif?ixlib=rails-4.0.0&amp;w=50&amp;h=50&amp;dpr=2&amp;fit=fill&amp;auto=compress""",WARM
remote_contract,Runway | Multiple Engineering & Research roles | Remote (global) | Full-time Runway is bui,Runway,Direct hire/contract,Remote/US (see post),2026-06-24,https://news.ycombinator.com/item?id=48363323,,,Email/HN,Runway | Multiple Engineering & Research roles | Remote (global) | Full-time Runway is building AI to simulate the world — merging art and science. We,WARM
remote_contract,"Second Nature | Staff Software Engineer (Engineering AI Team), Staff Software Engineer, Se",Second Nature,Direct hire/contract,Remote/US (see post),2026-06-24,https://news.ycombinator.com/item?id=48403016,,,Email/HN,"Second Nature | Staff Software Engineer (Engineering AI Team), Staff Software Engineer, Senior Software Engineer, Engineering Manager | REMOTE (US) |",WARM
remote_contract,SecureBio Detection | Senior infrastructure engineer; [senior] software engineer (high-per,SecureBio Detection,Direct hire/contract,Remote/US (see post),2026-06-24,https://news.ycombinator.com/item?id=48361869,,,Email/HN,"SecureBio Detection | Senior infrastructure engineer; [senior] software engineer (high-performance pipelines) Cambridge, MA, USA (metro Boston) | ONSI",WARM
remote_contract,"Seeq | https://seeq.com | Staff Software Engineer (Frontend, Backend, Platform) | REMOTE (",Seeq,Direct hire/contract,Remote/US (see post),2026-06-24,https://news.ycombinator.com/item?id=48362756,,,Email/HN,"Seeq | https://seeq.com | Staff Software Engineer (Frontend, Backend, Platform) | REMOTE (Some crossover w/ PST required) | Full-time | $170k + annual",WARM
remote_contract,"Sheer Health ( https://www.sheerhealth.com ) | New York, NY | Full-Time | ONSITE If you or",Sheer Health,Direct hire/contract,Remote/US (see post),2026-06-24,https://news.ycombinator.com/item?id=48358312,,,Email/HN,"Sheer Health ( https://www.sheerhealth.com ) | New York, NY | Full-Time | ONSITE If you or a loved one has ever suffered from confusing/egregious medi",WARM
remote_contract,"Shepherd (Series B) | ONSITE | San Francisco, CA At Shepherd, we're pursuing the most ambi",Shepherd,Direct hire/contract,Remote/US (see post),2026-06-24,https://news.ycombinator.com/item?id=48357800,,,Email/HN,"Shepherd (Series B) | ONSITE | San Francisco, CA At Shepherd, we're pursuing the most ambitious technical vision in commercial insurance: fully autono",WARM
remote_contract,"Skydio | Robotics / Drones / Cloud / Web engineers | San Mateo CA, Zurich CH, or Hybrid |",Skydio,Direct hire/contract,Remote/US (see post),2026-06-24,https://news.ycombinator.com/item?id=48358393,,,Email/HN,"Skydio | Robotics / Drones / Cloud / Web engineers | San Mateo CA, Zurich CH, or Hybrid | https://www.skydio.com/careers Skydio is the leading U.S. dr",WARM
remote_contract,"Smarkets ( https://www.smarkets.com ) | Full Time | Hybrid - Onsite (London, UK) Smarkets",Smarkets,Direct hire/contract,Remote/US (see post),2026-06-24,https://news.ycombinator.com/item?id=48358281,,,Email/HN,"Smarkets ( https://www.smarkets.com ) | Full Time | Hybrid - Onsite (London, UK) Smarkets runs one of the world’s most sophisticated prediction market",WARM
remote_contract,"Snowflake | Forward Deployed Engineer | Menlo Park, CA | ONSITE I’m part of Snowflake’s Ap",Snowflake,Direct hire/contract,Remote/US (see post),2026-06-24,https://news.ycombinator.com/item?id=48365048,,,Email/HN,"Snowflake | Forward Deployed Engineer | Menlo Park, CA | ONSITE I’m part of Snowflake’s Applied AI / Forward Deployed Engineering team, and we’re hiri",WARM
remote_contract,Spacelift | Remote (Europe) | Full-time | Senior Software Engineer | $80k-$110k+ (can go h,Spacelift,Direct hire/contract,Remote/US (see post),2026-06-24,https://news.ycombinator.com/item?id=48360601,,,Email/HN,Spacelift | Remote (Europe) | Full-time | Senior Software Engineer | $80k-$110k+ (can go higher) We're a VC-funded startup (recently raised $51M Serie,WARM
remote_contract,"Stellar Science | Hybrid (USA) Albuquerque NM, Washington DC (Tysons VA), Dayton OH | Full",Stellar Science,Direct hire/contract,Remote/US (see post),2026-06-24,https://news.ycombinator.com/item?id=48365417,,,Email/HN,"Stellar Science | Hybrid (USA) Albuquerque NM, Washington DC (Tysons VA), Dayton OH | Full time, interns/co-ops | U.S. citizenship required | https://",WARM
remote_contract,Stream ( https://getstream.io/ ) | Staff Database Reliability Engineer - PostgreSQL | Amst,Stream,Direct hire/contract,Remote/US (see post),2026-06-24,https://news.ycombinator.com/item?id=48399822,,,Email/HN,Stream ( https://getstream.io/ ) | Staff Database Reliability Engineer - PostgreSQL | Amsterdam or Remote (Europe) | Full-time | Visa Sponsorship Stre,WARM
remote_contract,Subtle Medical | North America | Full Time | Remote | https://subtlemedical.com/ Subtle Me,Subtle Medical,Direct hire/contract,Remote/US (see post),2026-06-24,https://news.ycombinator.com/item?id=48359673,,,Email/HN,"Subtle Medical | North America | Full Time | Remote | https://subtlemedical.com/ Subtle Medical is a global leader in AI-powered medical imaging, usin",WARM
remote_contract,Sumble | Multiple Roles | Remote (US)| Full-time Sumble is the newco from the founders of,Sumble,Direct hire/contract,Remote/US (see post),2026-06-24,https://news.ycombinator.com/item?id=48358075,,,Email/HN,"Sumble | Multiple Roles | Remote (US)| Full-time Sumble is the newco from the founders of Kaggle. We are hiring full stack engineers, ai/ml engineers",WARM
remote_contract,Temporal Technologies | Multiple positions in United States - WORK FROM HOME | FULL-TIME |,Temporal Technologies,Direct hire/contract,Remote/US (see post),2026-06-24,https://news.ycombinator.com/item?id=48357890,,,Email/HN,Temporal Technologies | Multiple positions in United States - WORK FROM HOME | FULL-TIME | Temporal offers an entirely new way to build scalable and r,WARM
remote_contract,"Tenki Cloud by Luxor Tech | San Francisco, CA | Head of Developer Relations | Full-time |",Tenki Cloud by Luxor Tech,Direct hire/contract,Remote/US (see post),2026-06-24,https://news.ycombinator.com/item?id=48371773,,,Email/HN,"Tenki Cloud by Luxor Tech | San Francisco, CA | Head of Developer Relations | Full-time | Remote (SF-based required for event assistance) | https://te",WARM
remote_contract,Tetsuwan Scientific | Software Engineer | San Francisco (SoMa) | ONSITE | Full-time | $140,Tetsuwan Scientific,Direct hire/contract,Remote/US (see post),2026-06-24,https://news.ycombinator.com/item?id=48406760,,,Email/HN,Tetsuwan Scientific | Software Engineer | San Francisco (SoMa) | ONSITE | Full-time | $140K–$180K + equity | https://tetsuwan.com We work with robots,WARM
remote_contract,"Trace Labs | Remote (USA) | Full Time | https://tracelabs.ai/ Want to join a lean, ambitio",Trace Labs,Direct hire/contract,Remote/US (see post),2026-06-24,https://news.ycombinator.com/item?id=48387732,,,Email/HN,"Trace Labs | Remote (USA) | Full Time | https://tracelabs.ai/ Want to join a lean, ambitious, and fast growing startup? Trace is building the data inf",WARM
remote_contract,"Trax | Analytics Engineer | REMOTE CST (Philippines, Costa Rica, US) | Full-time Contract",Trax,Direct hire/contract,Remote/US (see post),2026-06-24,https://news.ycombinator.com/item?id=48360825,,,Email/HN,"Trax | Analytics Engineer | REMOTE CST (Philippines, Costa Rica, US) | Full-time Contract We're hiring an Analytics Engineer to help power our future.",WARM
remote_contract,Treasure AI | Staff Engineers (Fullstack/Backend) | HYBRID (Tokyo & Vancouver) | Full Time,Treasure AI,Direct hire/contract,Remote/US (see post),2026-06-24,https://news.ycombinator.com/item?id=48358221,,,Email/HN,Treasure AI | Staff Engineers (Fullstack/Backend) | HYBRID (Tokyo & Vancouver) | Full Time | https://www.treasure.ai/ You may know us from our open-so,WARM
remote_contract,Virtasant (virtasant.com) | USA | Sr. Data Engineer | Full-time | 100% remote (within cont,Virtasant,Direct hire/contract,Remote/US (see post),2026-06-24,https://news.ycombinator.com/item?id=48367716,,,Email/HN,Virtasant (virtasant.com) | USA | Sr. Data Engineer | Full-time | 100% remote (within contiguous USA) Virtasant is both a cloud optimization company (,WARM
remote_contract,Professor(a)-autor(a) | Curadoria e Validação de Conteúdo - MICROSERVICES COM NODE.JS E ME,Vitru Educação,Full-time remote,Anywhere in the World,2026-06-24,https://weworkremotely.com/remote-jobs/vitru-educacao-professor-a-autor-a-curadoria-e-validacao-de-conteudo-microservices-com-node-js-e-message,,,WeWorkRemotely,"&lt;p&gt;   &lt;strong&gt;Headquarters:&lt;/strong&gt; BR     &lt;br /&gt;&lt;strong&gt;URL:&lt;/strong&gt; &lt;a href=""http://vitru.com.br""&gt;http:/",WARM
remote_contract,Wand | Senior Windows C++ Engineer | REMOTE (US Eastern timezone overlap required) | Full-,Wand,Direct hire/contract,Remote/US (see post),2026-06-24,https://news.ycombinator.com/item?id=48389476,,,Email/HN,Wand | Senior Windows C++ Engineer | REMOTE (US Eastern timezone overlap required) | Full-time Wand (40M+ gamers) builds the augmentation and intellig,WARM
remote_contract,Xata | Backend Engineer | Remote (Europe or East Coast US) | Full-time Xata is building Po,Xata,Direct hire/contract,Remote/US (see post),2026-06-24,https://news.ycombinator.com/item?id=48403593,,,Email/HN,Xata | Backend Engineer | Remote (Europe or East Coast US) | Full-time Xata is building Postgres for agentic workloads. As AI agents become software’s,WARM
remote_contract,"yeet | Chicago, IL / Remote | Full-Time Building a dynamic runtime on top of the Linux BPF",yeet,Direct hire/contract,Remote/US (see post),2026-06-24,https://news.ycombinator.com/item?id=48360194,,,Email/HN,"yeet | Chicago, IL / Remote | Full-Time Building a dynamic runtime on top of the Linux BPF sub-system. Looking for extremely talented / passionate Rus",WARM
security,NATO Business Opportunity: Tier 2 & 3 Uplift of the SIEM,BUREAU OF INDUSTRY AND SECURITY,Gov contract,,2026-06-10,https://sam.gov/opp/e72ccdc220d54d878eb3c1f215c63f40/view,,,SAM.gov portal,Special Notice | resp 2026-07-29 | NAICS 541519,WARM
security,NATO Business Opportunity: Tier 2 Tools and Security Systems Uplift,BUREAU OF INDUSTRY AND SECURITY,Gov contract,,2026-06-10,https://sam.gov/opp/7105948ced88468ab0dbf28ed78f6592/view,,,SAM.gov portal,Special Notice | resp 2026-07-29 | NAICS 541519,WARM
security,Persistent Cyber Training Environment (PCTE) Cyber Range Development Software Application Project (Simulated Internet for Cyber Range Training Events),W6QK ACC-ORLANDO,Gov contract,"ORLANDO, FL",2026-06-22,https://sam.gov/opp/b6b00811ee9a49f1b4c32965c89dd696/view,,,SAM.gov portal,Sources Sought | resp 2026-07-14 | NAICS 541519,WARM
